# Blender 4.0.0
# www.blender.org
mtllib cube_16.mtl
o Cube
v -0.500000 -0.500000 0.500000
v -0.433333 -0.500000 0.500000
v -0.366667 -0.500000 0.500000
v -0.300000 -0.500000 0.500000
v -0.233333 -0.500000 0.500000
v -0.166667 -0.500000 0.500000
v -0.100000 -0.500000 0.500000
v -0.033333 -0.500000 0.500000
v 0.033333 -0.500000 0.500000
v 0.100000 -0.500000 0.500000
v 0.166667 -0.500000 0.500000
v 0.233333 -0.500000 0.500000
v 0.300000 -0.500000 0.500000
v 0.366667 -0.500000 0.500000
v 0.433333 -0.500000 0.500000
v 0.500000 -0.500000 0.500000
v -0.500000 -0.500000 0.433333
v -0.433333 -0.500000 0.433333
v -0.366667 -0.500000 0.433333
v -0.300000 -0.500000 0.433333
v -0.233333 -0.500000 0.433333
v -0.166667 -0.500000 0.433333
v -0.100000 -0.500000 0.433333
v -0.033333 -0.500000 0.433333
v 0.033333 -0.500000 0.433333
v 0.100000 -0.500000 0.433333
v 0.166667 -0.500000 0.433333
v 0.233333 -0.500000 0.433333
v 0.300000 -0.500000 0.433333
v 0.366667 -0.500000 0.433333
v 0.433333 -0.500000 0.433333
v 0.500000 -0.500000 0.433333
v -0.500000 -0.500000 0.366667
v -0.433333 -0.500000 0.366667
v -0.366667 -0.500000 0.366667
v -0.300000 -0.500000 0.366667
v -0.233333 -0.500000 0.366667
v -0.166667 -0.500000 0.366667
v -0.100000 -0.500000 0.366667
v -0.033333 -0.500000 0.366667
v 0.033333 -0.500000 0.366667
v 0.100000 -0.500000 0.366667
v 0.166667 -0.500000 0.366667
v 0.233333 -0.500000 0.366667
v 0.300000 -0.500000 0.366667
v 0.366667 -0.500000 0.366667
v 0.433333 -0.500000 0.366667
v 0.500000 -0.500000 0.366667
v -0.500000 -0.500000 0.300000
v -0.433333 -0.500000 0.300000
v -0.366667 -0.500000 0.300000
v -0.300000 -0.500000 0.300000
v -0.233333 -0.500000 0.300000
v -0.166667 -0.500000 0.300000
v -0.100000 -0.500000 0.300000
v -0.033333 -0.500000 0.300000
v 0.033333 -0.500000 0.300000
v 0.100000 -0.500000 0.300000
v 0.166667 -0.500000 0.300000
v 0.233333 -0.500000 0.300000
v 0.300000 -0.500000 0.300000
v 0.366667 -0.500000 0.300000
v 0.433333 -0.500000 0.300000
v 0.500000 -0.500000 0.300000
v -0.500000 -0.500000 0.233333
v -0.433333 -0.500000 0.233333
v -0.366667 -0.500000 0.233333
v -0.300000 -0.500000 0.233333
v -0.233333 -0.500000 0.233333
v -0.166667 -0.500000 0.233333
v -0.100000 -0.500000 0.233333
v -0.033333 -0.500000 0.233333
v 0.033333 -0.500000 0.233333
v 0.100000 -0.500000 0.233333
v 0.166667 -0.500000 0.233333
v 0.233333 -0.500000 0.233333
v 0.300000 -0.500000 0.233333
v 0.366667 -0.500000 0.233333
v 0.433333 -0.500000 0.233333
v 0.500000 -0.500000 0.233333
v -0.500000 -0.500000 0.166667
v -0.433333 -0.500000 0.166667
v -0.366667 -0.500000 0.166667
v -0.300000 -0.500000 0.166667
v -0.233333 -0.500000 0.166667
v -0.166667 -0.500000 0.166667
v -0.100000 -0.500000 0.166667
v -0.033333 -0.500000 0.166667
v 0.033333 -0.500000 0.166667
v 0.100000 -0.500000 0.166667
v 0.166667 -0.500000 0.166667
v 0.233333 -0.500000 0.166667
v 0.300000 -0.500000 0.166667
v 0.366667 -0.500000 0.166667
v 0.433333 -0.500000 0.166667
v 0.500000 -0.500000 0.166667
v -0.500000 -0.500000 0.100000
v -0.433333 -0.500000 0.100000
v -0.366667 -0.500000 0.100000
v -0.300000 -0.500000 0.100000
v -0.233333 -0.500000 0.100000
v -0.166667 -0.500000 0.100000
v -0.100000 -0.500000 0.100000
v -0.033333 -0.500000 0.100000
v 0.033333 -0.500000 0.100000
v 0.100000 -0.500000 0.100000
v 0.166667 -0.500000 0.100000
v 0.233333 -0.500000 0.100000
v 0.300000 -0.500000 0.100000
v 0.366667 -0.500000 0.100000
v 0.433333 -0.500000 0.100000
v 0.500000 -0.500000 0.100000
v -0.500000 -0.500000 0.033333
v -0.433333 -0.500000 0.033333
v -0.366667 -0.500000 0.033333
v -0.300000 -0.500000 0.033333
v -0.233333 -0.500000 0.033333
v -0.166667 -0.500000 0.033333
v -0.100000 -0.500000 0.033333
v -0.033333 -0.500000 0.033333
v 0.033333 -0.500000 0.033333
v 0.100000 -0.500000 0.033333
v 0.166667 -0.500000 0.033333
v 0.233333 -0.500000 0.033333
v 0.300000 -0.500000 0.033333
v 0.366667 -0.500000 0.033333
v 0.433333 -0.500000 0.033333
v 0.500000 -0.500000 0.033333
v -0.500000 -0.500000 -0.033333
v -0.433333 -0.500000 -0.033333
v -0.366667 -0.500000 -0.033333
v -0.300000 -0.500000 -0.033333
v -0.233333 -0.500000 -0.033333
v -0.166667 -0.500000 -0.033333
v -0.100000 -0.500000 -0.033333
v -0.033333 -0.500000 -0.033333
v 0.033333 -0.500000 -0.033333
v 0.100000 -0.500000 -0.033333
v 0.166667 -0.500000 -0.033333
v 0.233333 -0.500000 -0.033333
v 0.300000 -0.500000 -0.033333
v 0.366667 -0.500000 -0.033333
v 0.433333 -0.500000 -0.033333
v 0.500000 -0.500000 -0.033333
v -0.500000 -0.500000 -0.100000
v -0.433333 -0.500000 -0.100000
v -0.366667 -0.500000 -0.100000
v -0.300000 -0.500000 -0.100000
v -0.233333 -0.500000 -0.100000
v -0.166667 -0.500000 -0.100000
v -0.100000 -0.500000 -0.100000
v -0.033333 -0.500000 -0.100000
v 0.033333 -0.500000 -0.100000
v 0.100000 -0.500000 -0.100000
v 0.166667 -0.500000 -0.100000
v 0.233333 -0.500000 -0.100000
v 0.300000 -0.500000 -0.100000
v 0.366667 -0.500000 -0.100000
v 0.433333 -0.500000 -0.100000
v 0.500000 -0.500000 -0.100000
v -0.500000 -0.500000 -0.166667
v -0.433333 -0.500000 -0.166667
v -0.366667 -0.500000 -0.166667
v -0.300000 -0.500000 -0.166667
v -0.233333 -0.500000 -0.166667
v -0.166667 -0.500000 -0.166667
v -0.100000 -0.500000 -0.166667
v -0.033333 -0.500000 -0.166667
v 0.033333 -0.500000 -0.166667
v 0.100000 -0.500000 -0.166667
v 0.166667 -0.500000 -0.166667
v 0.233333 -0.500000 -0.166667
v 0.300000 -0.500000 -0.166667
v 0.366667 -0.500000 -0.166667
v 0.433333 -0.500000 -0.166667
v 0.500000 -0.500000 -0.166667
v -0.500000 -0.500000 -0.233333
v -0.433333 -0.500000 -0.233333
v -0.366667 -0.500000 -0.233333
v -0.300000 -0.500000 -0.233333
v -0.233333 -0.500000 -0.233333
v -0.166667 -0.500000 -0.233333
v -0.100000 -0.500000 -0.233333
v -0.033333 -0.500000 -0.233333
v 0.033333 -0.500000 -0.233333
v 0.100000 -0.500000 -0.233333
v 0.166667 -0.500000 -0.233333
v 0.233333 -0.500000 -0.233333
v 0.300000 -0.500000 -0.233333
v 0.366667 -0.500000 -0.233333
v 0.433333 -0.500000 -0.233333
v 0.500000 -0.500000 -0.233333
v -0.500000 -0.500000 -0.300000
v -0.433333 -0.500000 -0.300000
v -0.366667 -0.500000 -0.300000
v -0.300000 -0.500000 -0.300000
v -0.233333 -0.500000 -0.300000
v -0.166667 -0.500000 -0.300000
v -0.100000 -0.500000 -0.300000
v -0.033333 -0.500000 -0.300000
v 0.033333 -0.500000 -0.300000
v 0.100000 -0.500000 -0.300000
v 0.166667 -0.500000 -0.300000
v 0.233333 -0.500000 -0.300000
v 0.300000 -0.500000 -0.300000
v 0.366667 -0.500000 -0.300000
v 0.433333 -0.500000 -0.300000
v 0.500000 -0.500000 -0.300000
v -0.500000 -0.500000 -0.366667
v -0.433333 -0.500000 -0.366667
v -0.366667 -0.500000 -0.366667
v -0.300000 -0.500000 -0.366667
v -0.233333 -0.500000 -0.366667
v -0.166667 -0.500000 -0.366667
v -0.100000 -0.500000 -0.366667
v -0.033333 -0.500000 -0.366667
v 0.033333 -0.500000 -0.366667
v 0.100000 -0.500000 -0.366667
v 0.166667 -0.500000 -0.366667
v 0.233333 -0.500000 -0.366667
v 0.300000 -0.500000 -0.366667
v 0.366667 -0.500000 -0.366667
v 0.433333 -0.500000 -0.366667
v 0.500000 -0.500000 -0.366667
v -0.500000 -0.500000 -0.433333
v -0.433333 -0.500000 -0.433333
v -0.366667 -0.500000 -0.433333
v -0.300000 -0.500000 -0.433333
v -0.233333 -0.500000 -0.433333
v -0.166667 -0.500000 -0.433333
v -0.100000 -0.500000 -0.433333
v -0.033333 -0.500000 -0.433333
v 0.033333 -0.500000 -0.433333
v 0.100000 -0.500000 -0.433333
v 0.166667 -0.500000 -0.433333
v 0.233333 -0.500000 -0.433333
v 0.300000 -0.500000 -0.433333
v 0.366667 -0.500000 -0.433333
v 0.433333 -0.500000 -0.433333
v 0.500000 -0.500000 -0.433333
v -0.500000 -0.500000 -0.500000
v -0.433333 -0.500000 -0.500000
v -0.366667 -0.500000 -0.500000
v -0.300000 -0.500000 -0.500000
v -0.233333 -0.500000 -0.500000
v -0.166667 -0.500000 -0.500000
v -0.100000 -0.500000 -0.500000
v -0.033333 -0.500000 -0.500000
v 0.033333 -0.500000 -0.500000
v 0.100000 -0.500000 -0.500000
v 0.166667 -0.500000 -0.500000
v 0.233333 -0.500000 -0.500000
v 0.300000 -0.500000 -0.500000
v 0.366667 -0.500000 -0.500000
v 0.433333 -0.500000 -0.500000
v 0.500000 -0.500000 -0.500000
v -0.500000 -0.433333 0.500000
v -0.433333 -0.433333 0.500000
v -0.366667 -0.433333 0.500000
v -0.300000 -0.433333 0.500000
v -0.233333 -0.433333 0.500000
v -0.166667 -0.433333 0.500000
v -0.100000 -0.433333 0.500000
v -0.033333 -0.433333 0.500000
v 0.033333 -0.433333 0.500000
v 0.100000 -0.433333 0.500000
v 0.166667 -0.433333 0.500000
v 0.233333 -0.433333 0.500000
v 0.300000 -0.433333 0.500000
v 0.366667 -0.433333 0.500000
v 0.433333 -0.433333 0.500000
v 0.500000 -0.433333 0.500000
v -0.500000 -0.433333 0.433333
v 0.500000 -0.433333 0.433333
v -0.500000 -0.433333 0.366667
v 0.500000 -0.433333 0.366667
v -0.500000 -0.433333 0.300000
v 0.500000 -0.433333 0.300000
v -0.500000 -0.433333 0.233333
v 0.500000 -0.433333 0.233333
v -0.500000 -0.433333 0.166667
v 0.500000 -0.433333 0.166667
v -0.500000 -0.433333 0.100000
v 0.500000 -0.433333 0.100000
v -0.500000 -0.433333 0.033333
v 0.500000 -0.433333 0.033333
v -0.500000 -0.433333 -0.033333
v 0.500000 -0.433333 -0.033333
v -0.500000 -0.433333 -0.100000
v 0.500000 -0.433333 -0.100000
v -0.500000 -0.433333 -0.166667
v 0.500000 -0.433333 -0.166667
v -0.500000 -0.433333 -0.233333
v 0.500000 -0.433333 -0.233333
v -0.500000 -0.433333 -0.300000
v 0.500000 -0.433333 -0.300000
v -0.500000 -0.433333 -0.366667
v 0.500000 -0.433333 -0.366667
v -0.500000 -0.433333 -0.433333
v 0.500000 -0.433333 -0.433333
v -0.500000 -0.433333 -0.500000
v -0.433333 -0.433333 -0.500000
v -0.366667 -0.433333 -0.500000
v -0.300000 -0.433333 -0.500000
v -0.233333 -0.433333 -0.500000
v -0.166667 -0.433333 -0.500000
v -0.100000 -0.433333 -0.500000
v -0.033333 -0.433333 -0.500000
v 0.033333 -0.433333 -0.500000
v 0.100000 -0.433333 -0.500000
v 0.166667 -0.433333 -0.500000
v 0.233333 -0.433333 -0.500000
v 0.300000 -0.433333 -0.500000
v 0.366667 -0.433333 -0.500000
v 0.433333 -0.433333 -0.500000
v 0.500000 -0.433333 -0.500000
v -0.500000 -0.366667 0.500000
v -0.433333 -0.366667 0.500000
v -0.366667 -0.366667 0.500000
v -0.300000 -0.366667 0.500000
v -0.233333 -0.366667 0.500000
v -0.166667 -0.366667 0.500000
v -0.100000 -0.366667 0.500000
v -0.033333 -0.366667 0.500000
v 0.033333 -0.366667 0.500000
v 0.100000 -0.366667 0.500000
v 0.166667 -0.366667 0.500000
v 0.233333 -0.366667 0.500000
v 0.300000 -0.366667 0.500000
v 0.366667 -0.366667 0.500000
v 0.433333 -0.366667 0.500000
v 0.500000 -0.366667 0.500000
v -0.500000 -0.366667 0.433333
v 0.500000 -0.366667 0.433333
v -0.500000 -0.366667 0.366667
v 0.500000 -0.366667 0.366667
v -0.500000 -0.366667 0.300000
v 0.500000 -0.366667 0.300000
v -0.500000 -0.366667 0.233333
v 0.500000 -0.366667 0.233333
v -0.500000 -0.366667 0.166667
v 0.500000 -0.366667 0.166667
v -0.500000 -0.366667 0.100000
v 0.500000 -0.366667 0.100000
v -0.500000 -0.366667 0.033333
v 0.500000 -0.366667 0.033333
v -0.500000 -0.366667 -0.033333
v 0.500000 -0.366667 -0.033333
v -0.500000 -0.366667 -0.100000
v 0.500000 -0.366667 -0.100000
v -0.500000 -0.366667 -0.166667
v 0.500000 -0.366667 -0.166667
v -0.500000 -0.366667 -0.233333
v 0.500000 -0.366667 -0.233333
v -0.500000 -0.366667 -0.300000
v 0.500000 -0.366667 -0.300000
v -0.500000 -0.366667 -0.366667
v 0.500000 -0.366667 -0.366667
v -0.500000 -0.366667 -0.433333
v 0.500000 -0.366667 -0.433333
v -0.500000 -0.366667 -0.500000
v -0.433333 -0.366667 -0.500000
v -0.366667 -0.366667 -0.500000
v -0.300000 -0.366667 -0.500000
v -0.233333 -0.366667 -0.500000
v -0.166667 -0.366667 -0.500000
v -0.100000 -0.366667 -0.500000
v -0.033333 -0.366667 -0.500000
v 0.033333 -0.366667 -0.500000
v 0.100000 -0.366667 -0.500000
v 0.166667 -0.366667 -0.500000
v 0.233333 -0.366667 -0.500000
v 0.300000 -0.366667 -0.500000
v 0.366667 -0.366667 -0.500000
v 0.433333 -0.366667 -0.500000
v 0.500000 -0.366667 -0.500000
v -0.500000 -0.300000 0.500000
v -0.433333 -0.300000 0.500000
v -0.366667 -0.300000 0.500000
v -0.300000 -0.300000 0.500000
v -0.233333 -0.300000 0.500000
v -0.166667 -0.300000 0.500000
v -0.100000 -0.300000 0.500000
v -0.033333 -0.300000 0.500000
v 0.033333 -0.300000 0.500000
v 0.100000 -0.300000 0.500000
v 0.166667 -0.300000 0.500000
v 0.233333 -0.300000 0.500000
v 0.300000 -0.300000 0.500000
v 0.366667 -0.300000 0.500000
v 0.433333 -0.300000 0.500000
v 0.500000 -0.300000 0.500000
v -0.500000 -0.300000 0.433333
v 0.500000 -0.300000 0.433333
v -0.500000 -0.300000 0.366667
v 0.500000 -0.300000 0.366667
v -0.500000 -0.300000 0.300000
v 0.500000 -0.300000 0.300000
v -0.500000 -0.300000 0.233333
v 0.500000 -0.300000 0.233333
v -0.500000 -0.300000 0.166667
v 0.500000 -0.300000 0.166667
v -0.500000 -0.300000 0.100000
v 0.500000 -0.300000 0.100000
v -0.500000 -0.300000 0.033333
v 0.500000 -0.300000 0.033333
v -0.500000 -0.300000 -0.033333
v 0.500000 -0.300000 -0.033333
v -0.500000 -0.300000 -0.100000
v 0.500000 -0.300000 -0.100000
v -0.500000 -0.300000 -0.166667
v 0.500000 -0.300000 -0.166667
v -0.500000 -0.300000 -0.233333
v 0.500000 -0.300000 -0.233333
v -0.500000 -0.300000 -0.300000
v 0.500000 -0.300000 -0.300000
v -0.500000 -0.300000 -0.366667
v 0.500000 -0.300000 -0.366667
v -0.500000 -0.300000 -0.433333
v 0.500000 -0.300000 -0.433333
v -0.500000 -0.300000 -0.500000
v -0.433333 -0.300000 -0.500000
v -0.366667 -0.300000 -0.500000
v -0.300000 -0.300000 -0.500000
v -0.233333 -0.300000 -0.500000
v -0.166667 -0.300000 -0.500000
v -0.100000 -0.300000 -0.500000
v -0.033333 -0.300000 -0.500000
v 0.033333 -0.300000 -0.500000
v 0.100000 -0.300000 -0.500000
v 0.166667 -0.300000 -0.500000
v 0.233333 -0.300000 -0.500000
v 0.300000 -0.300000 -0.500000
v 0.366667 -0.300000 -0.500000
v 0.433333 -0.300000 -0.500000
v 0.500000 -0.300000 -0.500000
v -0.500000 -0.233333 0.500000
v -0.433333 -0.233333 0.500000
v -0.366667 -0.233333 0.500000
v -0.300000 -0.233333 0.500000
v -0.233333 -0.233333 0.500000
v -0.166667 -0.233333 0.500000
v -0.100000 -0.233333 0.500000
v -0.033333 -0.233333 0.500000
v 0.033333 -0.233333 0.500000
v 0.100000 -0.233333 0.500000
v 0.166667 -0.233333 0.500000
v 0.233333 -0.233333 0.500000
v 0.300000 -0.233333 0.500000
v 0.366667 -0.233333 0.500000
v 0.433333 -0.233333 0.500000
v 0.500000 -0.233333 0.500000
v -0.500000 -0.233333 0.433333
v 0.500000 -0.233333 0.433333
v -0.500000 -0.233333 0.366667
v 0.500000 -0.233333 0.366667
v -0.500000 -0.233333 0.300000
v 0.500000 -0.233333 0.300000
v -0.500000 -0.233333 0.233333
v 0.500000 -0.233333 0.233333
v -0.500000 -0.233333 0.166667
v 0.500000 -0.233333 0.166667
v -0.500000 -0.233333 0.100000
v 0.500000 -0.233333 0.100000
v -0.500000 -0.233333 0.033333
v 0.500000 -0.233333 0.033333
v -0.500000 -0.233333 -0.033333
v 0.500000 -0.233333 -0.033333
v -0.500000 -0.233333 -0.100000
v 0.500000 -0.233333 -0.100000
v -0.500000 -0.233333 -0.166667
v 0.500000 -0.233333 -0.166667
v -0.500000 -0.233333 -0.233333
v 0.500000 -0.233333 -0.233333
v -0.500000 -0.233333 -0.300000
v 0.500000 -0.233333 -0.300000
v -0.500000 -0.233333 -0.366667
v 0.500000 -0.233333 -0.366667
v -0.500000 -0.233333 -0.433333
v 0.500000 -0.233333 -0.433333
v -0.500000 -0.233333 -0.500000
v -0.433333 -0.233333 -0.500000
v -0.366667 -0.233333 -0.500000
v -0.300000 -0.233333 -0.500000
v -0.233333 -0.233333 -0.500000
v -0.166667 -0.233333 -0.500000
v -0.100000 -0.233333 -0.500000
v -0.033333 -0.233333 -0.500000
v 0.033333 -0.233333 -0.500000
v 0.100000 -0.233333 -0.500000
v 0.166667 -0.233333 -0.500000
v 0.233333 -0.233333 -0.500000
v 0.300000 -0.233333 -0.500000
v 0.366667 -0.233333 -0.500000
v 0.433333 -0.233333 -0.500000
v 0.500000 -0.233333 -0.500000
v -0.500000 -0.166667 0.500000
v -0.433333 -0.166667 0.500000
v -0.366667 -0.166667 0.500000
v -0.300000 -0.166667 0.500000
v -0.233333 -0.166667 0.500000
v -0.166667 -0.166667 0.500000
v -0.100000 -0.166667 0.500000
v -0.033333 -0.166667 0.500000
v 0.033333 -0.166667 0.500000
v 0.100000 -0.166667 0.500000
v 0.166667 -0.166667 0.500000
v 0.233333 -0.166667 0.500000
v 0.300000 -0.166667 0.500000
v 0.366667 -0.166667 0.500000
v 0.433333 -0.166667 0.500000
v 0.500000 -0.166667 0.500000
v -0.500000 -0.166667 0.433333
v 0.500000 -0.166667 0.433333
v -0.500000 -0.166667 0.366667
v 0.500000 -0.166667 0.366667
v -0.500000 -0.166667 0.300000
v 0.500000 -0.166667 0.300000
v -0.500000 -0.166667 0.233333
v 0.500000 -0.166667 0.233333
v -0.500000 -0.166667 0.166667
v 0.500000 -0.166667 0.166667
v -0.500000 -0.166667 0.100000
v 0.500000 -0.166667 0.100000
v -0.500000 -0.166667 0.033333
v 0.500000 -0.166667 0.033333
v -0.500000 -0.166667 -0.033333
v 0.500000 -0.166667 -0.033333
v -0.500000 -0.166667 -0.100000
v 0.500000 -0.166667 -0.100000
v -0.500000 -0.166667 -0.166667
v 0.500000 -0.166667 -0.166667
v -0.500000 -0.166667 -0.233333
v 0.500000 -0.166667 -0.233333
v -0.500000 -0.166667 -0.300000
v 0.500000 -0.166667 -0.300000
v -0.500000 -0.166667 -0.366667
v 0.500000 -0.166667 -0.366667
v -0.500000 -0.166667 -0.433333
v 0.500000 -0.166667 -0.433333
v -0.500000 -0.166667 -0.500000
v -0.433333 -0.166667 -0.500000
v -0.366667 -0.166667 -0.500000
v -0.300000 -0.166667 -0.500000
v -0.233333 -0.166667 -0.500000
v -0.166667 -0.166667 -0.500000
v -0.100000 -0.166667 -0.500000
v -0.033333 -0.166667 -0.500000
v 0.033333 -0.166667 -0.500000
v 0.100000 -0.166667 -0.500000
v 0.166667 -0.166667 -0.500000
v 0.233333 -0.166667 -0.500000
v 0.300000 -0.166667 -0.500000
v 0.366667 -0.166667 -0.500000
v 0.433333 -0.166667 -0.500000
v 0.500000 -0.166667 -0.500000
v -0.500000 -0.100000 0.500000
v -0.433333 -0.100000 0.500000
v -0.366667 -0.100000 0.500000
v -0.300000 -0.100000 0.500000
v -0.233333 -0.100000 0.500000
v -0.166667 -0.100000 0.500000
v -0.100000 -0.100000 0.500000
v -0.033333 -0.100000 0.500000
v 0.033333 -0.100000 0.500000
v 0.100000 -0.100000 0.500000
v 0.166667 -0.100000 0.500000
v 0.233333 -0.100000 0.500000
v 0.300000 -0.100000 0.500000
v 0.366667 -0.100000 0.500000
v 0.433333 -0.100000 0.500000
v 0.500000 -0.100000 0.500000
v -0.500000 -0.100000 0.433333
v 0.500000 -0.100000 0.433333
v -0.500000 -0.100000 0.366667
v 0.500000 -0.100000 0.366667
v -0.500000 -0.100000 0.300000
v 0.500000 -0.100000 0.300000
v -0.500000 -0.100000 0.233333
v 0.500000 -0.100000 0.233333
v -0.500000 -0.100000 0.166667
v 0.500000 -0.100000 0.166667
v -0.500000 -0.100000 0.100000
v 0.500000 -0.100000 0.100000
v -0.500000 -0.100000 0.033333
v 0.500000 -0.100000 0.033333
v -0.500000 -0.100000 -0.033333
v 0.500000 -0.100000 -0.033333
v -0.500000 -0.100000 -0.100000
v 0.500000 -0.100000 -0.100000
v -0.500000 -0.100000 -0.166667
v 0.500000 -0.100000 -0.166667
v -0.500000 -0.100000 -0.233333
v 0.500000 -0.100000 -0.233333
v -0.500000 -0.100000 -0.300000
v 0.500000 -0.100000 -0.300000
v -0.500000 -0.100000 -0.366667
v 0.500000 -0.100000 -0.366667
v -0.500000 -0.100000 -0.433333
v 0.500000 -0.100000 -0.433333
v -0.500000 -0.100000 -0.500000
v -0.433333 -0.100000 -0.500000
v -0.366667 -0.100000 -0.500000
v -0.300000 -0.100000 -0.500000
v -0.233333 -0.100000 -0.500000
v -0.166667 -0.100000 -0.500000
v -0.100000 -0.100000 -0.500000
v -0.033333 -0.100000 -0.500000
v 0.033333 -0.100000 -0.500000
v 0.100000 -0.100000 -0.500000
v 0.166667 -0.100000 -0.500000
v 0.233333 -0.100000 -0.500000
v 0.300000 -0.100000 -0.500000
v 0.366667 -0.100000 -0.500000
v 0.433333 -0.100000 -0.500000
v 0.500000 -0.100000 -0.500000
v -0.500000 -0.033333 0.500000
v -0.433333 -0.033333 0.500000
v -0.366667 -0.033333 0.500000
v -0.300000 -0.033333 0.500000
v -0.233333 -0.033333 0.500000
v -0.166667 -0.033333 0.500000
v -0.100000 -0.033333 0.500000
v -0.033333 -0.033333 0.500000
v 0.033333 -0.033333 0.500000
v 0.100000 -0.033333 0.500000
v 0.166667 -0.033333 0.500000
v 0.233333 -0.033333 0.500000
v 0.300000 -0.033333 0.500000
v 0.366667 -0.033333 0.500000
v 0.433333 -0.033333 0.500000
v 0.500000 -0.033333 0.500000
v -0.500000 -0.033333 0.433333
v 0.500000 -0.033333 0.433333
v -0.500000 -0.033333 0.366667
v 0.500000 -0.033333 0.366667
v -0.500000 -0.033333 0.300000
v 0.500000 -0.033333 0.300000
v -0.500000 -0.033333 0.233333
v 0.500000 -0.033333 0.233333
v -0.500000 -0.033333 0.166667
v 0.500000 -0.033333 0.166667
v -0.500000 -0.033333 0.100000
v 0.500000 -0.033333 0.100000
v -0.500000 -0.033333 0.033333
v 0.500000 -0.033333 0.033333
v -0.500000 -0.033333 -0.033333
v 0.500000 -0.033333 -0.033333
v -0.500000 -0.033333 -0.100000
v 0.500000 -0.033333 -0.100000
v -0.500000 -0.033333 -0.166667
v 0.500000 -0.033333 -0.166667
v -0.500000 -0.033333 -0.233333
v 0.500000 -0.033333 -0.233333
v -0.500000 -0.033333 -0.300000
v 0.500000 -0.033333 -0.300000
v -0.500000 -0.033333 -0.366667
v 0.500000 -0.033333 -0.366667
v -0.500000 -0.033333 -0.433333
v 0.500000 -0.033333 -0.433333
v -0.500000 -0.033333 -0.500000
v -0.433333 -0.033333 -0.500000
v -0.366667 -0.033333 -0.500000
v -0.300000 -0.033333 -0.500000
v -0.233333 -0.033333 -0.500000
v -0.166667 -0.033333 -0.500000
v -0.100000 -0.033333 -0.500000
v -0.033333 -0.033333 -0.500000
v 0.033333 -0.033333 -0.500000
v 0.100000 -0.033333 -0.500000
v 0.166667 -0.033333 -0.500000
v 0.233333 -0.033333 -0.500000
v 0.300000 -0.033333 -0.500000
v 0.366667 -0.033333 -0.500000
v 0.433333 -0.033333 -0.500000
v 0.500000 -0.033333 -0.500000
v -0.500000 0.033333 0.500000
v -0.433333 0.033333 0.500000
v -0.366667 0.033333 0.500000
v -0.300000 0.033333 0.500000
v -0.233333 0.033333 0.500000
v -0.166667 0.033333 0.500000
v -0.100000 0.033333 0.500000
v -0.033333 0.033333 0.500000
v 0.033333 0.033333 0.500000
v 0.100000 0.033333 0.500000
v 0.166667 0.033333 0.500000
v 0.233333 0.033333 0.500000
v 0.300000 0.033333 0.500000
v 0.366667 0.033333 0.500000
v 0.433333 0.033333 0.500000
v 0.500000 0.033333 0.500000
v -0.500000 0.033333 0.433333
v 0.500000 0.033333 0.433333
v -0.500000 0.033333 0.366667
v 0.500000 0.033333 0.366667
v -0.500000 0.033333 0.300000
v 0.500000 0.033333 0.300000
v -0.500000 0.033333 0.233333
v 0.500000 0.033333 0.233333
v -0.500000 0.033333 0.166667
v 0.500000 0.033333 0.166667
v -0.500000 0.033333 0.100000
v 0.500000 0.033333 0.100000
v -0.500000 0.033333 0.033333
v 0.500000 0.033333 0.033333
v -0.500000 0.033333 -0.033333
v 0.500000 0.033333 -0.033333
v -0.500000 0.033333 -0.100000
v 0.500000 0.033333 -0.100000
v -0.500000 0.033333 -0.166667
v 0.500000 0.033333 -0.166667
v -0.500000 0.033333 -0.233333
v 0.500000 0.033333 -0.233333
v -0.500000 0.033333 -0.300000
v 0.500000 0.033333 -0.300000
v -0.500000 0.033333 -0.366667
v 0.500000 0.033333 -0.366667
v -0.500000 0.033333 -0.433333
v 0.500000 0.033333 -0.433333
v -0.500000 0.033333 -0.500000
v -0.433333 0.033333 -0.500000
v -0.366667 0.033333 -0.500000
v -0.300000 0.033333 -0.500000
v -0.233333 0.033333 -0.500000
v -0.166667 0.033333 -0.500000
v -0.100000 0.033333 -0.500000
v -0.033333 0.033333 -0.500000
v 0.033333 0.033333 -0.500000
v 0.100000 0.033333 -0.500000
v 0.166667 0.033333 -0.500000
v 0.233333 0.033333 -0.500000
v 0.300000 0.033333 -0.500000
v 0.366667 0.033333 -0.500000
v 0.433333 0.033333 -0.500000
v 0.500000 0.033333 -0.500000
v -0.500000 0.100000 0.500000
v -0.433333 0.100000 0.500000
v -0.366667 0.100000 0.500000
v -0.300000 0.100000 0.500000
v -0.233333 0.100000 0.500000
v -0.166667 0.100000 0.500000
v -0.100000 0.100000 0.500000
v -0.033333 0.100000 0.500000
v 0.033333 0.100000 0.500000
v 0.100000 0.100000 0.500000
v 0.166667 0.100000 0.500000
v 0.233333 0.100000 0.500000
v 0.300000 0.100000 0.500000
v 0.366667 0.100000 0.500000
v 0.433333 0.100000 0.500000
v 0.500000 0.100000 0.500000
v -0.500000 0.100000 0.433333
v 0.500000 0.100000 0.433333
v -0.500000 0.100000 0.366667
v 0.500000 0.100000 0.366667
v -0.500000 0.100000 0.300000
v 0.500000 0.100000 0.300000
v -0.500000 0.100000 0.233333
v 0.500000 0.100000 0.233333
v -0.500000 0.100000 0.166667
v 0.500000 0.100000 0.166667
v -0.500000 0.100000 0.100000
v 0.500000 0.100000 0.100000
v -0.500000 0.100000 0.033333
v 0.500000 0.100000 0.033333
v -0.500000 0.100000 -0.033333
v 0.500000 0.100000 -0.033333
v -0.500000 0.100000 -0.100000
v 0.500000 0.100000 -0.100000
v -0.500000 0.100000 -0.166667
v 0.500000 0.100000 -0.166667
v -0.500000 0.100000 -0.233333
v 0.500000 0.100000 -0.233333
v -0.500000 0.100000 -0.300000
v 0.500000 0.100000 -0.300000
v -0.500000 0.100000 -0.366667
v 0.500000 0.100000 -0.366667
v -0.500000 0.100000 -0.433333
v 0.500000 0.100000 -0.433333
v -0.500000 0.100000 -0.500000
v -0.433333 0.100000 -0.500000
v -0.366667 0.100000 -0.500000
v -0.300000 0.100000 -0.500000
v -0.233333 0.100000 -0.500000
v -0.166667 0.100000 -0.500000
v -0.100000 0.100000 -0.500000
v -0.033333 0.100000 -0.500000
v 0.033333 0.100000 -0.500000
v 0.100000 0.100000 -0.500000
v 0.166667 0.100000 -0.500000
v 0.233333 0.100000 -0.500000
v 0.300000 0.100000 -0.500000
v 0.366667 0.100000 -0.500000
v 0.433333 0.100000 -0.500000
v 0.500000 0.100000 -0.500000
v -0.500000 0.166667 0.500000
v -0.433333 0.166667 0.500000
v -0.366667 0.166667 0.500000
v -0.300000 0.166667 0.500000
v -0.233333 0.166667 0.500000
v -0.166667 0.166667 0.500000
v -0.100000 0.166667 0.500000
v -0.033333 0.166667 0.500000
v 0.033333 0.166667 0.500000
v 0.100000 0.166667 0.500000
v 0.166667 0.166667 0.500000
v 0.233333 0.166667 0.500000
v 0.300000 0.166667 0.500000
v 0.366667 0.166667 0.500000
v 0.433333 0.166667 0.500000
v 0.500000 0.166667 0.500000
v -0.500000 0.166667 0.433333
v 0.500000 0.166667 0.433333
v -0.500000 0.166667 0.366667
v 0.500000 0.166667 0.366667
v -0.500000 0.166667 0.300000
v 0.500000 0.166667 0.300000
v -0.500000 0.166667 0.233333
v 0.500000 0.166667 0.233333
v -0.500000 0.166667 0.166667
v 0.500000 0.166667 0.166667
v -0.500000 0.166667 0.100000
v 0.500000 0.166667 0.100000
v -0.500000 0.166667 0.033333
v 0.500000 0.166667 0.033333
v -0.500000 0.166667 -0.033333
v 0.500000 0.166667 -0.033333
v -0.500000 0.166667 -0.100000
v 0.500000 0.166667 -0.100000
v -0.500000 0.166667 -0.166667
v 0.500000 0.166667 -0.166667
v -0.500000 0.166667 -0.233333
v 0.500000 0.166667 -0.233333
v -0.500000 0.166667 -0.300000
v 0.500000 0.166667 -0.300000
v -0.500000 0.166667 -0.366667
v 0.500000 0.166667 -0.366667
v -0.500000 0.166667 -0.433333
v 0.500000 0.166667 -0.433333
v -0.500000 0.166667 -0.500000
v -0.433333 0.166667 -0.500000
v -0.366667 0.166667 -0.500000
v -0.300000 0.166667 -0.500000
v -0.233333 0.166667 -0.500000
v -0.166667 0.166667 -0.500000
v -0.100000 0.166667 -0.500000
v -0.033333 0.166667 -0.500000
v 0.033333 0.166667 -0.500000
v 0.100000 0.166667 -0.500000
v 0.166667 0.166667 -0.500000
v 0.233333 0.166667 -0.500000
v 0.300000 0.166667 -0.500000
v 0.366667 0.166667 -0.500000
v 0.433333 0.166667 -0.500000
v 0.500000 0.166667 -0.500000
v -0.500000 0.233333 0.500000
v -0.433333 0.233333 0.500000
v -0.366667 0.233333 0.500000
v -0.300000 0.233333 0.500000
v -0.233333 0.233333 0.500000
v -0.166667 0.233333 0.500000
v -0.100000 0.233333 0.500000
v -0.033333 0.233333 0.500000
v 0.033333 0.233333 0.500000
v 0.100000 0.233333 0.500000
v 0.166667 0.233333 0.500000
v 0.233333 0.233333 0.500000
v 0.300000 0.233333 0.500000
v 0.366667 0.233333 0.500000
v 0.433333 0.233333 0.500000
v 0.500000 0.233333 0.500000
v -0.500000 0.233333 0.433333
v 0.500000 0.233333 0.433333
v -0.500000 0.233333 0.366667
v 0.500000 0.233333 0.366667
v -0.500000 0.233333 0.300000
v 0.500000 0.233333 0.300000
v -0.500000 0.233333 0.233333
v 0.500000 0.233333 0.233333
v -0.500000 0.233333 0.166667
v 0.500000 0.233333 0.166667
v -0.500000 0.233333 0.100000
v 0.500000 0.233333 0.100000
v -0.500000 0.233333 0.033333
v 0.500000 0.233333 0.033333
v -0.500000 0.233333 -0.033333
v 0.500000 0.233333 -0.033333
v -0.500000 0.233333 -0.100000
v 0.500000 0.233333 -0.100000
v -0.500000 0.233333 -0.166667
v 0.500000 0.233333 -0.166667
v -0.500000 0.233333 -0.233333
v 0.500000 0.233333 -0.233333
v -0.500000 0.233333 -0.300000
v 0.500000 0.233333 -0.300000
v -0.500000 0.233333 -0.366667
v 0.500000 0.233333 -0.366667
v -0.500000 0.233333 -0.433333
v 0.500000 0.233333 -0.433333
v -0.500000 0.233333 -0.500000
v -0.433333 0.233333 -0.500000
v -0.366667 0.233333 -0.500000
v -0.300000 0.233333 -0.500000
v -0.233333 0.233333 -0.500000
v -0.166667 0.233333 -0.500000
v -0.100000 0.233333 -0.500000
v -0.033333 0.233333 -0.500000
v 0.033333 0.233333 -0.500000
v 0.100000 0.233333 -0.500000
v 0.166667 0.233333 -0.500000
v 0.233333 0.233333 -0.500000
v 0.300000 0.233333 -0.500000
v 0.366667 0.233333 -0.500000
v 0.433333 0.233333 -0.500000
v 0.500000 0.233333 -0.500000
v -0.500000 0.300000 0.500000
v -0.433333 0.300000 0.500000
v -0.366667 0.300000 0.500000
v -0.300000 0.300000 0.500000
v -0.233333 0.300000 0.500000
v -0.166667 0.300000 0.500000
v -0.100000 0.300000 0.500000
v -0.033333 0.300000 0.500000
v 0.033333 0.300000 0.500000
v 0.100000 0.300000 0.500000
v 0.166667 0.300000 0.500000
v 0.233333 0.300000 0.500000
v 0.300000 0.300000 0.500000
v 0.366667 0.300000 0.500000
v 0.433333 0.300000 0.500000
v 0.500000 0.300000 0.500000
v -0.500000 0.300000 0.433333
v 0.500000 0.300000 0.433333
v -0.500000 0.300000 0.366667
v 0.500000 0.300000 0.366667
v -0.500000 0.300000 0.300000
v 0.500000 0.300000 0.300000
v -0.500000 0.300000 0.233333
v 0.500000 0.300000 0.233333
v -0.500000 0.300000 0.166667
v 0.500000 0.300000 0.166667
v -0.500000 0.300000 0.100000
v 0.500000 0.300000 0.100000
v -0.500000 0.300000 0.033333
v 0.500000 0.300000 0.033333
v -0.500000 0.300000 -0.033333
v 0.500000 0.300000 -0.033333
v -0.500000 0.300000 -0.100000
v 0.500000 0.300000 -0.100000
v -0.500000 0.300000 -0.166667
v 0.500000 0.300000 -0.166667
v -0.500000 0.300000 -0.233333
v 0.500000 0.300000 -0.233333
v -0.500000 0.300000 -0.300000
v 0.500000 0.300000 -0.300000
v -0.500000 0.300000 -0.366667
v 0.500000 0.300000 -0.366667
v -0.500000 0.300000 -0.433333
v 0.500000 0.300000 -0.433333
v -0.500000 0.300000 -0.500000
v -0.433333 0.300000 -0.500000
v -0.366667 0.300000 -0.500000
v -0.300000 0.300000 -0.500000
v -0.233333 0.300000 -0.500000
v -0.166667 0.300000 -0.500000
v -0.100000 0.300000 -0.500000
v -0.033333 0.300000 -0.500000
v 0.033333 0.300000 -0.500000
v 0.100000 0.300000 -0.500000
v 0.166667 0.300000 -0.500000
v 0.233333 0.300000 -0.500000
v 0.300000 0.300000 -0.500000
v 0.366667 0.300000 -0.500000
v 0.433333 0.300000 -0.500000
v 0.500000 0.300000 -0.500000
v -0.500000 0.366667 0.500000
v -0.433333 0.366667 0.500000
v -0.366667 0.366667 0.500000
v -0.300000 0.366667 0.500000
v -0.233333 0.366667 0.500000
v -0.166667 0.366667 0.500000
v -0.100000 0.366667 0.500000
v -0.033333 0.366667 0.500000
v 0.033333 0.366667 0.500000
v 0.100000 0.366667 0.500000
v 0.166667 0.366667 0.500000
v 0.233333 0.366667 0.500000
v 0.300000 0.366667 0.500000
v 0.366667 0.366667 0.500000
v 0.433333 0.366667 0.500000
v 0.500000 0.366667 0.500000
v -0.500000 0.366667 0.433333
v 0.500000 0.366667 0.433333
v -0.500000 0.366667 0.366667
v 0.500000 0.366667 0.366667
v -0.500000 0.366667 0.300000
v 0.500000 0.366667 0.300000
v -0.500000 0.366667 0.233333
v 0.500000 0.366667 0.233333
v -0.500000 0.366667 0.166667
v 0.500000 0.366667 0.166667
v -0.500000 0.366667 0.100000
v 0.500000 0.366667 0.100000
v -0.500000 0.366667 0.033333
v 0.500000 0.366667 0.033333
v -0.500000 0.366667 -0.033333
v 0.500000 0.366667 -0.033333
v -0.500000 0.366667 -0.100000
v 0.500000 0.366667 -0.100000
v -0.500000 0.366667 -0.166667
v 0.500000 0.366667 -0.166667
v -0.500000 0.366667 -0.233333
v 0.500000 0.366667 -0.233333
v -0.500000 0.366667 -0.300000
v 0.500000 0.366667 -0.300000
v -0.500000 0.366667 -0.366667
v 0.500000 0.366667 -0.366667
v -0.500000 0.366667 -0.433333
v 0.500000 0.366667 -0.433333
v -0.500000 0.366667 -0.500000
v -0.433333 0.366667 -0.500000
v -0.366667 0.366667 -0.500000
v -0.300000 0.366667 -0.500000
v -0.233333 0.366667 -0.500000
v -0.166667 0.366667 -0.500000
v -0.100000 0.366667 -0.500000
v -0.033333 0.366667 -0.500000
v 0.033333 0.366667 -0.500000
v 0.100000 0.366667 -0.500000
v 0.166667 0.366667 -0.500000
v 0.233333 0.366667 -0.500000
v 0.300000 0.366667 -0.500000
v 0.366667 0.366667 -0.500000
v 0.433333 0.366667 -0.500000
v 0.500000 0.366667 -0.500000
v -0.500000 0.433333 0.500000
v -0.433333 0.433333 0.500000
v -0.366667 0.433333 0.500000
v -0.300000 0.433333 0.500000
v -0.233333 0.433333 0.500000
v -0.166667 0.433333 0.500000
v -0.100000 0.433333 0.500000
v -0.033333 0.433333 0.500000
v 0.033333 0.433333 0.500000
v 0.100000 0.433333 0.500000
v 0.166667 0.433333 0.500000
v 0.233333 0.433333 0.500000
v 0.300000 0.433333 0.500000
v 0.366667 0.433333 0.500000
v 0.433333 0.433333 0.500000
v 0.500000 0.433333 0.500000
v -0.500000 0.433333 0.433333
v 0.500000 0.433333 0.433333
v -0.500000 0.433333 0.366667
v 0.500000 0.433333 0.366667
v -0.500000 0.433333 0.300000
v 0.500000 0.433333 0.300000
v -0.500000 0.433333 0.233333
v 0.500000 0.433333 0.233333
v -0.500000 0.433333 0.166667
v 0.500000 0.433333 0.166667
v -0.500000 0.433333 0.100000
v 0.500000 0.433333 0.100000
v -0.500000 0.433333 0.033333
v 0.500000 0.433333 0.033333
v -0.500000 0.433333 -0.033333
v 0.500000 0.433333 -0.033333
v -0.500000 0.433333 -0.100000
v 0.500000 0.433333 -0.100000
v -0.500000 0.433333 -0.166667
v 0.500000 0.433333 -0.166667
v -0.500000 0.433333 -0.233333
v 0.500000 0.433333 -0.233333
v -0.500000 0.433333 -0.300000
v 0.500000 0.433333 -0.300000
v -0.500000 0.433333 -0.366667
v 0.500000 0.433333 -0.366667
v -0.500000 0.433333 -0.433333
v 0.500000 0.433333 -0.433333
v -0.500000 0.433333 -0.500000
v -0.433333 0.433333 -0.500000
v -0.366667 0.433333 -0.500000
v -0.300000 0.433333 -0.500000
v -0.233333 0.433333 -0.500000
v -0.166667 0.433333 -0.500000
v -0.100000 0.433333 -0.500000
v -0.033333 0.433333 -0.500000
v 0.033333 0.433333 -0.500000
v 0.100000 0.433333 -0.500000
v 0.166667 0.433333 -0.500000
v 0.233333 0.433333 -0.500000
v 0.300000 0.433333 -0.500000
v 0.366667 0.433333 -0.500000
v 0.433333 0.433333 -0.500000
v 0.500000 0.433333 -0.500000
v -0.500000 0.500000 0.500000
v -0.433333 0.500000 0.500000
v -0.366667 0.500000 0.500000
v -0.300000 0.500000 0.500000
v -0.233333 0.500000 0.500000
v -0.166667 0.500000 0.500000
v -0.100000 0.500000 0.500000
v -0.033333 0.500000 0.500000
v 0.033333 0.500000 0.500000
v 0.100000 0.500000 0.500000
v 0.166667 0.500000 0.500000
v 0.233333 0.500000 0.500000
v 0.300000 0.500000 0.500000
v 0.366667 0.500000 0.500000
v 0.433333 0.500000 0.500000
v 0.500000 0.500000 0.500000
v -0.500000 0.500000 0.433333
v -0.433333 0.500000 0.433333
v -0.366667 0.500000 0.433333
v -0.300000 0.500000 0.433333
v -0.233333 0.500000 0.433333
v -0.166667 0.500000 0.433333
v -0.100000 0.500000 0.433333
v -0.033333 0.500000 0.433333
v 0.033333 0.500000 0.433333
v 0.100000 0.500000 0.433333
v 0.166667 0.500000 0.433333
v 0.233333 0.500000 0.433333
v 0.300000 0.500000 0.433333
v 0.366667 0.500000 0.433333
v 0.433333 0.500000 0.433333
v 0.500000 0.500000 0.433333
v -0.500000 0.500000 0.366667
v -0.433333 0.500000 0.366667
v -0.366667 0.500000 0.366667
v -0.300000 0.500000 0.366667
v -0.233333 0.500000 0.366667
v -0.166667 0.500000 0.366667
v -0.100000 0.500000 0.366667
v -0.033333 0.500000 0.366667
v 0.033333 0.500000 0.366667
v 0.100000 0.500000 0.366667
v 0.166667 0.500000 0.366667
v 0.233333 0.500000 0.366667
v 0.300000 0.500000 0.366667
v 0.366667 0.500000 0.366667
v 0.433333 0.500000 0.366667
v 0.500000 0.500000 0.366667
v -0.500000 0.500000 0.300000
v -0.433333 0.500000 0.300000
v -0.366667 0.500000 0.300000
v -0.300000 0.500000 0.300000
v -0.233333 0.500000 0.300000
v -0.166667 0.500000 0.300000
v -0.100000 0.500000 0.300000
v -0.033333 0.500000 0.300000
v 0.033333 0.500000 0.300000
v 0.100000 0.500000 0.300000
v 0.166667 0.500000 0.300000
v 0.233333 0.500000 0.300000
v 0.300000 0.500000 0.300000
v 0.366667 0.500000 0.300000
v 0.433333 0.500000 0.300000
v 0.500000 0.500000 0.300000
v -0.500000 0.500000 0.233333
v -0.433333 0.500000 0.233333
v -0.366667 0.500000 0.233333
v -0.300000 0.500000 0.233333
v -0.233333 0.500000 0.233333
v -0.166667 0.500000 0.233333
v -0.100000 0.500000 0.233333
v -0.033333 0.500000 0.233333
v 0.033333 0.500000 0.233333
v 0.100000 0.500000 0.233333
v 0.166667 0.500000 0.233333
v 0.233333 0.500000 0.233333
v 0.300000 0.500000 0.233333
v 0.366667 0.500000 0.233333
v 0.433333 0.500000 0.233333
v 0.500000 0.500000 0.233333
v -0.500000 0.500000 0.166667
v -0.433333 0.500000 0.166667
v -0.366667 0.500000 0.166667
v -0.300000 0.500000 0.166667
v -0.233333 0.500000 0.166667
v -0.166667 0.500000 0.166667
v -0.100000 0.500000 0.166667
v -0.033333 0.500000 0.166667
v 0.033333 0.500000 0.166667
v 0.100000 0.500000 0.166667
v 0.166667 0.500000 0.166667
v 0.233333 0.500000 0.166667
v 0.300000 0.500000 0.166667
v 0.366667 0.500000 0.166667
v 0.433333 0.500000 0.166667
v 0.500000 0.500000 0.166667
v -0.500000 0.500000 0.100000
v -0.433333 0.500000 0.100000
v -0.366667 0.500000 0.100000
v -0.300000 0.500000 0.100000
v -0.233333 0.500000 0.100000
v -0.166667 0.500000 0.100000
v -0.100000 0.500000 0.100000
v -0.033333 0.500000 0.100000
v 0.033333 0.500000 0.100000
v 0.100000 0.500000 0.100000
v 0.166667 0.500000 0.100000
v 0.233333 0.500000 0.100000
v 0.300000 0.500000 0.100000
v 0.366667 0.500000 0.100000
v 0.433333 0.500000 0.100000
v 0.500000 0.500000 0.100000
v -0.500000 0.500000 0.033333
v -0.433333 0.500000 0.033333
v -0.366667 0.500000 0.033333
v -0.300000 0.500000 0.033333
v -0.233333 0.500000 0.033333
v -0.166667 0.500000 0.033333
v -0.100000 0.500000 0.033333
v -0.033333 0.500000 0.033333
v 0.033333 0.500000 0.033333
v 0.100000 0.500000 0.033333
v 0.166667 0.500000 0.033333
v 0.233333 0.500000 0.033333
v 0.300000 0.500000 0.033333
v 0.366667 0.500000 0.033333
v 0.433333 0.500000 0.033333
v 0.500000 0.500000 0.033333
v -0.500000 0.500000 -0.033333
v -0.433333 0.500000 -0.033333
v -0.366667 0.500000 -0.033333
v -0.300000 0.500000 -0.033333
v -0.233333 0.500000 -0.033333
v -0.166667 0.500000 -0.033333
v -0.100000 0.500000 -0.033333
v -0.033333 0.500000 -0.033333
v 0.033333 0.500000 -0.033333
v 0.100000 0.500000 -0.033333
v 0.166667 0.500000 -0.033333
v 0.233333 0.500000 -0.033333
v 0.300000 0.500000 -0.033333
v 0.366667 0.500000 -0.033333
v 0.433333 0.500000 -0.033333
v 0.500000 0.500000 -0.033333
v -0.500000 0.500000 -0.100000
v -0.433333 0.500000 -0.100000
v -0.366667 0.500000 -0.100000
v -0.300000 0.500000 -0.100000
v -0.233333 0.500000 -0.100000
v -0.166667 0.500000 -0.100000
v -0.100000 0.500000 -0.100000
v -0.033333 0.500000 -0.100000
v 0.033333 0.500000 -0.100000
v 0.100000 0.500000 -0.100000
v 0.166667 0.500000 -0.100000
v 0.233333 0.500000 -0.100000
v 0.300000 0.500000 -0.100000
v 0.366667 0.500000 -0.100000
v 0.433333 0.500000 -0.100000
v 0.500000 0.500000 -0.100000
v -0.500000 0.500000 -0.166667
v -0.433333 0.500000 -0.166667
v -0.366667 0.500000 -0.166667
v -0.300000 0.500000 -0.166667
v -0.233333 0.500000 -0.166667
v -0.166667 0.500000 -0.166667
v -0.100000 0.500000 -0.166667
v -0.033333 0.500000 -0.166667
v 0.033333 0.500000 -0.166667
v 0.100000 0.500000 -0.166667
v 0.166667 0.500000 -0.166667
v 0.233333 0.500000 -0.166667
v 0.300000 0.500000 -0.166667
v 0.366667 0.500000 -0.166667
v 0.433333 0.500000 -0.166667
v 0.500000 0.500000 -0.166667
v -0.500000 0.500000 -0.233333
v -0.433333 0.500000 -0.233333
v -0.366667 0.500000 -0.233333
v -0.300000 0.500000 -0.233333
v -0.233333 0.500000 -0.233333
v -0.166667 0.500000 -0.233333
v -0.100000 0.500000 -0.233333
v -0.033333 0.500000 -0.233333
v 0.033333 0.500000 -0.233333
v 0.100000 0.500000 -0.233333
v 0.166667 0.500000 -0.233333
v 0.233333 0.500000 -0.233333
v 0.300000 0.500000 -0.233333
v 0.366667 0.500000 -0.233333
v 0.433333 0.500000 -0.233333
v 0.500000 0.500000 -0.233333
v -0.500000 0.500000 -0.300000
v -0.433333 0.500000 -0.300000
v -0.366667 0.500000 -0.300000
v -0.300000 0.500000 -0.300000
v -0.233333 0.500000 -0.300000
v -0.166667 0.500000 -0.300000
v -0.100000 0.500000 -0.300000
v -0.033333 0.500000 -0.300000
v 0.033333 0.500000 -0.300000
v 0.100000 0.500000 -0.300000
v 0.166667 0.500000 -0.300000
v 0.233333 0.500000 -0.300000
v 0.300000 0.500000 -0.300000
v 0.366667 0.500000 -0.300000
v 0.433333 0.500000 -0.300000
v 0.500000 0.500000 -0.300000
v -0.500000 0.500000 -0.366667
v -0.433333 0.500000 -0.366667
v -0.366667 0.500000 -0.366667
v -0.300000 0.500000 -0.366667
v -0.233333 0.500000 -0.366667
v -0.166667 0.500000 -0.366667
v -0.100000 0.500000 -0.366667
v -0.033333 0.500000 -0.366667
v 0.033333 0.500000 -0.366667
v 0.100000 0.500000 -0.366667
v 0.166667 0.500000 -0.366667
v 0.233333 0.500000 -0.366667
v 0.300000 0.500000 -0.366667
v 0.366667 0.500000 -0.366667
v 0.433333 0.500000 -0.366667
v 0.500000 0.500000 -0.366667
v -0.500000 0.500000 -0.433333
v -0.433333 0.500000 -0.433333
v -0.366667 0.500000 -0.433333
v -0.300000 0.500000 -0.433333
v -0.233333 0.500000 -0.433333
v -0.166667 0.500000 -0.433333
v -0.100000 0.500000 -0.433333
v -0.033333 0.500000 -0.433333
v 0.033333 0.500000 -0.433333
v 0.100000 0.500000 -0.433333
v 0.166667 0.500000 -0.433333
v 0.233333 0.500000 -0.433333
v 0.300000 0.500000 -0.433333
v 0.366667 0.500000 -0.433333
v 0.433333 0.500000 -0.433333
v 0.500000 0.500000 -0.433333
v -0.500000 0.500000 -0.500000
v -0.433333 0.500000 -0.500000
v -0.366667 0.500000 -0.500000
v -0.300000 0.500000 -0.500000
v -0.233333 0.500000 -0.500000
v -0.166667 0.500000 -0.500000
v -0.100000 0.500000 -0.500000
v -0.033333 0.500000 -0.500000
v 0.033333 0.500000 -0.500000
v 0.100000 0.500000 -0.500000
v 0.166667 0.500000 -0.500000
v 0.233333 0.500000 -0.500000
v 0.300000 0.500000 -0.500000
v 0.366667 0.500000 -0.500000
v 0.433333 0.500000 -0.500000
v 0.500000 0.500000 -0.500000
vn -0.0000 -1.0000 -0.0000
vn -0.0000 -0.0000 1.0000
vn -0.0000 1.0000 -0.0000
vn -0.0000 -0.0000 -1.0000
vn -1.0000 -0.0000 -0.0000
vn 1.0000 -0.0000 -0.0000
s 0
f 17//1 2//1 1//1
f 18//1 3//1 2//1
f 19//1 4//1 3//1
f 20//1 5//1 4//1
f 21//1 6//1 5//1
f 22//1 7//1 6//1
f 23//1 8//1 7//1
f 24//1 9//1 8//1
f 25//1 10//1 9//1
f 26//1 11//1 10//1
f 27//1 12//1 11//1
f 28//1 13//1 12//1
f 29//1 14//1 13//1
f 30//1 15//1 14//1
f 31//1 16//1 15//1
f 33//1 18//1 17//1
f 34//1 19//1 18//1
f 35//1 20//1 19//1
f 36//1 21//1 20//1
f 37//1 22//1 21//1
f 38//1 23//1 22//1
f 39//1 24//1 23//1
f 40//1 25//1 24//1
f 41//1 26//1 25//1
f 42//1 27//1 26//1
f 43//1 28//1 27//1
f 44//1 29//1 28//1
f 45//1 30//1 29//1
f 46//1 31//1 30//1
f 47//1 32//1 31//1
f 49//1 34//1 33//1
f 50//1 35//1 34//1
f 51//1 36//1 35//1
f 52//1 37//1 36//1
f 53//1 38//1 37//1
f 54//1 39//1 38//1
f 55//1 40//1 39//1
f 56//1 41//1 40//1
f 57//1 42//1 41//1
f 58//1 43//1 42//1
f 59//1 44//1 43//1
f 60//1 45//1 44//1
f 61//1 46//1 45//1
f 62//1 47//1 46//1
f 63//1 48//1 47//1
f 65//1 50//1 49//1
f 66//1 51//1 50//1
f 67//1 52//1 51//1
f 68//1 53//1 52//1
f 69//1 54//1 53//1
f 70//1 55//1 54//1
f 71//1 56//1 55//1
f 72//1 57//1 56//1
f 73//1 58//1 57//1
f 74//1 59//1 58//1
f 75//1 60//1 59//1
f 76//1 61//1 60//1
f 77//1 62//1 61//1
f 78//1 63//1 62//1
f 79//1 64//1 63//1
f 81//1 66//1 65//1
f 82//1 67//1 66//1
f 83//1 68//1 67//1
f 84//1 69//1 68//1
f 85//1 70//1 69//1
f 86//1 71//1 70//1
f 87//1 72//1 71//1
f 88//1 73//1 72//1
f 89//1 74//1 73//1
f 90//1 75//1 74//1
f 91//1 76//1 75//1
f 92//1 77//1 76//1
f 93//1 78//1 77//1
f 94//1 79//1 78//1
f 95//1 80//1 79//1
f 97//1 82//1 81//1
f 98//1 83//1 82//1
f 99//1 84//1 83//1
f 100//1 85//1 84//1
f 101//1 86//1 85//1
f 102//1 87//1 86//1
f 103//1 88//1 87//1
f 104//1 89//1 88//1
f 105//1 90//1 89//1
f 106//1 91//1 90//1
f 107//1 92//1 91//1
f 108//1 93//1 92//1
f 109//1 94//1 93//1
f 110//1 95//1 94//1
f 111//1 96//1 95//1
f 113//1 98//1 97//1
f 114//1 99//1 98//1
f 115//1 100//1 99//1
f 116//1 101//1 100//1
f 117//1 102//1 101//1
f 118//1 103//1 102//1
f 119//1 104//1 103//1
f 120//1 105//1 104//1
f 121//1 106//1 105//1
f 122//1 107//1 106//1
f 123//1 108//1 107//1
f 124//1 109//1 108//1
f 125//1 110//1 109//1
f 126//1 111//1 110//1
f 127//1 112//1 111//1
f 129//1 114//1 113//1
f 130//1 115//1 114//1
f 131//1 116//1 115//1
f 132//1 117//1 116//1
f 133//1 118//1 117//1
f 134//1 119//1 118//1
f 135//1 120//1 119//1
f 136//1 121//1 120//1
f 137//1 122//1 121//1
f 138//1 123//1 122//1
f 139//1 124//1 123//1
f 140//1 125//1 124//1
f 141//1 126//1 125//1
f 142//1 127//1 126//1
f 143//1 128//1 127//1
f 145//1 130//1 129//1
f 146//1 131//1 130//1
f 147//1 132//1 131//1
f 148//1 133//1 132//1
f 149//1 134//1 133//1
f 150//1 135//1 134//1
f 151//1 136//1 135//1
f 152//1 137//1 136//1
f 153//1 138//1 137//1
f 154//1 139//1 138//1
f 155//1 140//1 139//1
f 156//1 141//1 140//1
f 157//1 142//1 141//1
f 158//1 143//1 142//1
f 159//1 144//1 143//1
f 161//1 146//1 145//1
f 162//1 147//1 146//1
f 163//1 148//1 147//1
f 164//1 149//1 148//1
f 165//1 150//1 149//1
f 166//1 151//1 150//1
f 167//1 152//1 151//1
f 168//1 153//1 152//1
f 169//1 154//1 153//1
f 170//1 155//1 154//1
f 171//1 156//1 155//1
f 172//1 157//1 156//1
f 173//1 158//1 157//1
f 174//1 159//1 158//1
f 175//1 160//1 159//1
f 177//1 162//1 161//1
f 178//1 163//1 162//1
f 179//1 164//1 163//1
f 180//1 165//1 164//1
f 181//1 166//1 165//1
f 182//1 167//1 166//1
f 183//1 168//1 167//1
f 184//1 169//1 168//1
f 185//1 170//1 169//1
f 186//1 171//1 170//1
f 187//1 172//1 171//1
f 188//1 173//1 172//1
f 189//1 174//1 173//1
f 190//1 175//1 174//1
f 191//1 176//1 175//1
f 193//1 178//1 177//1
f 194//1 179//1 178//1
f 195//1 180//1 179//1
f 196//1 181//1 180//1
f 197//1 182//1 181//1
f 198//1 183//1 182//1
f 199//1 184//1 183//1
f 200//1 185//1 184//1
f 201//1 186//1 185//1
f 202//1 187//1 186//1
f 203//1 188//1 187//1
f 204//1 189//1 188//1
f 205//1 190//1 189//1
f 206//1 191//1 190//1
f 207//1 192//1 191//1
f 209//1 194//1 193//1
f 210//1 195//1 194//1
f 211//1 196//1 195//1
f 212//1 197//1 196//1
f 213//1 198//1 197//1
f 214//1 199//1 198//1
f 215//1 200//1 199//1
f 216//1 201//1 200//1
f 217//1 202//1 201//1
f 218//1 203//1 202//1
f 219//1 204//1 203//1
f 220//1 205//1 204//1
f 221//1 206//1 205//1
f 222//1 207//1 206//1
f 223//1 208//1 207//1
f 225//1 210//1 209//1
f 226//1 211//1 210//1
f 227//1 212//1 211//1
f 228//1 213//1 212//1
f 229//1 214//1 213//1
f 230//1 215//1 214//1
f 231//1 216//1 215//1
f 232//1 217//1 216//1
f 233//1 218//1 217//1
f 234//1 219//1 218//1
f 235//1 220//1 219//1
f 236//1 221//1 220//1
f 237//1 222//1 221//1
f 238//1 223//1 222//1
f 239//1 224//1 223//1
f 241//1 226//1 225//1
f 242//1 227//1 226//1
f 243//1 228//1 227//1
f 244//1 229//1 228//1
f 245//1 230//1 229//1
f 246//1 231//1 230//1
f 247//1 232//1 231//1
f 248//1 233//1 232//1
f 249//1 234//1 233//1
f 250//1 235//1 234//1
f 251//1 236//1 235//1
f 252//1 237//1 236//1
f 253//1 238//1 237//1
f 254//1 239//1 238//1
f 255//1 240//1 239//1
f 2//2 257//2 1//2
f 3//2 258//2 2//2
f 4//2 259//2 3//2
f 5//2 260//2 4//2
f 6//2 261//2 5//2
f 7//2 262//2 6//2
f 8//2 263//2 7//2
f 9//2 264//2 8//2
f 10//2 265//2 9//2
f 11//2 266//2 10//2
f 12//2 267//2 11//2
f 13//2 268//2 12//2
f 14//2 269//2 13//2
f 15//2 270//2 14//2
f 16//2 271//2 15//2
f 258//2 317//2 257//2
f 259//2 318//2 258//2
f 260//2 319//2 259//2
f 261//2 320//2 260//2
f 262//2 321//2 261//2
f 263//2 322//2 262//2
f 264//2 323//2 263//2
f 265//2 324//2 264//2
f 266//2 325//2 265//2
f 267//2 326//2 266//2
f 268//2 327//2 267//2
f 269//2 328//2 268//2
f 270//2 329//2 269//2
f 271//2 330//2 270//2
f 272//2 331//2 271//2
f 318//2 377//2 317//2
f 319//2 378//2 318//2
f 320//2 379//2 319//2
f 321//2 380//2 320//2
f 322//2 381//2 321//2
f 323//2 382//2 322//2
f 324//2 383//2 323//2
f 325//2 384//2 324//2
f 326//2 385//2 325//2
f 327//2 386//2 326//2
f 328//2 387//2 327//2
f 329//2 388//2 328//2
f 330//2 389//2 329//2
f 331//2 390//2 330//2
f 332//2 391//2 331//2
f 378//2 437//2 377//2
f 379//2 438//2 378//2
f 380//2 439//2 379//2
f 381//2 440//2 380//2
f 382//2 441//2 381//2
f 383//2 442//2 382//2
f 384//2 443//2 383//2
f 385//2 444//2 384//2
f 386//2 445//2 385//2
f 387//2 446//2 386//2
f 388//2 447//2 387//2
f 389//2 448//2 388//2
f 390//2 449//2 389//2
f 391//2 450//2 390//2
f 392//2 451//2 391//2
f 438//2 497//2 437//2
f 439//2 498//2 438//2
f 440//2 499//2 439//2
f 441//2 500//2 440//2
f 442//2 501//2 441//2
f 443//2 502//2 442//2
f 444//2 503//2 443//2
f 445//2 504//2 444//2
f 446//2 505//2 445//2
f 447//2 506//2 446//2
f 448//2 507//2 447//2
f 449//2 508//2 448//2
f 450//2 509//2 449//2
f 451//2 510//2 450//2
f 452//2 511//2 451//2
f 498//2 557//2 497//2
f 499//2 558//2 498//2
f 500//2 559//2 499//2
f 501//2 560//2 500//2
f 502//2 561//2 501//2
f 503//2 562//2 502//2
f 504//2 563//2 503//2
f 505//2 564//2 504//2
f 506//2 565//2 505//2
f 507//2 566//2 506//2
f 508//2 567//2 507//2
f 509//2 568//2 508//2
f 510//2 569//2 509//2
f 511//2 570//2 510//2
f 512//2 571//2 511//2
f 558//2 617//2 557//2
f 559//2 618//2 558//2
f 560//2 619//2 559//2
f 561//2 620//2 560//2
f 562//2 621//2 561//2
f 563//2 622//2 562//2
f 564//2 623//2 563//2
f 565//2 624//2 564//2
f 566//2 625//2 565//2
f 567//2 626//2 566//2
f 568//2 627//2 567//2
f 569//2 628//2 568//2
f 570//2 629//2 569//2
f 571//2 630//2 570//2
f 572//2 631//2 571//2
f 618//2 677//2 617//2
f 619//2 678//2 618//2
f 620//2 679//2 619//2
f 621//2 680//2 620//2
f 622//2 681//2 621//2
f 623//2 682//2 622//2
f 624//2 683//2 623//2
f 625//2 684//2 624//2
f 626//2 685//2 625//2
f 627//2 686//2 626//2
f 628//2 687//2 627//2
f 629//2 688//2 628//2
f 630//2 689//2 629//2
f 631//2 690//2 630//2
f 632//2 691//2 631//2
f 678//2 737//2 677//2
f 679//2 738//2 678//2
f 680//2 739//2 679//2
f 681//2 740//2 680//2
f 682//2 741//2 681//2
f 683//2 742//2 682//2
f 684//2 743//2 683//2
f 685//2 744//2 684//2
f 686//2 745//2 685//2
f 687//2 746//2 686//2
f 688//2 747//2 687//2
f 689//2 748//2 688//2
f 690//2 749//2 689//2
f 691//2 750//2 690//2
f 692//2 751//2 691//2
f 738//2 797//2 737//2
f 739//2 798//2 738//2
f 740//2 799//2 739//2
f 741//2 800//2 740//2
f 742//2 801//2 741//2
f 743//2 802//2 742//2
f 744//2 803//2 743//2
f 745//2 804//2 744//2
f 746//2 805//2 745//2
f 747//2 806//2 746//2
f 748//2 807//2 747//2
f 749//2 808//2 748//2
f 750//2 809//2 749//2
f 751//2 810//2 750//2
f 752//2 811//2 751//2
f 798//2 857//2 797//2
f 799//2 858//2 798//2
f 800//2 859//2 799//2
f 801//2 860//2 800//2
f 802//2 861//2 801//2
f 803//2 862//2 802//2
f 804//2 863//2 803//2
f 805//2 864//2 804//2
f 806//2 865//2 805//2
f 807//2 866//2 806//2
f 808//2 867//2 807//2
f 809//2 868//2 808//2
f 810//2 869//2 809//2
f 811//2 870//2 810//2
f 812//2 871//2 811//2
f 858//2 917//2 857//2
f 859//2 918//2 858//2
f 860//2 919//2 859//2
f 861//2 920//2 860//2
f 862//2 921//2 861//2
f 863//2 922//2 862//2
f 864//2 923//2 863//2
f 865//2 924//2 864//2
f 866//2 925//2 865//2
f 867//2 926//2 866//2
f 868//2 927//2 867//2
f 869//2 928//2 868//2
f 870//2 929//2 869//2
f 871//2 930//2 870//2
f 872//2 931//2 871//2
f 918//2 977//2 917//2
f 919//2 978//2 918//2
f 920//2 979//2 919//2
f 921//2 980//2 920//2
f 922//2 981//2 921//2
f 923//2 982//2 922//2
f 924//2 983//2 923//2
f 925//2 984//2 924//2
f 926//2 985//2 925//2
f 927//2 986//2 926//2
f 928//2 987//2 927//2
f 929//2 988//2 928//2
f 930//2 989//2 929//2
f 931//2 990//2 930//2
f 932//2 991//2 931//2
f 978//2 1037//2 977//2
f 979//2 1038//2 978//2
f 980//2 1039//2 979//2
f 981//2 1040//2 980//2
f 982//2 1041//2 981//2
f 983//2 1042//2 982//2
f 984//2 1043//2 983//2
f 985//2 1044//2 984//2
f 986//2 1045//2 985//2
f 987//2 1046//2 986//2
f 988//2 1047//2 987//2
f 989//2 1048//2 988//2
f 990//2 1049//2 989//2
f 991//2 1050//2 990//2
f 992//2 1051//2 991//2
f 1038//2 1097//2 1037//2
f 1039//2 1098//2 1038//2
f 1040//2 1099//2 1039//2
f 1041//2 1100//2 1040//2
f 1042//2 1101//2 1041//2
f 1043//2 1102//2 1042//2
f 1044//2 1103//2 1043//2
f 1045//2 1104//2 1044//2
f 1046//2 1105//2 1045//2
f 1047//2 1106//2 1046//2
f 1048//2 1107//2 1047//2
f 1049//2 1108//2 1048//2
f 1050//2 1109//2 1049//2
f 1051//2 1110//2 1050//2
f 1052//2 1111//2 1051//2
f 1098//3 1113//3 1097//3
f 1099//3 1114//3 1098//3
f 1100//3 1115//3 1099//3
f 1101//3 1116//3 1100//3
f 1102//3 1117//3 1101//3
f 1103//3 1118//3 1102//3
f 1104//3 1119//3 1103//3
f 1105//3 1120//3 1104//3
f 1106//3 1121//3 1105//3
f 1107//3 1122//3 1106//3
f 1108//3 1123//3 1107//3
f 1109//3 1124//3 1108//3
f 1110//3 1125//3 1109//3
f 1111//3 1126//3 1110//3
f 1112//3 1127//3 1111//3
f 1114//3 1129//3 1113//3
f 1115//3 1130//3 1114//3
f 1116//3 1131//3 1115//3
f 1117//3 1132//3 1116//3
f 1118//3 1133//3 1117//3
f 1119//3 1134//3 1118//3
f 1120//3 1135//3 1119//3
f 1121//3 1136//3 1120//3
f 1122//3 1137//3 1121//3
f 1123//3 1138//3 1122//3
f 1124//3 1139//3 1123//3
f 1125//3 1140//3 1124//3
f 1126//3 1141//3 1125//3
f 1127//3 1142//3 1126//3
f 1128//3 1143//3 1127//3
f 1130//3 1145//3 1129//3
f 1131//3 1146//3 1130//3
f 1132//3 1147//3 1131//3
f 1133//3 1148//3 1132//3
f 1134//3 1149//3 1133//3
f 1135//3 1150//3 1134//3
f 1136//3 1151//3 1135//3
f 1137//3 1152//3 1136//3
f 1138//3 1153//3 1137//3
f 1139//3 1154//3 1138//3
f 1140//3 1155//3 1139//3
f 1141//3 1156//3 1140//3
f 1142//3 1157//3 1141//3
f 1143//3 1158//3 1142//3
f 1144//3 1159//3 1143//3
f 1146//3 1161//3 1145//3
f 1147//3 1162//3 1146//3
f 1148//3 1163//3 1147//3
f 1149//3 1164//3 1148//3
f 1150//3 1165//3 1149//3
f 1151//3 1166//3 1150//3
f 1152//3 1167//3 1151//3
f 1153//3 1168//3 1152//3
f 1154//3 1169//3 1153//3
f 1155//3 1170//3 1154//3
f 1156//3 1171//3 1155//3
f 1157//3 1172//3 1156//3
f 1158//3 1173//3 1157//3
f 1159//3 1174//3 1158//3
f 1160//3 1175//3 1159//3
f 1162//3 1177//3 1161//3
f 1163//3 1178//3 1162//3
f 1164//3 1179//3 1163//3
f 1165//3 1180//3 1164//3
f 1166//3 1181//3 1165//3
f 1167//3 1182//3 1166//3
f 1168//3 1183//3 1167//3
f 1169//3 1184//3 1168//3
f 1170//3 1185//3 1169//3
f 1171//3 1186//3 1170//3
f 1172//3 1187//3 1171//3
f 1173//3 1188//3 1172//3
f 1174//3 1189//3 1173//3
f 1175//3 1190//3 1174//3
f 1176//3 1191//3 1175//3
f 1178//3 1193//3 1177//3
f 1179//3 1194//3 1178//3
f 1180//3 1195//3 1179//3
f 1181//3 1196//3 1180//3
f 1182//3 1197//3 1181//3
f 1183//3 1198//3 1182//3
f 1184//3 1199//3 1183//3
f 1185//3 1200//3 1184//3
f 1186//3 1201//3 1185//3
f 1187//3 1202//3 1186//3
f 1188//3 1203//3 1187//3
f 1189//3 1204//3 1188//3
f 1190//3 1205//3 1189//3
f 1191//3 1206//3 1190//3
f 1192//3 1207//3 1191//3
f 1194//3 1209//3 1193//3
f 1195//3 1210//3 1194//3
f 1196//3 1211//3 1195//3
f 1197//3 1212//3 1196//3
f 1198//3 1213//3 1197//3
f 1199//3 1214//3 1198//3
f 1200//3 1215//3 1199//3
f 1201//3 1216//3 1200//3
f 1202//3 1217//3 1201//3
f 1203//3 1218//3 1202//3
f 1204//3 1219//3 1203//3
f 1205//3 1220//3 1204//3
f 1206//3 1221//3 1205//3
f 1207//3 1222//3 1206//3
f 1208//3 1223//3 1207//3
f 1210//3 1225//3 1209//3
f 1211//3 1226//3 1210//3
f 1212//3 1227//3 1211//3
f 1213//3 1228//3 1212//3
f 1214//3 1229//3 1213//3
f 1215//3 1230//3 1214//3
f 1216//3 1231//3 1215//3
f 1217//3 1232//3 1216//3
f 1218//3 1233//3 1217//3
f 1219//3 1234//3 1218//3
f 1220//3 1235//3 1219//3
f 1221//3 1236//3 1220//3
f 1222//3 1237//3 1221//3
f 1223//3 1238//3 1222//3
f 1224//3 1239//3 1223//3
f 1226//3 1241//3 1225//3
f 1227//3 1242//3 1226//3
f 1228//3 1243//3 1227//3
f 1229//3 1244//3 1228//3
f 1230//3 1245//3 1229//3
f 1231//3 1246//3 1230//3
f 1232//3 1247//3 1231//3
f 1233//3 1248//3 1232//3
f 1234//3 1249//3 1233//3
f 1235//3 1250//3 1234//3
f 1236//3 1251//3 1235//3
f 1237//3 1252//3 1236//3
f 1238//3 1253//3 1237//3
f 1239//3 1254//3 1238//3
f 1240//3 1255//3 1239//3
f 1242//3 1257//3 1241//3
f 1243//3 1258//3 1242//3
f 1244//3 1259//3 1243//3
f 1245//3 1260//3 1244//3
f 1246//3 1261//3 1245//3
f 1247//3 1262//3 1246//3
f 1248//3 1263//3 1247//3
f 1249//3 1264//3 1248//3
f 1250//3 1265//3 1249//3
f 1251//3 1266//3 1250//3
f 1252//3 1267//3 1251//3
f 1253//3 1268//3 1252//3
f 1254//3 1269//3 1253//3
f 1255//3 1270//3 1254//3
f 1256//3 1271//3 1255//3
f 1258//3 1273//3 1257//3
f 1259//3 1274//3 1258//3
f 1260//3 1275//3 1259//3
f 1261//3 1276//3 1260//3
f 1262//3 1277//3 1261//3
f 1263//3 1278//3 1262//3
f 1264//3 1279//3 1263//3
f 1265//3 1280//3 1264//3
f 1266//3 1281//3 1265//3
f 1267//3 1282//3 1266//3
f 1268//3 1283//3 1267//3
f 1269//3 1284//3 1268//3
f 1270//3 1285//3 1269//3
f 1271//3 1286//3 1270//3
f 1272//3 1287//3 1271//3
f 1274//3 1289//3 1273//3
f 1275//3 1290//3 1274//3
f 1276//3 1291//3 1275//3
f 1277//3 1292//3 1276//3
f 1278//3 1293//3 1277//3
f 1279//3 1294//3 1278//3
f 1280//3 1295//3 1279//3
f 1281//3 1296//3 1280//3
f 1282//3 1297//3 1281//3
f 1283//3 1298//3 1282//3
f 1284//3 1299//3 1283//3
f 1285//3 1300//3 1284//3
f 1286//3 1301//3 1285//3
f 1287//3 1302//3 1286//3
f 1288//3 1303//3 1287//3
f 1290//3 1305//3 1289//3
f 1291//3 1306//3 1290//3
f 1292//3 1307//3 1291//3
f 1293//3 1308//3 1292//3
f 1294//3 1309//3 1293//3
f 1295//3 1310//3 1294//3
f 1296//3 1311//3 1295//3
f 1297//3 1312//3 1296//3
f 1298//3 1313//3 1297//3
f 1299//3 1314//3 1298//3
f 1300//3 1315//3 1299//3
f 1301//3 1316//3 1300//3
f 1302//3 1317//3 1301//3
f 1303//3 1318//3 1302//3
f 1304//3 1319//3 1303//3
f 1306//3 1321//3 1305//3
f 1307//3 1322//3 1306//3
f 1308//3 1323//3 1307//3
f 1309//3 1324//3 1308//3
f 1310//3 1325//3 1309//3
f 1311//3 1326//3 1310//3
f 1312//3 1327//3 1311//3
f 1313//3 1328//3 1312//3
f 1314//3 1329//3 1313//3
f 1315//3 1330//3 1314//3
f 1316//3 1331//3 1315//3
f 1317//3 1332//3 1316//3
f 1318//3 1333//3 1317//3
f 1319//3 1334//3 1318//3
f 1320//3 1335//3 1319//3
f 1322//3 1337//3 1321//3
f 1323//3 1338//3 1322//3
f 1324//3 1339//3 1323//3
f 1325//3 1340//3 1324//3
f 1326//3 1341//3 1325//3
f 1327//3 1342//3 1326//3
f 1328//3 1343//3 1327//3
f 1329//3 1344//3 1328//3
f 1330//3 1345//3 1329//3
f 1331//3 1346//3 1330//3
f 1332//3 1347//3 1331//3
f 1333//3 1348//3 1332//3
f 1334//3 1349//3 1333//3
f 1335//3 1350//3 1334//3
f 1336//3 1351//3 1335//3
f 301//4 242//4 241//4
f 302//4 243//4 242//4
f 303//4 244//4 243//4
f 304//4 245//4 244//4
f 305//4 246//4 245//4
f 306//4 247//4 246//4
f 307//4 248//4 247//4
f 308//4 249//4 248//4
f 309//4 250//4 249//4
f 310//4 251//4 250//4
f 311//4 252//4 251//4
f 312//4 253//4 252//4
f 313//4 254//4 253//4
f 314//4 255//4 254//4
f 315//4 256//4 255//4
f 361//4 302//4 301//4
f 362//4 303//4 302//4
f 363//4 304//4 303//4
f 364//4 305//4 304//4
f 365//4 306//4 305//4
f 366//4 307//4 306//4
f 367//4 308//4 307//4
f 368//4 309//4 308//4
f 369//4 310//4 309//4
f 370//4 311//4 310//4
f 371//4 312//4 311//4
f 372//4 313//4 312//4
f 373//4 314//4 313//4
f 374//4 315//4 314//4
f 375//4 316//4 315//4
f 421//4 362//4 361//4
f 422//4 363//4 362//4
f 423//4 364//4 363//4
f 424//4 365//4 364//4
f 425//4 366//4 365//4
f 426//4 367//4 366//4
f 427//4 368//4 367//4
f 428//4 369//4 368//4
f 429//4 370//4 369//4
f 430//4 371//4 370//4
f 431//4 372//4 371//4
f 432//4 373//4 372//4
f 433//4 374//4 373//4
f 434//4 375//4 374//4
f 435//4 376//4 375//4
f 481//4 422//4 421//4
f 482//4 423//4 422//4
f 483//4 424//4 423//4
f 484//4 425//4 424//4
f 485//4 426//4 425//4
f 486//4 427//4 426//4
f 487//4 428//4 427//4
f 488//4 429//4 428//4
f 489//4 430//4 429//4
f 490//4 431//4 430//4
f 491//4 432//4 431//4
f 492//4 433//4 432//4
f 493//4 434//4 433//4
f 494//4 435//4 434//4
f 495//4 436//4 435//4
f 541//4 482//4 481//4
f 542//4 483//4 482//4
f 543//4 484//4 483//4
f 544//4 485//4 484//4
f 545//4 486//4 485//4
f 546//4 487//4 486//4
f 547//4 488//4 487//4
f 548//4 489//4 488//4
f 549//4 490//4 489//4
f 550//4 491//4 490//4
f 551//4 492//4 491//4
f 552//4 493//4 492//4
f 553//4 494//4 493//4
f 554//4 495//4 494//4
f 555//4 496//4 495//4
f 601//4 542//4 541//4
f 602//4 543//4 542//4
f 603//4 544//4 543//4
f 604//4 545//4 544//4
f 605//4 546//4 545//4
f 606//4 547//4 546//4
f 607//4 548//4 547//4
f 608//4 549//4 548//4
f 609//4 550//4 549//4
f 610//4 551//4 550//4
f 611//4 552//4 551//4
f 612//4 553//4 552//4
f 613//4 554//4 553//4
f 614//4 555//4 554//4
f 615//4 556//4 555//4
f 661//4 602//4 601//4
f 662//4 603//4 602//4
f 663//4 604//4 603//4
f 664//4 605//4 604//4
f 665//4 606//4 605//4
f 666//4 607//4 606//4
f 667//4 608//4 607//4
f 668//4 609//4 608//4
f 669//4 610//4 609//4
f 670//4 611//4 610//4
f 671//4 612//4 611//4
f 672//4 613//4 612//4
f 673//4 614//4 613//4
f 674//4 615//4 614//4
f 675//4 616//4 615//4
f 721//4 662//4 661//4
f 722//4 663//4 662//4
f 723//4 664//4 663//4
f 724//4 665//4 664//4
f 725//4 666//4 665//4
f 726//4 667//4 666//4
f 727//4 668//4 667//4
f 728//4 669//4 668//4
f 729//4 670//4 669//4
f 730//4 671//4 670//4
f 731//4 672//4 671//4
f 732//4 673//4 672//4
f 733//4 674//4 673//4
f 734//4 675//4 674//4
f 735//4 676//4 675//4
f 781//4 722//4 721//4
f 782//4 723//4 722//4
f 783//4 724//4 723//4
f 784//4 725//4 724//4
f 785//4 726//4 725//4
f 786//4 727//4 726//4
f 787//4 728//4 727//4
f 788//4 729//4 728//4
f 789//4 730//4 729//4
f 790//4 731//4 730//4
f 791//4 732//4 731//4
f 792//4 733//4 732//4
f 793//4 734//4 733//4
f 794//4 735//4 734//4
f 795//4 736//4 735//4
f 841//4 782//4 781//4
f 842//4 783//4 782//4
f 843//4 784//4 783//4
f 844//4 785//4 784//4
f 845//4 786//4 785//4
f 846//4 787//4 786//4
f 847//4 788//4 787//4
f 848//4 789//4 788//4
f 849//4 790//4 789//4
f 850//4 791//4 790//4
f 851//4 792//4 791//4
f 852//4 793//4 792//4
f 853//4 794//4 793//4
f 854//4 795//4 794//4
f 855//4 796//4 795//4
f 901//4 842//4 841//4
f 902//4 843//4 842//4
f 903//4 844//4 843//4
f 904//4 845//4 844//4
f 905//4 846//4 845//4
f 906//4 847//4 846//4
f 907//4 848//4 847//4
f 908//4 849//4 848//4
f 909//4 850//4 849//4
f 910//4 851//4 850//4
f 911//4 852//4 851//4
f 912//4 853//4 852//4
f 913//4 854//4 853//4
f 914//4 855//4 854//4
f 915//4 856//4 855//4
f 961//4 902//4 901//4
f 962//4 903//4 902//4
f 963//4 904//4 903//4
f 964//4 905//4 904//4
f 965//4 906//4 905//4
f 966//4 907//4 906//4
f 967//4 908//4 907//4
f 968//4 909//4 908//4
f 969//4 910//4 909//4
f 970//4 911//4 910//4
f 971//4 912//4 911//4
f 972//4 913//4 912//4
f 973//4 914//4 913//4
f 974//4 915//4 914//4
f 975//4 916//4 915//4
f 1021//4 962//4 961//4
f 1022//4 963//4 962//4
f 1023//4 964//4 963//4
f 1024//4 965//4 964//4
f 1025//4 966//4 965//4
f 1026//4 967//4 966//4
f 1027//4 968//4 967//4
f 1028//4 969//4 968//4
f 1029//4 970//4 969//4
f 1030//4 971//4 970//4
f 1031//4 972//4 971//4
f 1032//4 973//4 972//4
f 1033//4 974//4 973//4
f 1034//4 975//4 974//4
f 1035//4 976//4 975//4
f 1081//4 1022//4 1021//4
f 1082//4 1023//4 1022//4
f 1083//4 1024//4 1023//4
f 1084//4 1025//4 1024//4
f 1085//4 1026//4 1025//4
f 1086//4 1027//4 1026//4
f 1087//4 1028//4 1027//4
f 1088//4 1029//4 1028//4
f 1089//4 1030//4 1029//4
f 1090//4 1031//4 1030//4
f 1091//4 1032//4 1031//4
f 1092//4 1033//4 1032//4
f 1093//4 1034//4 1033//4
f 1094//4 1035//4 1034//4
f 1095//4 1036//4 1035//4
f 1337//4 1082//4 1081//4
f 1338//4 1083//4 1082//4
f 1339//4 1084//4 1083//4
f 1340//4 1085//4 1084//4
f 1341//4 1086//4 1085//4
f 1342//4 1087//4 1086//4
f 1343//4 1088//4 1087//4
f 1344//4 1089//4 1088//4
f 1345//4 1090//4 1089//4
f 1346//4 1091//4 1090//4
f 1347//4 1092//4 1091//4
f 1348//4 1093//4 1092//4
f 1349//4 1094//4 1093//4
f 1350//4 1095//4 1094//4
f 1351//4 1096//4 1095//4
f 257//5 17//5 1//5
f 273//5 33//5 17//5
f 275//5 49//5 33//5
f 277//5 65//5 49//5
f 279//5 81//5 65//5
f 281//5 97//5 81//5
f 283//5 113//5 97//5
f 285//5 129//5 113//5
f 287//5 145//5 129//5
f 289//5 161//5 145//5
f 291//5 177//5 161//5
f 293//5 193//5 177//5
f 295//5 209//5 193//5
f 297//5 225//5 209//5
f 299//5 241//5 225//5
f 317//5 273//5 257//5
f 333//5 275//5 273//5
f 335//5 277//5 275//5
f 337//5 279//5 277//5
f 339//5 281//5 279//5
f 341//5 283//5 281//5
f 343//5 285//5 283//5
f 345//5 287//5 285//5
f 347//5 289//5 287//5
f 349//5 291//5 289//5
f 351//5 293//5 291//5
f 353//5 295//5 293//5
f 355//5 297//5 295//5
f 357//5 299//5 297//5
f 359//5 301//5 299//5
f 377//5 333//5 317//5
f 393//5 335//5 333//5
f 395//5 337//5 335//5
f 397//5 339//5 337//5
f 399//5 341//5 339//5
f 401//5 343//5 341//5
f 403//5 345//5 343//5
f 405//5 347//5 345//5
f 407//5 349//5 347//5
f 409//5 351//5 349//5
f 411//5 353//5 351//5
f 413//5 355//5 353//5
f 415//5 357//5 355//5
f 417//5 359//5 357//5
f 419//5 361//5 359//5
f 437//5 393//5 377//5
f 453//5 395//5 393//5
f 455//5 397//5 395//5
f 457//5 399//5 397//5
f 459//5 401//5 399//5
f 461//5 403//5 401//5
f 463//5 405//5 403//5
f 465//5 407//5 405//5
f 467//5 409//5 407//5
f 469//5 411//5 409//5
f 471//5 413//5 411//5
f 473//5 415//5 413//5
f 475//5 417//5 415//5
f 477//5 419//5 417//5
f 479//5 421//5 419//5
f 497//5 453//5 437//5
f 513//5 455//5 453//5
f 515//5 457//5 455//5
f 517//5 459//5 457//5
f 519//5 461//5 459//5
f 521//5 463//5 461//5
f 523//5 465//5 463//5
f 525//5 467//5 465//5
f 527//5 469//5 467//5
f 529//5 471//5 469//5
f 531//5 473//5 471//5
f 533//5 475//5 473//5
f 535//5 477//5 475//5
f 537//5 479//5 477//5
f 539//5 481//5 479//5
f 557//5 513//5 497//5
f 573//5 515//5 513//5
f 575//5 517//5 515//5
f 577//5 519//5 517//5
f 579//5 521//5 519//5
f 581//5 523//5 521//5
f 583//5 525//5 523//5
f 585//5 527//5 525//5
f 587//5 529//5 527//5
f 589//5 531//5 529//5
f 591//5 533//5 531//5
f 593//5 535//5 533//5
f 595//5 537//5 535//5
f 597//5 539//5 537//5
f 599//5 541//5 539//5
f 617//5 573//5 557//5
f 633//5 575//5 573//5
f 635//5 577//5 575//5
f 637//5 579//5 577//5
f 639//5 581//5 579//5
f 641//5 583//5 581//5
f 643//5 585//5 583//5
f 645//5 587//5 585//5
f 647//5 589//5 587//5
f 649//5 591//5 589//5
f 651//5 593//5 591//5
f 653//5 595//5 593//5
f 655//5 597//5 595//5
f 657//5 599//5 597//5
f 659//5 601//5 599//5
f 677//5 633//5 617//5
f 693//5 635//5 633//5
f 695//5 637//5 635//5
f 697//5 639//5 637//5
f 699//5 641//5 639//5
f 701//5 643//5 641//5
f 703//5 645//5 643//5
f 705//5 647//5 645//5
f 707//5 649//5 647//5
f 709//5 651//5 649//5
f 711//5 653//5 651//5
f 713//5 655//5 653//5
f 715//5 657//5 655//5
f 717//5 659//5 657//5
f 719//5 661//5 659//5
f 737//5 693//5 677//5
f 753//5 695//5 693//5
f 755//5 697//5 695//5
f 757//5 699//5 697//5
f 759//5 701//5 699//5
f 761//5 703//5 701//5
f 763//5 705//5 703//5
f 765//5 707//5 705//5
f 767//5 709//5 707//5
f 769//5 711//5 709//5
f 771//5 713//5 711//5
f 773//5 715//5 713//5
f 775//5 717//5 715//5
f 777//5 719//5 717//5
f 779//5 721//5 719//5
f 797//5 753//5 737//5
f 813//5 755//5 753//5
f 815//5 757//5 755//5
f 817//5 759//5 757//5
f 819//5 761//5 759//5
f 821//5 763//5 761//5
f 823//5 765//5 763//5
f 825//5 767//5 765//5
f 827//5 769//5 767//5
f 829//5 771//5 769//5
f 831//5 773//5 771//5
f 833//5 775//5 773//5
f 835//5 777//5 775//5
f 837//5 779//5 777//5
f 839//5 781//5 779//5
f 857//5 813//5 797//5
f 873//5 815//5 813//5
f 875//5 817//5 815//5
f 877//5 819//5 817//5
f 879//5 821//5 819//5
f 881//5 823//5 821//5
f 883//5 825//5 823//5
f 885//5 827//5 825//5
f 887//5 829//5 827//5
f 889//5 831//5 829//5
f 891//5 833//5 831//5
f 893//5 835//5 833//5
f 895//5 837//5 835//5
f 897//5 839//5 837//5
f 899//5 841//5 839//5
f 917//5 873//5 857//5
f 933//5 875//5 873//5
f 935//5 877//5 875//5
f 937//5 879//5 877//5
f 939//5 881//5 879//5
f 941//5 883//5 881//5
f 943//5 885//5 883//5
f 945//5 887//5 885//5
f 947//5 889//5 887//5
f 949//5 891//5 889//5
f 951//5 893//5 891//5
f 953//5 895//5 893//5
f 955//5 897//5 895//5
f 957//5 899//5 897//5
f 959//5 901//5 899//5
f 977//5 933//5 917//5
f 993//5 935//5 933//5
f 995//5 937//5 935//5
f 997//5 939//5 937//5
f 999//5 941//5 939//5
f 1001//5 943//5 941//5
f 1003//5 945//5 943//5
f 1005//5 947//5 945//5
f 1007//5 949//5 947//5
f 1009//5 951//5 949//5
f 1011//5 953//5 951//5
f 1013//5 955//5 953//5
f 1015//5 957//5 955//5
f 1017//5 959//5 957//5
f 1019//5 961//5 959//5
f 1037//5 993//5 977//5
f 1053//5 995//5 993//5
f 1055//5 997//5 995//5
f 1057//5 999//5 997//5
f 1059//5 1001//5 999//5
f 1061//5 1003//5 1001//5
f 1063//5 1005//5 1003//5
f 1065//5 1007//5 1005//5
f 1067//5 1009//5 1007//5
f 1069//5 1011//5 1009//5
f 1071//5 1013//5 1011//5
f 1073//5 1015//5 1013//5
f 1075//5 1017//5 1015//5
f 1077//5 1019//5 1017//5
f 1079//5 1021//5 1019//5
f 1097//5 1053//5 1037//5
f 1113//5 1055//5 1053//5
f 1129//5 1057//5 1055//5
f 1145//5 1059//5 1057//5
f 1161//5 1061//5 1059//5
f 1177//5 1063//5 1061//5
f 1193//5 1065//5 1063//5
f 1209//5 1067//5 1065//5
f 1225//5 1069//5 1067//5
f 1241//5 1071//5 1069//5
f 1257//5 1073//5 1071//5
f 1273//5 1075//5 1073//5
f 1289//5 1077//5 1075//5
f 1305//5 1079//5 1077//5
f 1321//5 1081//5 1079//5
f 32//6 272//6 16//6
f 48//6 274//6 32//6
f 64//6 276//6 48//6
f 80//6 278//6 64//6
f 96//6 280//6 80//6
f 112//6 282//6 96//6
f 128//6 284//6 112//6
f 144//6 286//6 128//6
f 160//6 288//6 144//6
f 176//6 290//6 160//6
f 192//6 292//6 176//6
f 208//6 294//6 192//6
f 224//6 296//6 208//6
f 240//6 298//6 224//6
f 256//6 300//6 240//6
f 274//6 332//6 272//6
f 276//6 334//6 274//6
f 278//6 336//6 276//6
f 280//6 338//6 278//6
f 282//6 340//6 280//6
f 284//6 342//6 282//6
f 286//6 344//6 284//6
f 288//6 346//6 286//6
f 290//6 348//6 288//6
f 292//6 350//6 290//6
f 294//6 352//6 292//6
f 296//6 354//6 294//6
f 298//6 356//6 296//6
f 300//6 358//6 298//6
f 316//6 360//6 300//6
f 334//6 392//6 332//6
f 336//6 394//6 334//6
f 338//6 396//6 336//6
f 340//6 398//6 338//6
f 342//6 400//6 340//6
f 344//6 402//6 342//6
f 346//6 404//6 344//6
f 348//6 406//6 346//6
f 350//6 408//6 348//6
f 352//6 410//6 350//6
f 354//6 412//6 352//6
f 356//6 414//6 354//6
f 358//6 416//6 356//6
f 360//6 418//6 358//6
f 376//6 420//6 360//6
f 394//6 452//6 392//6
f 396//6 454//6 394//6
f 398//6 456//6 396//6
f 400//6 458//6 398//6
f 402//6 460//6 400//6
f 404//6 462//6 402//6
f 406//6 464//6 404//6
f 408//6 466//6 406//6
f 410//6 468//6 408//6
f 412//6 470//6 410//6
f 414//6 472//6 412//6
f 416//6 474//6 414//6
f 418//6 476//6 416//6
f 420//6 478//6 418//6
f 436//6 480//6 420//6
f 454//6 512//6 452//6
f 456//6 514//6 454//6
f 458//6 516//6 456//6
f 460//6 518//6 458//6
f 462//6 520//6 460//6
f 464//6 522//6 462//6
f 466//6 524//6 464//6
f 468//6 526//6 466//6
f 470//6 528//6 468//6
f 472//6 530//6 470//6
f 474//6 532//6 472//6
f 476//6 534//6 474//6
f 478//6 536//6 476//6
f 480//6 538//6 478//6
f 496//6 540//6 480//6
f 514//6 572//6 512//6
f 516//6 574//6 514//6
f 518//6 576//6 516//6
f 520//6 578//6 518//6
f 522//6 580//6 520//6
f 524//6 582//6 522//6
f 526//6 584//6 524//6
f 528//6 586//6 526//6
f 530//6 588//6 528//6
f 532//6 590//6 530//6
f 534//6 592//6 532//6
f 536//6 594//6 534//6
f 538//6 596//6 536//6
f 540//6 598//6 538//6
f 556//6 600//6 540//6
f 574//6 632//6 572//6
f 576//6 634//6 574//6
f 578//6 636//6 576//6
f 580//6 638//6 578//6
f 582//6 640//6 580//6
f 584//6 642//6 582//6
f 586//6 644//6 584//6
f 588//6 646//6 586//6
f 590//6 648//6 588//6
f 592//6 650//6 590//6
f 594//6 652//6 592//6
f 596//6 654//6 594//6
f 598//6 656//6 596//6
f 600//6 658//6 598//6
f 616//6 660//6 600//6
f 634//6 692//6 632//6
f 636//6 694//6 634//6
f 638//6 696//6 636//6
f 640//6 698//6 638//6
f 642//6 700//6 640//6
f 644//6 702//6 642//6
f 646//6 704//6 644//6
f 648//6 706//6 646//6
f 650//6 708//6 648//6
f 652//6 710//6 650//6
f 654//6 712//6 652//6
f 656//6 714//6 654//6
f 658//6 716//6 656//6
f 660//6 718//6 658//6
f 676//6 720//6 660//6
f 694//6 752//6 692//6
f 696//6 754//6 694//6
f 698//6 756//6 696//6
f 700//6 758//6 698//6
f 702//6 760//6 700//6
f 704//6 762//6 702//6
f 706//6 764//6 704//6
f 708//6 766//6 706//6
f 710//6 768//6 708//6
f 712//6 770//6 710//6
f 714//6 772//6 712//6
f 716//6 774//6 714//6
f 718//6 776//6 716//6
f 720//6 778//6 718//6
f 736//6 780//6 720//6
f 754//6 812//6 752//6
f 756//6 814//6 754//6
f 758//6 816//6 756//6
f 760//6 818//6 758//6
f 762//6 820//6 760//6
f 764//6 822//6 762//6
f 766//6 824//6 764//6
f 768//6 826//6 766//6
f 770//6 828//6 768//6
f 772//6 830//6 770//6
f 774//6 832//6 772//6
f 776//6 834//6 774//6
f 778//6 836//6 776//6
f 780//6 838//6 778//6
f 796//6 840//6 780//6
f 814//6 872//6 812//6
f 816//6 874//6 814//6
f 818//6 876//6 816//6
f 820//6 878//6 818//6
f 822//6 880//6 820//6
f 824//6 882//6 822//6
f 826//6 884//6 824//6
f 828//6 886//6 826//6
f 830//6 888//6 828//6
f 832//6 890//6 830//6
f 834//6 892//6 832//6
f 836//6 894//6 834//6
f 838//6 896//6 836//6
f 840//6 898//6 838//6
f 856//6 900//6 840//6
f 874//6 932//6 872//6
f 876//6 934//6 874//6
f 878//6 936//6 876//6
f 880//6 938//6 878//6
f 882//6 940//6 880//6
f 884//6 942//6 882//6
f 886//6 944//6 884//6
f 888//6 946//6 886//6
f 890//6 948//6 888//6
f 892//6 950//6 890//6
f 894//6 952//6 892//6
f 896//6 954//6 894//6
f 898//6 956//6 896//6
f 900//6 958//6 898//6
f 916//6 960//6 900//6
f 934//6 992//6 932//6
f 936//6 994//6 934//6
f 938//6 996//6 936//6
f 940//6 998//6 938//6
f 942//6 1000//6 940//6
f 944//6 1002//6 942//6
f 946//6 1004//6 944//6
f 948//6 1006//6 946//6
f 950//6 1008//6 948//6
f 952//6 1010//6 950//6
f 954//6 1012//6 952//6
f 956//6 1014//6 954//6
f 958//6 1016//6 956//6
f 960//6 1018//6 958//6
f 976//6 1020//6 960//6
f 994//6 1052//6 992//6
f 996//6 1054//6 994//6
f 998//6 1056//6 996//6
f 1000//6 1058//6 998//6
f 1002//6 1060//6 1000//6
f 1004//6 1062//6 1002//6
f 1006//6 1064//6 1004//6
f 1008//6 1066//6 1006//6
f 1010//6 1068//6 1008//6
f 1012//6 1070//6 1010//6
f 1014//6 1072//6 1012//6
f 1016//6 1074//6 1014//6
f 1018//6 1076//6 1016//6
f 1020//6 1078//6 1018//6
f 1036//6 1080//6 1020//6
f 1054//6 1112//6 1052//6
f 1056//6 1128//6 1054//6
f 1058//6 1144//6 1056//6
f 1060//6 1160//6 1058//6
f 1062//6 1176//6 1060//6
f 1064//6 1192//6 1062//6
f 1066//6 1208//6 1064//6
f 1068//6 1224//6 1066//6
f 1070//6 1240//6 1068//6
f 1072//6 1256//6 1070//6
f 1074//6 1272//6 1072//6
f 1076//6 1288//6 1074//6
f 1078//6 1304//6 1076//6
f 1080//6 1320//6 1078//6
f 1096//6 1336//6 1080//6
f 17//1 18//1 2//1
f 18//1 19//1 3//1
f 19//1 20//1 4//1
f 20//1 21//1 5//1
f 21//1 22//1 6//1
f 22//1 23//1 7//1
f 23//1 24//1 8//1
f 24//1 25//1 9//1
f 25//1 26//1 10//1
f 26//1 27//1 11//1
f 27//1 28//1 12//1
f 28//1 29//1 13//1
f 29//1 30//1 14//1
f 30//1 31//1 15//1
f 31//1 32//1 16//1
f 33//1 34//1 18//1
f 34//1 35//1 19//1
f 35//1 36//1 20//1
f 36//1 37//1 21//1
f 37//1 38//1 22//1
f 38//1 39//1 23//1
f 39//1 40//1 24//1
f 40//1 41//1 25//1
f 41//1 42//1 26//1
f 42//1 43//1 27//1
f 43//1 44//1 28//1
f 44//1 45//1 29//1
f 45//1 46//1 30//1
f 46//1 47//1 31//1
f 47//1 48//1 32//1
f 49//1 50//1 34//1
f 50//1 51//1 35//1
f 51//1 52//1 36//1
f 52//1 53//1 37//1
f 53//1 54//1 38//1
f 54//1 55//1 39//1
f 55//1 56//1 40//1
f 56//1 57//1 41//1
f 57//1 58//1 42//1
f 58//1 59//1 43//1
f 59//1 60//1 44//1
f 60//1 61//1 45//1
f 61//1 62//1 46//1
f 62//1 63//1 47//1
f 63//1 64//1 48//1
f 65//1 66//1 50//1
f 66//1 67//1 51//1
f 67//1 68//1 52//1
f 68//1 69//1 53//1
f 69//1 70//1 54//1
f 70//1 71//1 55//1
f 71//1 72//1 56//1
f 72//1 73//1 57//1
f 73//1 74//1 58//1
f 74//1 75//1 59//1
f 75//1 76//1 60//1
f 76//1 77//1 61//1
f 77//1 78//1 62//1
f 78//1 79//1 63//1
f 79//1 80//1 64//1
f 81//1 82//1 66//1
f 82//1 83//1 67//1
f 83//1 84//1 68//1
f 84//1 85//1 69//1
f 85//1 86//1 70//1
f 86//1 87//1 71//1
f 87//1 88//1 72//1
f 88//1 89//1 73//1
f 89//1 90//1 74//1
f 90//1 91//1 75//1
f 91//1 92//1 76//1
f 92//1 93//1 77//1
f 93//1 94//1 78//1
f 94//1 95//1 79//1
f 95//1 96//1 80//1
f 97//1 98//1 82//1
f 98//1 99//1 83//1
f 99//1 100//1 84//1
f 100//1 101//1 85//1
f 101//1 102//1 86//1
f 102//1 103//1 87//1
f 103//1 104//1 88//1
f 104//1 105//1 89//1
f 105//1 106//1 90//1
f 106//1 107//1 91//1
f 107//1 108//1 92//1
f 108//1 109//1 93//1
f 109//1 110//1 94//1
f 110//1 111//1 95//1
f 111//1 112//1 96//1
f 113//1 114//1 98//1
f 114//1 115//1 99//1
f 115//1 116//1 100//1
f 116//1 117//1 101//1
f 117//1 118//1 102//1
f 118//1 119//1 103//1
f 119//1 120//1 104//1
f 120//1 121//1 105//1
f 121//1 122//1 106//1
f 122//1 123//1 107//1
f 123//1 124//1 108//1
f 124//1 125//1 109//1
f 125//1 126//1 110//1
f 126//1 127//1 111//1
f 127//1 128//1 112//1
f 129//1 130//1 114//1
f 130//1 131//1 115//1
f 131//1 132//1 116//1
f 132//1 133//1 117//1
f 133//1 134//1 118//1
f 134//1 135//1 119//1
f 135//1 136//1 120//1
f 136//1 137//1 121//1
f 137//1 138//1 122//1
f 138//1 139//1 123//1
f 139//1 140//1 124//1
f 140//1 141//1 125//1
f 141//1 142//1 126//1
f 142//1 143//1 127//1
f 143//1 144//1 128//1
f 145//1 146//1 130//1
f 146//1 147//1 131//1
f 147//1 148//1 132//1
f 148//1 149//1 133//1
f 149//1 150//1 134//1
f 150//1 151//1 135//1
f 151//1 152//1 136//1
f 152//1 153//1 137//1
f 153//1 154//1 138//1
f 154//1 155//1 139//1
f 155//1 156//1 140//1
f 156//1 157//1 141//1
f 157//1 158//1 142//1
f 158//1 159//1 143//1
f 159//1 160//1 144//1
f 161//1 162//1 146//1
f 162//1 163//1 147//1
f 163//1 164//1 148//1
f 164//1 165//1 149//1
f 165//1 166//1 150//1
f 166//1 167//1 151//1
f 167//1 168//1 152//1
f 168//1 169//1 153//1
f 169//1 170//1 154//1
f 170//1 171//1 155//1
f 171//1 172//1 156//1
f 172//1 173//1 157//1
f 173//1 174//1 158//1
f 174//1 175//1 159//1
f 175//1 176//1 160//1
f 177//1 178//1 162//1
f 178//1 179//1 163//1
f 179//1 180//1 164//1
f 180//1 181//1 165//1
f 181//1 182//1 166//1
f 182//1 183//1 167//1
f 183//1 184//1 168//1
f 184//1 185//1 169//1
f 185//1 186//1 170//1
f 186//1 187//1 171//1
f 187//1 188//1 172//1
f 188//1 189//1 173//1
f 189//1 190//1 174//1
f 190//1 191//1 175//1
f 191//1 192//1 176//1
f 193//1 194//1 178//1
f 194//1 195//1 179//1
f 195//1 196//1 180//1
f 196//1 197//1 181//1
f 197//1 198//1 182//1
f 198//1 199//1 183//1
f 199//1 200//1 184//1
f 200//1 201//1 185//1
f 201//1 202//1 186//1
f 202//1 203//1 187//1
f 203//1 204//1 188//1
f 204//1 205//1 189//1
f 205//1 206//1 190//1
f 206//1 207//1 191//1
f 207//1 208//1 192//1
f 209//1 210//1 194//1
f 210//1 211//1 195//1
f 211//1 212//1 196//1
f 212//1 213//1 197//1
f 213//1 214//1 198//1
f 214//1 215//1 199//1
f 215//1 216//1 200//1
f 216//1 217//1 201//1
f 217//1 218//1 202//1
f 218//1 219//1 203//1
f 219//1 220//1 204//1
f 220//1 221//1 205//1
f 221//1 222//1 206//1
f 222//1 223//1 207//1
f 223//1 224//1 208//1
f 225//1 226//1 210//1
f 226//1 227//1 211//1
f 227//1 228//1 212//1
f 228//1 229//1 213//1
f 229//1 230//1 214//1
f 230//1 231//1 215//1
f 231//1 232//1 216//1
f 232//1 233//1 217//1
f 233//1 234//1 218//1
f 234//1 235//1 219//1
f 235//1 236//1 220//1
f 236//1 237//1 221//1
f 237//1 238//1 222//1
f 238//1 239//1 223//1
f 239//1 240//1 224//1
f 241//1 242//1 226//1
f 242//1 243//1 227//1
f 243//1 244//1 228//1
f 244//1 245//1 229//1
f 245//1 246//1 230//1
f 246//1 247//1 231//1
f 247//1 248//1 232//1
f 248//1 249//1 233//1
f 249//1 250//1 234//1
f 250//1 251//1 235//1
f 251//1 252//1 236//1
f 252//1 253//1 237//1
f 253//1 254//1 238//1
f 254//1 255//1 239//1
f 255//1 256//1 240//1
f 2//2 258//2 257//2
f 3//2 259//2 258//2
f 4//2 260//2 259//2
f 5//2 261//2 260//2
f 6//2 262//2 261//2
f 7//2 263//2 262//2
f 8//2 264//2 263//2
f 9//2 265//2 264//2
f 10//2 266//2 265//2
f 11//2 267//2 266//2
f 12//2 268//2 267//2
f 13//2 269//2 268//2
f 14//2 270//2 269//2
f 15//2 271//2 270//2
f 16//2 272//2 271//2
f 258//2 318//2 317//2
f 259//2 319//2 318//2
f 260//2 320//2 319//2
f 261//2 321//2 320//2
f 262//2 322//2 321//2
f 263//2 323//2 322//2
f 264//2 324//2 323//2
f 265//2 325//2 324//2
f 266//2 326//2 325//2
f 267//2 327//2 326//2
f 268//2 328//2 327//2
f 269//2 329//2 328//2
f 270//2 330//2 329//2
f 271//2 331//2 330//2
f 272//2 332//2 331//2
f 318//2 378//2 377//2
f 319//2 379//2 378//2
f 320//2 380//2 379//2
f 321//2 381//2 380//2
f 322//2 382//2 381//2
f 323//2 383//2 382//2
f 324//2 384//2 383//2
f 325//2 385//2 384//2
f 326//2 386//2 385//2
f 327//2 387//2 386//2
f 328//2 388//2 387//2
f 329//2 389//2 388//2
f 330//2 390//2 389//2
f 331//2 391//2 390//2
f 332//2 392//2 391//2
f 378//2 438//2 437//2
f 379//2 439//2 438//2
f 380//2 440//2 439//2
f 381//2 441//2 440//2
f 382//2 442//2 441//2
f 383//2 443//2 442//2
f 384//2 444//2 443//2
f 385//2 445//2 444//2
f 386//2 446//2 445//2
f 387//2 447//2 446//2
f 388//2 448//2 447//2
f 389//2 449//2 448//2
f 390//2 450//2 449//2
f 391//2 451//2 450//2
f 392//2 452//2 451//2
f 438//2 498//2 497//2
f 439//2 499//2 498//2
f 440//2 500//2 499//2
f 441//2 501//2 500//2
f 442//2 502//2 501//2
f 443//2 503//2 502//2
f 444//2 504//2 503//2
f 445//2 505//2 504//2
f 446//2 506//2 505//2
f 447//2 507//2 506//2
f 448//2 508//2 507//2
f 449//2 509//2 508//2
f 450//2 510//2 509//2
f 451//2 511//2 510//2
f 452//2 512//2 511//2
f 498//2 558//2 557//2
f 499//2 559//2 558//2
f 500//2 560//2 559//2
f 501//2 561//2 560//2
f 502//2 562//2 561//2
f 503//2 563//2 562//2
f 504//2 564//2 563//2
f 505//2 565//2 564//2
f 506//2 566//2 565//2
f 507//2 567//2 566//2
f 508//2 568//2 567//2
f 509//2 569//2 568//2
f 510//2 570//2 569//2
f 511//2 571//2 570//2
f 512//2 572//2 571//2
f 558//2 618//2 617//2
f 559//2 619//2 618//2
f 560//2 620//2 619//2
f 561//2 621//2 620//2
f 562//2 622//2 621//2
f 563//2 623//2 622//2
f 564//2 624//2 623//2
f 565//2 625//2 624//2
f 566//2 626//2 625//2
f 567//2 627//2 626//2
f 568//2 628//2 627//2
f 569//2 629//2 628//2
f 570//2 630//2 629//2
f 571//2 631//2 630//2
f 572//2 632//2 631//2
f 618//2 678//2 677//2
f 619//2 679//2 678//2
f 620//2 680//2 679//2
f 621//2 681//2 680//2
f 622//2 682//2 681//2
f 623//2 683//2 682//2
f 624//2 684//2 683//2
f 625//2 685//2 684//2
f 626//2 686//2 685//2
f 627//2 687//2 686//2
f 628//2 688//2 687//2
f 629//2 689//2 688//2
f 630//2 690//2 689//2
f 631//2 691//2 690//2
f 632//2 692//2 691//2
f 678//2 738//2 737//2
f 679//2 739//2 738//2
f 680//2 740//2 739//2
f 681//2 741//2 740//2
f 682//2 742//2 741//2
f 683//2 743//2 742//2
f 684//2 744//2 743//2
f 685//2 745//2 744//2
f 686//2 746//2 745//2
f 687//2 747//2 746//2
f 688//2 748//2 747//2
f 689//2 749//2 748//2
f 690//2 750//2 749//2
f 691//2 751//2 750//2
f 692//2 752//2 751//2
f 738//2 798//2 797//2
f 739//2 799//2 798//2
f 740//2 800//2 799//2
f 741//2 801//2 800//2
f 742//2 802//2 801//2
f 743//2 803//2 802//2
f 744//2 804//2 803//2
f 745//2 805//2 804//2
f 746//2 806//2 805//2
f 747//2 807//2 806//2
f 748//2 808//2 807//2
f 749//2 809//2 808//2
f 750//2 810//2 809//2
f 751//2 811//2 810//2
f 752//2 812//2 811//2
f 798//2 858//2 857//2
f 799//2 859//2 858//2
f 800//2 860//2 859//2
f 801//2 861//2 860//2
f 802//2 862//2 861//2
f 803//2 863//2 862//2
f 804//2 864//2 863//2
f 805//2 865//2 864//2
f 806//2 866//2 865//2
f 807//2 867//2 866//2
f 808//2 868//2 867//2
f 809//2 869//2 868//2
f 810//2 870//2 869//2
f 811//2 871//2 870//2
f 812//2 872//2 871//2
f 858//2 918//2 917//2
f 859//2 919//2 918//2
f 860//2 920//2 919//2
f 861//2 921//2 920//2
f 862//2 922//2 921//2
f 863//2 923//2 922//2
f 864//2 924//2 923//2
f 865//2 925//2 924//2
f 866//2 926//2 925//2
f 867//2 927//2 926//2
f 868//2 928//2 927//2
f 869//2 929//2 928//2
f 870//2 930//2 929//2
f 871//2 931//2 930//2
f 872//2 932//2 931//2
f 918//2 978//2 977//2
f 919//2 979//2 978//2
f 920//2 980//2 979//2
f 921//2 981//2 980//2
f 922//2 982//2 981//2
f 923//2 983//2 982//2
f 924//2 984//2 983//2
f 925//2 985//2 984//2
f 926//2 986//2 985//2
f 927//2 987//2 986//2
f 928//2 988//2 987//2
f 929//2 989//2 988//2
f 930//2 990//2 989//2
f 931//2 991//2 990//2
f 932//2 992//2 991//2
f 978//2 1038//2 1037//2
f 979//2 1039//2 1038//2
f 980//2 1040//2 1039//2
f 981//2 1041//2 1040//2
f 982//2 1042//2 1041//2
f 983//2 1043//2 1042//2
f 984//2 1044//2 1043//2
f 985//2 1045//2 1044//2
f 986//2 1046//2 1045//2
f 987//2 1047//2 1046//2
f 988//2 1048//2 1047//2
f 989//2 1049//2 1048//2
f 990//2 1050//2 1049//2
f 991//2 1051//2 1050//2
f 992//2 1052//2 1051//2
f 1038//2 1098//2 1097//2
f 1039//2 1099//2 1098//2
f 1040//2 1100//2 1099//2
f 1041//2 1101//2 1100//2
f 1042//2 1102//2 1101//2
f 1043//2 1103//2 1102//2
f 1044//2 1104//2 1103//2
f 1045//2 1105//2 1104//2
f 1046//2 1106//2 1105//2
f 1047//2 1107//2 1106//2
f 1048//2 1108//2 1107//2
f 1049//2 1109//2 1108//2
f 1050//2 1110//2 1109//2
f 1051//2 1111//2 1110//2
f 1052//2 1112//2 1111//2
f 1098//3 1114//3 1113//3
f 1099//3 1115//3 1114//3
f 1100//3 1116//3 1115//3
f 1101//3 1117//3 1116//3
f 1102//3 1118//3 1117//3
f 1103//3 1119//3 1118//3
f 1104//3 1120//3 1119//3
f 1105//3 1121//3 1120//3
f 1106//3 1122//3 1121//3
f 1107//3 1123//3 1122//3
f 1108//3 1124//3 1123//3
f 1109//3 1125//3 1124//3
f 1110//3 1126//3 1125//3
f 1111//3 1127//3 1126//3
f 1112//3 1128//3 1127//3
f 1114//3 1130//3 1129//3
f 1115//3 1131//3 1130//3
f 1116//3 1132//3 1131//3
f 1117//3 1133//3 1132//3
f 1118//3 1134//3 1133//3
f 1119//3 1135//3 1134//3
f 1120//3 1136//3 1135//3
f 1121//3 1137//3 1136//3
f 1122//3 1138//3 1137//3
f 1123//3 1139//3 1138//3
f 1124//3 1140//3 1139//3
f 1125//3 1141//3 1140//3
f 1126//3 1142//3 1141//3
f 1127//3 1143//3 1142//3
f 1128//3 1144//3 1143//3
f 1130//3 1146//3 1145//3
f 1131//3 1147//3 1146//3
f 1132//3 1148//3 1147//3
f 1133//3 1149//3 1148//3
f 1134//3 1150//3 1149//3
f 1135//3 1151//3 1150//3
f 1136//3 1152//3 1151//3
f 1137//3 1153//3 1152//3
f 1138//3 1154//3 1153//3
f 1139//3 1155//3 1154//3
f 1140//3 1156//3 1155//3
f 1141//3 1157//3 1156//3
f 1142//3 1158//3 1157//3
f 1143//3 1159//3 1158//3
f 1144//3 1160//3 1159//3
f 1146//3 1162//3 1161//3
f 1147//3 1163//3 1162//3
f 1148//3 1164//3 1163//3
f 1149//3 1165//3 1164//3
f 1150//3 1166//3 1165//3
f 1151//3 1167//3 1166//3
f 1152//3 1168//3 1167//3
f 1153//3 1169//3 1168//3
f 1154//3 1170//3 1169//3
f 1155//3 1171//3 1170//3
f 1156//3 1172//3 1171//3
f 1157//3 1173//3 1172//3
f 1158//3 1174//3 1173//3
f 1159//3 1175//3 1174//3
f 1160//3 1176//3 1175//3
f 1162//3 1178//3 1177//3
f 1163//3 1179//3 1178//3
f 1164//3 1180//3 1179//3
f 1165//3 1181//3 1180//3
f 1166//3 1182//3 1181//3
f 1167//3 1183//3 1182//3
f 1168//3 1184//3 1183//3
f 1169//3 1185//3 1184//3
f 1170//3 1186//3 1185//3
f 1171//3 1187//3 1186//3
f 1172//3 1188//3 1187//3
f 1173//3 1189//3 1188//3
f 1174//3 1190//3 1189//3
f 1175//3 1191//3 1190//3
f 1176//3 1192//3 1191//3
f 1178//3 1194//3 1193//3
f 1179//3 1195//3 1194//3
f 1180//3 1196//3 1195//3
f 1181//3 1197//3 1196//3
f 1182//3 1198//3 1197//3
f 1183//3 1199//3 1198//3
f 1184//3 1200//3 1199//3
f 1185//3 1201//3 1200//3
f 1186//3 1202//3 1201//3
f 1187//3 1203//3 1202//3
f 1188//3 1204//3 1203//3
f 1189//3 1205//3 1204//3
f 1190//3 1206//3 1205//3
f 1191//3 1207//3 1206//3
f 1192//3 1208//3 1207//3
f 1194//3 1210//3 1209//3
f 1195//3 1211//3 1210//3
f 1196//3 1212//3 1211//3
f 1197//3 1213//3 1212//3
f 1198//3 1214//3 1213//3
f 1199//3 1215//3 1214//3
f 1200//3 1216//3 1215//3
f 1201//3 1217//3 1216//3
f 1202//3 1218//3 1217//3
f 1203//3 1219//3 1218//3
f 1204//3 1220//3 1219//3
f 1205//3 1221//3 1220//3
f 1206//3 1222//3 1221//3
f 1207//3 1223//3 1222//3
f 1208//3 1224//3 1223//3
f 1210//3 1226//3 1225//3
f 1211//3 1227//3 1226//3
f 1212//3 1228//3 1227//3
f 1213//3 1229//3 1228//3
f 1214//3 1230//3 1229//3
f 1215//3 1231//3 1230//3
f 1216//3 1232//3 1231//3
f 1217//3 1233//3 1232//3
f 1218//3 1234//3 1233//3
f 1219//3 1235//3 1234//3
f 1220//3 1236//3 1235//3
f 1221//3 1237//3 1236//3
f 1222//3 1238//3 1237//3
f 1223//3 1239//3 1238//3
f 1224//3 1240//3 1239//3
f 1226//3 1242//3 1241//3
f 1227//3 1243//3 1242//3
f 1228//3 1244//3 1243//3
f 1229//3 1245//3 1244//3
f 1230//3 1246//3 1245//3
f 1231//3 1247//3 1246//3
f 1232//3 1248//3 1247//3
f 1233//3 1249//3 1248//3
f 1234//3 1250//3 1249//3
f 1235//3 1251//3 1250//3
f 1236//3 1252//3 1251//3
f 1237//3 1253//3 1252//3
f 1238//3 1254//3 1253//3
f 1239//3 1255//3 1254//3
f 1240//3 1256//3 1255//3
f 1242//3 1258//3 1257//3
f 1243//3 1259//3 1258//3
f 1244//3 1260//3 1259//3
f 1245//3 1261//3 1260//3
f 1246//3 1262//3 1261//3
f 1247//3 1263//3 1262//3
f 1248//3 1264//3 1263//3
f 1249//3 1265//3 1264//3
f 1250//3 1266//3 1265//3
f 1251//3 1267//3 1266//3
f 1252//3 1268//3 1267//3
f 1253//3 1269//3 1268//3
f 1254//3 1270//3 1269//3
f 1255//3 1271//3 1270//3
f 1256//3 1272//3 1271//3
f 1258//3 1274//3 1273//3
f 1259//3 1275//3 1274//3
f 1260//3 1276//3 1275//3
f 1261//3 1277//3 1276//3
f 1262//3 1278//3 1277//3
f 1263//3 1279//3 1278//3
f 1264//3 1280//3 1279//3
f 1265//3 1281//3 1280//3
f 1266//3 1282//3 1281//3
f 1267//3 1283//3 1282//3
f 1268//3 1284//3 1283//3
f 1269//3 1285//3 1284//3
f 1270//3 1286//3 1285//3
f 1271//3 1287//3 1286//3
f 1272//3 1288//3 1287//3
f 1274//3 1290//3 1289//3
f 1275//3 1291//3 1290//3
f 1276//3 1292//3 1291//3
f 1277//3 1293//3 1292//3
f 1278//3 1294//3 1293//3
f 1279//3 1295//3 1294//3
f 1280//3 1296//3 1295//3
f 1281//3 1297//3 1296//3
f 1282//3 1298//3 1297//3
f 1283//3 1299//3 1298//3
f 1284//3 1300//3 1299//3
f 1285//3 1301//3 1300//3
f 1286//3 1302//3 1301//3
f 1287//3 1303//3 1302//3
f 1288//3 1304//3 1303//3
f 1290//3 1306//3 1305//3
f 1291//3 1307//3 1306//3
f 1292//3 1308//3 1307//3
f 1293//3 1309//3 1308//3
f 1294//3 1310//3 1309//3
f 1295//3 1311//3 1310//3
f 1296//3 1312//3 1311//3
f 1297//3 1313//3 1312//3
f 1298//3 1314//3 1313//3
f 1299//3 1315//3 1314//3
f 1300//3 1316//3 1315//3
f 1301//3 1317//3 1316//3
f 1302//3 1318//3 1317//3
f 1303//3 1319//3 1318//3
f 1304//3 1320//3 1319//3
f 1306//3 1322//3 1321//3
f 1307//3 1323//3 1322//3
f 1308//3 1324//3 1323//3
f 1309//3 1325//3 1324//3
f 1310//3 1326//3 1325//3
f 1311//3 1327//3 1326//3
f 1312//3 1328//3 1327//3
f 1313//3 1329//3 1328//3
f 1314//3 1330//3 1329//3
f 1315//3 1331//3 1330//3
f 1316//3 1332//3 1331//3
f 1317//3 1333//3 1332//3
f 1318//3 1334//3 1333//3
f 1319//3 1335//3 1334//3
f 1320//3 1336//3 1335//3
f 1322//3 1338//3 1337//3
f 1323//3 1339//3 1338//3
f 1324//3 1340//3 1339//3
f 1325//3 1341//3 1340//3
f 1326//3 1342//3 1341//3
f 1327//3 1343//3 1342//3
f 1328//3 1344//3 1343//3
f 1329//3 1345//3 1344//3
f 1330//3 1346//3 1345//3
f 1331//3 1347//3 1346//3
f 1332//3 1348//3 1347//3
f 1333//3 1349//3 1348//3
f 1334//3 1350//3 1349//3
f 1335//3 1351//3 1350//3
f 1336//3 1352//3 1351//3
f 301//4 302//4 242//4
f 302//4 303//4 243//4
f 303//4 304//4 244//4
f 304//4 305//4 245//4
f 305//4 306//4 246//4
f 306//4 307//4 247//4
f 307//4 308//4 248//4
f 308//4 309//4 249//4
f 309//4 310//4 250//4
f 310//4 311//4 251//4
f 311//4 312//4 252//4
f 312//4 313//4 253//4
f 313//4 314//4 254//4
f 314//4 315//4 255//4
f 315//4 316//4 256//4
f 361//4 362//4 302//4
f 362//4 363//4 303//4
f 363//4 364//4 304//4
f 364//4 365//4 305//4
f 365//4 366//4 306//4
f 366//4 367//4 307//4
f 367//4 368//4 308//4
f 368//4 369//4 309//4
f 369//4 370//4 310//4
f 370//4 371//4 311//4
f 371//4 372//4 312//4
f 372//4 373//4 313//4
f 373//4 374//4 314//4
f 374//4 375//4 315//4
f 375//4 376//4 316//4
f 421//4 422//4 362//4
f 422//4 423//4 363//4
f 423//4 424//4 364//4
f 424//4 425//4 365//4
f 425//4 426//4 366//4
f 426//4 427//4 367//4
f 427//4 428//4 368//4
f 428//4 429//4 369//4
f 429//4 430//4 370//4
f 430//4 431//4 371//4
f 431//4 432//4 372//4
f 432//4 433//4 373//4
f 433//4 434//4 374//4
f 434//4 435//4 375//4
f 435//4 436//4 376//4
f 481//4 482//4 422//4
f 482//4 483//4 423//4
f 483//4 484//4 424//4
f 484//4 485//4 425//4
f 485//4 486//4 426//4
f 486//4 487//4 427//4
f 487//4 488//4 428//4
f 488//4 489//4 429//4
f 489//4 490//4 430//4
f 490//4 491//4 431//4
f 491//4 492//4 432//4
f 492//4 493//4 433//4
f 493//4 494//4 434//4
f 494//4 495//4 435//4
f 495//4 496//4 436//4
f 541//4 542//4 482//4
f 542//4 543//4 483//4
f 543//4 544//4 484//4
f 544//4 545//4 485//4
f 545//4 546//4 486//4
f 546//4 547//4 487//4
f 547//4 548//4 488//4
f 548//4 549//4 489//4
f 549//4 550//4 490//4
f 550//4 551//4 491//4
f 551//4 552//4 492//4
f 552//4 553//4 493//4
f 553//4 554//4 494//4
f 554//4 555//4 495//4
f 555//4 556//4 496//4
f 601//4 602//4 542//4
f 602//4 603//4 543//4
f 603//4 604//4 544//4
f 604//4 605//4 545//4
f 605//4 606//4 546//4
f 606//4 607//4 547//4
f 607//4 608//4 548//4
f 608//4 609//4 549//4
f 609//4 610//4 550//4
f 610//4 611//4 551//4
f 611//4 612//4 552//4
f 612//4 613//4 553//4
f 613//4 614//4 554//4
f 614//4 615//4 555//4
f 615//4 616//4 556//4
f 661//4 662//4 602//4
f 662//4 663//4 603//4
f 663//4 664//4 604//4
f 664//4 665//4 605//4
f 665//4 666//4 606//4
f 666//4 667//4 607//4
f 667//4 668//4 608//4
f 668//4 669//4 609//4
f 669//4 670//4 610//4
f 670//4 671//4 611//4
f 671//4 672//4 612//4
f 672//4 673//4 613//4
f 673//4 674//4 614//4
f 674//4 675//4 615//4
f 675//4 676//4 616//4
f 721//4 722//4 662//4
f 722//4 723//4 663//4
f 723//4 724//4 664//4
f 724//4 725//4 665//4
f 725//4 726//4 666//4
f 726//4 727//4 667//4
f 727//4 728//4 668//4
f 728//4 729//4 669//4
f 729//4 730//4 670//4
f 730//4 731//4 671//4
f 731//4 732//4 672//4
f 732//4 733//4 673//4
f 733//4 734//4 674//4
f 734//4 735//4 675//4
f 735//4 736//4 676//4
f 781//4 782//4 722//4
f 782//4 783//4 723//4
f 783//4 784//4 724//4
f 784//4 785//4 725//4
f 785//4 786//4 726//4
f 786//4 787//4 727//4
f 787//4 788//4 728//4
f 788//4 789//4 729//4
f 789//4 790//4 730//4
f 790//4 791//4 731//4
f 791//4 792//4 732//4
f 792//4 793//4 733//4
f 793//4 794//4 734//4
f 794//4 795//4 735//4
f 795//4 796//4 736//4
f 841//4 842//4 782//4
f 842//4 843//4 783//4
f 843//4 844//4 784//4
f 844//4 845//4 785//4
f 845//4 846//4 786//4
f 846//4 847//4 787//4
f 847//4 848//4 788//4
f 848//4 849//4 789//4
f 849//4 850//4 790//4
f 850//4 851//4 791//4
f 851//4 852//4 792//4
f 852//4 853//4 793//4
f 853//4 854//4 794//4
f 854//4 855//4 795//4
f 855//4 856//4 796//4
f 901//4 902//4 842//4
f 902//4 903//4 843//4
f 903//4 904//4 844//4
f 904//4 905//4 845//4
f 905//4 906//4 846//4
f 906//4 907//4 847//4
f 907//4 908//4 848//4
f 908//4 909//4 849//4
f 909//4 910//4 850//4
f 910//4 911//4 851//4
f 911//4 912//4 852//4
f 912//4 913//4 853//4
f 913//4 914//4 854//4
f 914//4 915//4 855//4
f 915//4 916//4 856//4
f 961//4 962//4 902//4
f 962//4 963//4 903//4
f 963//4 964//4 904//4
f 964//4 965//4 905//4
f 965//4 966//4 906//4
f 966//4 967//4 907//4
f 967//4 968//4 908//4
f 968//4 969//4 909//4
f 969//4 970//4 910//4
f 970//4 971//4 911//4
f 971//4 972//4 912//4
f 972//4 973//4 913//4
f 973//4 974//4 914//4
f 974//4 975//4 915//4
f 975//4 976//4 916//4
f 1021//4 1022//4 962//4
f 1022//4 1023//4 963//4
f 1023//4 1024//4 964//4
f 1024//4 1025//4 965//4
f 1025//4 1026//4 966//4
f 1026//4 1027//4 967//4
f 1027//4 1028//4 968//4
f 1028//4 1029//4 969//4
f 1029//4 1030//4 970//4
f 1030//4 1031//4 971//4
f 1031//4 1032//4 972//4
f 1032//4 1033//4 973//4
f 1033//4 1034//4 974//4
f 1034//4 1035//4 975//4
f 1035//4 1036//4 976//4
f 1081//4 1082//4 1022//4
f 1082//4 1083//4 1023//4
f 1083//4 1084//4 1024//4
f 1084//4 1085//4 1025//4
f 1085//4 1086//4 1026//4
f 1086//4 1087//4 1027//4
f 1087//4 1088//4 1028//4
f 1088//4 1089//4 1029//4
f 1089//4 1090//4 1030//4
f 1090//4 1091//4 1031//4
f 1091//4 1092//4 1032//4
f 1092//4 1093//4 1033//4
f 1093//4 1094//4 1034//4
f 1094//4 1095//4 1035//4
f 1095//4 1096//4 1036//4
f 1337//4 1338//4 1082//4
f 1338//4 1339//4 1083//4
f 1339//4 1340//4 1084//4
f 1340//4 1341//4 1085//4
f 1341//4 1342//4 1086//4
f 1342//4 1343//4 1087//4
f 1343//4 1344//4 1088//4
f 1344//4 1345//4 1089//4
f 1345//4 1346//4 1090//4
f 1346//4 1347//4 1091//4
f 1347//4 1348//4 1092//4
f 1348//4 1349//4 1093//4
f 1349//4 1350//4 1094//4
f 1350//4 1351//4 1095//4
f 1351//4 1352//4 1096//4
f 257//5 273//5 17//5
f 273//5 275//5 33//5
f 275//5 277//5 49//5
f 277//5 279//5 65//5
f 279//5 281//5 81//5
f 281//5 283//5 97//5
f 283//5 285//5 113//5
f 285//5 287//5 129//5
f 287//5 289//5 145//5
f 289//5 291//5 161//5
f 291//5 293//5 177//5
f 293//5 295//5 193//5
f 295//5 297//5 209//5
f 297//5 299//5 225//5
f 299//5 301//5 241//5
f 317//5 333//5 273//5
f 333//5 335//5 275//5
f 335//5 337//5 277//5
f 337//5 339//5 279//5
f 339//5 341//5 281//5
f 341//5 343//5 283//5
f 343//5 345//5 285//5
f 345//5 347//5 287//5
f 347//5 349//5 289//5
f 349//5 351//5 291//5
f 351//5 353//5 293//5
f 353//5 355//5 295//5
f 355//5 357//5 297//5
f 357//5 359//5 299//5
f 359//5 361//5 301//5
f 377//5 393//5 333//5
f 393//5 395//5 335//5
f 395//5 397//5 337//5
f 397//5 399//5 339//5
f 399//5 401//5 341//5
f 401//5 403//5 343//5
f 403//5 405//5 345//5
f 405//5 407//5 347//5
f 407//5 409//5 349//5
f 409//5 411//5 351//5
f 411//5 413//5 353//5
f 413//5 415//5 355//5
f 415//5 417//5 357//5
f 417//5 419//5 359//5
f 419//5 421//5 361//5
f 437//5 453//5 393//5
f 453//5 455//5 395//5
f 455//5 457//5 397//5
f 457//5 459//5 399//5
f 459//5 461//5 401//5
f 461//5 463//5 403//5
f 463//5 465//5 405//5
f 465//5 467//5 407//5
f 467//5 469//5 409//5
f 469//5 471//5 411//5
f 471//5 473//5 413//5
f 473//5 475//5 415//5
f 475//5 477//5 417//5
f 477//5 479//5 419//5
f 479//5 481//5 421//5
f 497//5 513//5 453//5
f 513//5 515//5 455//5
f 515//5 517//5 457//5
f 517//5 519//5 459//5
f 519//5 521//5 461//5
f 521//5 523//5 463//5
f 523//5 525//5 465//5
f 525//5 527//5 467//5
f 527//5 529//5 469//5
f 529//5 531//5 471//5
f 531//5 533//5 473//5
f 533//5 535//5 475//5
f 535//5 537//5 477//5
f 537//5 539//5 479//5
f 539//5 541//5 481//5
f 557//5 573//5 513//5
f 573//5 575//5 515//5
f 575//5 577//5 517//5
f 577//5 579//5 519//5
f 579//5 581//5 521//5
f 581//5 583//5 523//5
f 583//5 585//5 525//5
f 585//5 587//5 527//5
f 587//5 589//5 529//5
f 589//5 591//5 531//5
f 591//5 593//5 533//5
f 593//5 595//5 535//5
f 595//5 597//5 537//5
f 597//5 599//5 539//5
f 599//5 601//5 541//5
f 617//5 633//5 573//5
f 633//5 635//5 575//5
f 635//5 637//5 577//5
f 637//5 639//5 579//5
f 639//5 641//5 581//5
f 641//5 643//5 583//5
f 643//5 645//5 585//5
f 645//5 647//5 587//5
f 647//5 649//5 589//5
f 649//5 651//5 591//5
f 651//5 653//5 593//5
f 653//5 655//5 595//5
f 655//5 657//5 597//5
f 657//5 659//5 599//5
f 659//5 661//5 601//5
f 677//5 693//5 633//5
f 693//5 695//5 635//5
f 695//5 697//5 637//5
f 697//5 699//5 639//5
f 699//5 701//5 641//5
f 701//5 703//5 643//5
f 703//5 705//5 645//5
f 705//5 707//5 647//5
f 707//5 709//5 649//5
f 709//5 711//5 651//5
f 711//5 713//5 653//5
f 713//5 715//5 655//5
f 715//5 717//5 657//5
f 717//5 719//5 659//5
f 719//5 721//5 661//5
f 737//5 753//5 693//5
f 753//5 755//5 695//5
f 755//5 757//5 697//5
f 757//5 759//5 699//5
f 759//5 761//5 701//5
f 761//5 763//5 703//5
f 763//5 765//5 705//5
f 765//5 767//5 707//5
f 767//5 769//5 709//5
f 769//5 771//5 711//5
f 771//5 773//5 713//5
f 773//5 775//5 715//5
f 775//5 777//5 717//5
f 777//5 779//5 719//5
f 779//5 781//5 721//5
f 797//5 813//5 753//5
f 813//5 815//5 755//5
f 815//5 817//5 757//5
f 817//5 819//5 759//5
f 819//5 821//5 761//5
f 821//5 823//5 763//5
f 823//5 825//5 765//5
f 825//5 827//5 767//5
f 827//5 829//5 769//5
f 829//5 831//5 771//5
f 831//5 833//5 773//5
f 833//5 835//5 775//5
f 835//5 837//5 777//5
f 837//5 839//5 779//5
f 839//5 841//5 781//5
f 857//5 873//5 813//5
f 873//5 875//5 815//5
f 875//5 877//5 817//5
f 877//5 879//5 819//5
f 879//5 881//5 821//5
f 881//5 883//5 823//5
f 883//5 885//5 825//5
f 885//5 887//5 827//5
f 887//5 889//5 829//5
f 889//5 891//5 831//5
f 891//5 893//5 833//5
f 893//5 895//5 835//5
f 895//5 897//5 837//5
f 897//5 899//5 839//5
f 899//5 901//5 841//5
f 917//5 933//5 873//5
f 933//5 935//5 875//5
f 935//5 937//5 877//5
f 937//5 939//5 879//5
f 939//5 941//5 881//5
f 941//5 943//5 883//5
f 943//5 945//5 885//5
f 945//5 947//5 887//5
f 947//5 949//5 889//5
f 949//5 951//5 891//5
f 951//5 953//5 893//5
f 953//5 955//5 895//5
f 955//5 957//5 897//5
f 957//5 959//5 899//5
f 959//5 961//5 901//5
f 977//5 993//5 933//5
f 993//5 995//5 935//5
f 995//5 997//5 937//5
f 997//5 999//5 939//5
f 999//5 1001//5 941//5
f 1001//5 1003//5 943//5
f 1003//5 1005//5 945//5
f 1005//5 1007//5 947//5
f 1007//5 1009//5 949//5
f 1009//5 1011//5 951//5
f 1011//5 1013//5 953//5
f 1013//5 1015//5 955//5
f 1015//5 1017//5 957//5
f 1017//5 1019//5 959//5
f 1019//5 1021//5 961//5
f 1037//5 1053//5 993//5
f 1053//5 1055//5 995//5
f 1055//5 1057//5 997//5
f 1057//5 1059//5 999//5
f 1059//5 1061//5 1001//5
f 1061//5 1063//5 1003//5
f 1063//5 1065//5 1005//5
f 1065//5 1067//5 1007//5
f 1067//5 1069//5 1009//5
f 1069//5 1071//5 1011//5
f 1071//5 1073//5 1013//5
f 1073//5 1075//5 1015//5
f 1075//5 1077//5 1017//5
f 1077//5 1079//5 1019//5
f 1079//5 1081//5 1021//5
f 1097//5 1113//5 1053//5
f 1113//5 1129//5 1055//5
f 1129//5 1145//5 1057//5
f 1145//5 1161//5 1059//5
f 1161//5 1177//5 1061//5
f 1177//5 1193//5 1063//5
f 1193//5 1209//5 1065//5
f 1209//5 1225//5 1067//5
f 1225//5 1241//5 1069//5
f 1241//5 1257//5 1071//5
f 1257//5 1273//5 1073//5
f 1273//5 1289//5 1075//5
f 1289//5 1305//5 1077//5
f 1305//5 1321//5 1079//5
f 1321//5 1337//5 1081//5
f 32//6 274//6 272//6
f 48//6 276//6 274//6
f 64//6 278//6 276//6
f 80//6 280//6 278//6
f 96//6 282//6 280//6
f 112//6 284//6 282//6
f 128//6 286//6 284//6
f 144//6 288//6 286//6
f 160//6 290//6 288//6
f 176//6 292//6 290//6
f 192//6 294//6 292//6
f 208//6 296//6 294//6
f 224//6 298//6 296//6
f 240//6 300//6 298//6
f 256//6 316//6 300//6
f 274//6 334//6 332//6
f 276//6 336//6 334//6
f 278//6 338//6 336//6
f 280//6 340//6 338//6
f 282//6 342//6 340//6
f 284//6 344//6 342//6
f 286//6 346//6 344//6
f 288//6 348//6 346//6
f 290//6 350//6 348//6
f 292//6 352//6 350//6
f 294//6 354//6 352//6
f 296//6 356//6 354//6
f 298//6 358//6 356//6
f 300//6 360//6 358//6
f 316//6 376//6 360//6
f 334//6 394//6 392//6
f 336//6 396//6 394//6
f 338//6 398//6 396//6
f 340//6 400//6 398//6
f 342//6 402//6 400//6
f 344//6 404//6 402//6
f 346//6 406//6 404//6
f 348//6 408//6 406//6
f 350//6 410//6 408//6
f 352//6 412//6 410//6
f 354//6 414//6 412//6
f 356//6 416//6 414//6
f 358//6 418//6 416//6
f 360//6 420//6 418//6
f 376//6 436//6 420//6
f 394//6 454//6 452//6
f 396//6 456//6 454//6
f 398//6 458//6 456//6
f 400//6 460//6 458//6
f 402//6 462//6 460//6
f 404//6 464//6 462//6
f 406//6 466//6 464//6
f 408//6 468//6 466//6
f 410//6 470//6 468//6
f 412//6 472//6 470//6
f 414//6 474//6 472//6
f 416//6 476//6 474//6
f 418//6 478//6 476//6
f 420//6 480//6 478//6
f 436//6 496//6 480//6
f 454//6 514//6 512//6
f 456//6 516//6 514//6
f 458//6 518//6 516//6
f 460//6 520//6 518//6
f 462//6 522//6 520//6
f 464//6 524//6 522//6
f 466//6 526//6 524//6
f 468//6 528//6 526//6
f 470//6 530//6 528//6
f 472//6 532//6 530//6
f 474//6 534//6 532//6
f 476//6 536//6 534//6
f 478//6 538//6 536//6
f 480//6 540//6 538//6
f 496//6 556//6 540//6
f 514//6 574//6 572//6
f 516//6 576//6 574//6
f 518//6 578//6 576//6
f 520//6 580//6 578//6
f 522//6 582//6 580//6
f 524//6 584//6 582//6
f 526//6 586//6 584//6
f 528//6 588//6 586//6
f 530//6 590//6 588//6
f 532//6 592//6 590//6
f 534//6 594//6 592//6
f 536//6 596//6 594//6
f 538//6 598//6 596//6
f 540//6 600//6 598//6
f 556//6 616//6 600//6
f 574//6 634//6 632//6
f 576//6 636//6 634//6
f 578//6 638//6 636//6
f 580//6 640//6 638//6
f 582//6 642//6 640//6
f 584//6 644//6 642//6
f 586//6 646//6 644//6
f 588//6 648//6 646//6
f 590//6 650//6 648//6
f 592//6 652//6 650//6
f 594//6 654//6 652//6
f 596//6 656//6 654//6
f 598//6 658//6 656//6
f 600//6 660//6 658//6
f 616//6 676//6 660//6
f 634//6 694//6 692//6
f 636//6 696//6 694//6
f 638//6 698//6 696//6
f 640//6 700//6 698//6
f 642//6 702//6 700//6
f 644//6 704//6 702//6
f 646//6 706//6 704//6
f 648//6 708//6 706//6
f 650//6 710//6 708//6
f 652//6 712//6 710//6
f 654//6 714//6 712//6
f 656//6 716//6 714//6
f 658//6 718//6 716//6
f 660//6 720//6 718//6
f 676//6 736//6 720//6
f 694//6 754//6 752//6
f 696//6 756//6 754//6
f 698//6 758//6 756//6
f 700//6 760//6 758//6
f 702//6 762//6 760//6
f 704//6 764//6 762//6
f 706//6 766//6 764//6
f 708//6 768//6 766//6
f 710//6 770//6 768//6
f 712//6 772//6 770//6
f 714//6 774//6 772//6
f 716//6 776//6 774//6
f 718//6 778//6 776//6
f 720//6 780//6 778//6
f 736//6 796//6 780//6
f 754//6 814//6 812//6
f 756//6 816//6 814//6
f 758//6 818//6 816//6
f 760//6 820//6 818//6
f 762//6 822//6 820//6
f 764//6 824//6 822//6
f 766//6 826//6 824//6
f 768//6 828//6 826//6
f 770//6 830//6 828//6
f 772//6 832//6 830//6
f 774//6 834//6 832//6
f 776//6 836//6 834//6
f 778//6 838//6 836//6
f 780//6 840//6 838//6
f 796//6 856//6 840//6
f 814//6 874//6 872//6
f 816//6 876//6 874//6
f 818//6 878//6 876//6
f 820//6 880//6 878//6
f 822//6 882//6 880//6
f 824//6 884//6 882//6
f 826//6 886//6 884//6
f 828//6 888//6 886//6
f 830//6 890//6 888//6
f 832//6 892//6 890//6
f 834//6 894//6 892//6
f 836//6 896//6 894//6
f 838//6 898//6 896//6
f 840//6 900//6 898//6
f 856//6 916//6 900//6
f 874//6 934//6 932//6
f 876//6 936//6 934//6
f 878//6 938//6 936//6
f 880//6 940//6 938//6
f 882//6 942//6 940//6
f 884//6 944//6 942//6
f 886//6 946//6 944//6
f 888//6 948//6 946//6
f 890//6 950//6 948//6
f 892//6 952//6 950//6
f 894//6 954//6 952//6
f 896//6 956//6 954//6
f 898//6 958//6 956//6
f 900//6 960//6 958//6
f 916//6 976//6 960//6
f 934//6 994//6 992//6
f 936//6 996//6 994//6
f 938//6 998//6 996//6
f 940//6 1000//6 998//6
f 942//6 1002//6 1000//6
f 944//6 1004//6 1002//6
f 946//6 1006//6 1004//6
f 948//6 1008//6 1006//6
f 950//6 1010//6 1008//6
f 952//6 1012//6 1010//6
f 954//6 1014//6 1012//6
f 956//6 1016//6 1014//6
f 958//6 1018//6 1016//6
f 960//6 1020//6 1018//6
f 976//6 1036//6 1020//6
f 994//6 1054//6 1052//6
f 996//6 1056//6 1054//6
f 998//6 1058//6 1056//6
f 1000//6 1060//6 1058//6
f 1002//6 1062//6 1060//6
f 1004//6 1064//6 1062//6
f 1006//6 1066//6 1064//6
f 1008//6 1068//6 1066//6
f 1010//6 1070//6 1068//6
f 1012//6 1072//6 1070//6
f 1014//6 1074//6 1072//6
f 1016//6 1076//6 1074//6
f 1018//6 1078//6 1076//6
f 1020//6 1080//6 1078//6
f 1036//6 1096//6 1080//6
f 1054//6 1128//6 1112//6
f 1056//6 1144//6 1128//6
f 1058//6 1160//6 1144//6
f 1060//6 1176//6 1160//6
f 1062//6 1192//6 1176//6
f 1064//6 1208//6 1192//6
f 1066//6 1224//6 1208//6
f 1068//6 1240//6 1224//6
f 1070//6 1256//6 1240//6
f 1072//6 1272//6 1256//6
f 1074//6 1288//6 1272//6
f 1076//6 1304//6 1288//6
f 1078//6 1320//6 1304//6
f 1080//6 1336//6 1320//6
f 1096//6 1352//6 1336//6
