# Blender 4.0.0
# www.blender.org
mtllib cube_32.mtl
o Cube
v -0.500000 -0.500000 0.500000
v -0.467742 -0.500000 0.500000
v -0.435484 -0.500000 0.500000
v -0.403226 -0.500000 0.500000
v -0.370968 -0.500000 0.500000
v -0.338710 -0.500000 0.500000
v -0.306452 -0.500000 0.500000
v -0.274194 -0.500000 0.500000
v -0.241935 -0.500000 0.500000
v -0.209677 -0.500000 0.500000
v -0.177419 -0.500000 0.500000
v -0.145161 -0.500000 0.500000
v -0.112903 -0.500000 0.500000
v -0.080645 -0.500000 0.500000
v -0.048387 -0.500000 0.500000
v -0.016129 -0.500000 0.500000
v 0.016129 -0.500000 0.500000
v 0.048387 -0.500000 0.500000
v 0.080645 -0.500000 0.500000
v 0.112903 -0.500000 0.500000
v 0.145161 -0.500000 0.500000
v 0.177419 -0.500000 0.500000
v 0.209677 -0.500000 0.500000
v 0.241935 -0.500000 0.500000
v 0.274194 -0.500000 0.500000
v 0.306452 -0.500000 0.500000
v 0.338710 -0.500000 0.500000
v 0.370968 -0.500000 0.500000
v 0.403226 -0.500000 0.500000
v 0.435484 -0.500000 0.500000
v 0.467742 -0.500000 0.500000
v 0.500000 -0.500000 0.500000
v -0.500000 -0.500000 0.467742
v -0.467742 -0.500000 0.467742
v -0.435484 -0.500000 0.467742
v -0.403226 -0.500000 0.467742
v -0.370968 -0.500000 0.467742
v -0.338710 -0.500000 0.467742
v -0.306452 -0.500000 0.467742
v -0.274194 -0.500000 0.467742
v -0.241935 -0.500000 0.467742
v -0.209677 -0.500000 0.467742
v -0.177419 -0.500000 0.467742
v -0.145161 -0.500000 0.467742
v -0.112903 -0.500000 0.467742
v -0.080645 -0.500000 0.467742
v -0.048387 -0.500000 0.467742
v -0.016129 -0.500000 0.467742
v 0.016129 -0.500000 0.467742
v 0.048387 -0.500000 0.467742
v 0.080645 -0.500000 0.467742
v 0.112903 -0.500000 0.467742
v 0.145161 -0.500000 0.467742
v 0.177419 -0.500000 0.467742
v 0.209677 -0.500000 0.467742
v 0.241935 -0.500000 0.467742
v 0.274194 -0.500000 0.467742
v 0.306452 -0.500000 0.467742
v 0.338710 -0.500000 0.467742
v 0.370968 -0.500000 0.467742
v 0.403226 -0.500000 0.467742
v 0.435484 -0.500000 0.467742
v 0.467742 -0.500000 0.467742
v 0.500000 -0.500000 0.467742
v -0.500000 -0.500000 0.435484
v -0.467742 -0.500000 0.435484
v -0.435484 -0.500000 0.435484
v -0.403226 -0.500000 0.435484
v -0.370968 -0.500000 0.435484
v -0.338710 -0.500000 0.435484
v -0.306452 -0.500000 0.435484
v -0.274194 -0.500000 0.435484
v -0.241935 -0.500000 0.435484
v -0.209677 -0.500000 0.435484
v -0.177419 -0.500000 0.435484
v -0.145161 -0.500000 0.435484
v -0.112903 -0.500000 0.435484
v -0.080645 -0.500000 0.435484
v -0.048387 -0.500000 0.435484
v -0.016129 -0.500000 0.435484
v 0.016129 -0.500000 0.435484
v 0.048387 -0.500000 0.435484
v 0.080645 -0.500000 0.435484
v 0.112903 -0.500000 0.435484
v 0.145161 -0.500000 0.435484
v 0.177419 -0.500000 0.435484
v 0.209677 -0.500000 0.435484
v 0.241935 -0.500000 0.435484
v 0.274194 -0.500000 0.435484
v 0.306452 -0.500000 0.435484
v 0.338710 -0.500000 0.435484
v 0.370968 -0.500000 0.435484
v 0.403226 -0.500000 0.435484
v 0.435484 -0.500000 0.435484
v 0.467742 -0.500000 0.435484
v 0.500000 -0.500000 0.435484
v -0.500000 -0.500000 0.403226
v -0.467742 -0.500000 0.403226
v -0.435484 -0.500000 0.403226
v -0.403226 -0.500000 0.403226
v -0.370968 -0.500000 0.403226
v -0.338710 -0.500000 0.403226
v -0.306452 -0.500000 0.403226
v -0.274194 -0.500000 0.403226
v -0.241935 -0.500000 0.403226
v -0.209677 -0.500000 0.403226
v -0.177419 -0.500000 0.403226
v -0.145161 -0.500000 0.403226
v -0.112903 -0.500000 0.403226
v -0.080645 -0.500000 0.403226
v -0.048387 -0.500000 0.403226
v -0.016129 -0.500000 0.403226
v 0.016129 -0.500000 0.403226
v 0.048387 -0.500000 0.403226
v 0.080645 -0.500000 0.403226
v 0.112903 -0.500000 0.403226
v 0.145161 -0.500000 0.403226
v 0.177419 -0.500000 0.403226
v 0.209677 -0.500000 0.403226
v 0.241935 -0.500000 0.403226
v 0.274194 -0.500000 0.403226
v 0.306452 -0.500000 0.403226
v 0.338710 -0.500000 0.403226
v 0.370968 -0.500000 0.403226
v 0.403226 -0.500000 0.403226
v 0.435484 -0.500000 0.403226
v 0.467742 -0.500000 0.403226
v 0.500000 -0.500000 0.403226
v -0.500000 -0.500000 0.370968
v -0.467742 -0.500000 0.370968
v -0.435484 -0.500000 0.370968
v -0.403226 -0.500000 0.370968
v -0.370968 -0.500000 0.370968
v -0.338710 -0.500000 0.370968
v -0.306452 -0.500000 0.370968
v -0.274194 -0.500000 0.370968
v -0.241935 -0.500000 0.370968
v -0.209677 -0.500000 0.370968
v -0.177419 -0.500000 0.370968
v -0.145161 -0.500000 0.370968
v -0.112903 -0.500000 0.370968
v -0.080645 -0.500000 0.370968
v -0.048387 -0.500000 0.370968
v -0.016129 -0.500000 0.370968
v 0.016129 -0.500000 0.370968
v 0.048387 -0.500000 0.370968
v 0.080645 -0.500000 0.370968
v 0.112903 -0.500000 0.370968
v 0.145161 -0.500000 0.370968
v 0.177419 -0.500000 0.370968
v 0.209677 -0.500000 0.370968
v 0.241935 -0.500000 0.370968
v 0.274194 -0.500000 0.370968
v 0.306452 -0.500000 0.370968
v 0.338710 -0.500000 0.370968
v 0.370968 -0.500000 0.370968
v 0.403226 -0.500000 0.370968
v 0.435484 -0.500000 0.370968
v 0.467742 -0.500000 0.370968
v 0.500000 -0.500000 0.370968
v -0.500000 -0.500000 0.338710
v -0.467742 -0.500000 0.338710
v -0.435484 -0.500000 0.338710
v -0.403226 -0.500000 0.338710
v -0.370968 -0.500000 0.338710
v -0.338710 -0.500000 0.338710
v -0.306452 -0.500000 0.338710
v -0.274194 -0.500000 0.338710
v -0.241935 -0.500000 0.338710
v -0.209677 -0.500000 0.338710
v -0.177419 -0.500000 0.338710
v -0.145161 -0.500000 0.338710
v -0.112903 -0.500000 0.338710
v -0.080645 -0.500000 0.338710
v -0.048387 -0.500000 0.338710
v -0.016129 -0.500000 0.338710
v 0.016129 -0.500000 0.338710
v 0.048387 -0.500000 0.338710
v 0.080645 -0.500000 0.338710
v 0.112903 -0.500000 0.338710
v 0.145161 -0.500000 0.338710
v 0.177419 -0.500000 0.338710
v 0.209677 -0.500000 0.338710
v 0.241935 -0.500000 0.338710
v 0.274194 -0.500000 0.338710
v 0.306452 -0.500000 0.338710
v 0.338710 -0.500000 0.338710
v 0.370968 -0.500000 0.338710
v 0.403226 -0.500000 0.338710
v 0.435484 -0.500000 0.338710
v 0.467742 -0.500000 0.338710
v 0.500000 -0.500000 0.338710
v -0.500000 -0.500000 0.306452
v -0.467742 -0.500000 0.306452
v -0.435484 -0.500000 0.306452
v -0.403226 -0.500000 0.306452
v -0.370968 -0.500000 0.306452
v -0.338710 -0.500000 0.306452
v -0.306452 -0.500000 0.306452
v -0.274194 -0.500000 0.306452
v -0.241935 -0.500000 0.306452
v -0.209677 -0.500000 0.306452
v -0.177419 -0.500000 0.306452
v -0.145161 -0.500000 0.306452
v -0.112903 -0.500000 0.306452
v -0.080645 -0.500000 0.306452
v -0.048387 -0.500000 0.306452
v -0.016129 -0.500000 0.306452
v 0.016129 -0.500000 0.306452
v 0.048387 -0.500000 0.306452
v 0.080645 -0.500000 0.306452
v 0.112903 -0.500000 0.306452
v 0.145161 -0.500000 0.306452
v 0.177419 -0.500000 0.306452
v 0.209677 -0.500000 0.306452
v 0.241935 -0.500000 0.306452
v 0.274194 -0.500000 0.306452
v 0.306452 -0.500000 0.306452
v 0.338710 -0.500000 0.306452
v 0.370968 -0.500000 0.306452
v 0.403226 -0.500000 0.306452
v 0.435484 -0.500000 0.306452
v 0.467742 -0.500000 0.306452
v 0.500000 -0.500000 0.306452
v -0.500000 -0.500000 0.274194
v -0.467742 -0.500000 0.274194
v -0.435484 -0.500000 0.274194
v -0.403226 -0.500000 0.274194
v -0.370968 -0.500000 0.274194
v -0.338710 -0.500000 0.274194
v -0.306452 -0.500000 0.274194
v -0.274194 -0.500000 0.274194
v -0.241935 -0.500000 0.274194
v -0.209677 -0.500000 0.274194
v -0.177419 -0.500000 0.274194
v -0.145161 -0.500000 0.274194
v -0.112903 -0.500000 0.274194
v -0.080645 -0.500000 0.274194
v -0.048387 -0.500000 0.274194
v -0.016129 -0.500000 0.274194
v 0.016129 -0.500000 0.274194
v 0.048387 -0.500000 0.274194
v 0.080645 -0.500000 0.274194
v 0.112903 -0.500000 0.274194
v 0.145161 -0.500000 0.274194
v 0.177419 -0.500000 0.274194
v 0.209677 -0.500000 0.274194
v 0.241935 -0.500000 0.274194
v 0.274194 -0.500000 0.274194
v 0.306452 -0.500000 0.274194
v 0.338710 -0.500000 0.274194
v 0.370968 -0.500000 0.274194
v 0.403226 -0.500000 0.274194
v 0.435484 -0.500000 0.274194
v 0.467742 -0.500000 0.274194
v 0.500000 -0.500000 0.274194
v -0.500000 -0.500000 0.241935
v -0.467742 -0.500000 0.241935
v -0.435484 -0.500000 0.241935
v -0.403226 -0.500000 0.241935
v -0.370968 -0.500000 0.241935
v -0.338710 -0.500000 0.241935
v -0.306452 -0.500000 0.241935
v -0.274194 -0.500000 0.241935
v -0.241935 -0.500000 0.241935
v -0.209677 -0.500000 0.241935
v -0.177419 -0.500000 0.241935
v -0.145161 -0.500000 0.241935
v -0.112903 -0.500000 0.241935
v -0.080645 -0.500000 0.241935
v -0.048387 -0.500000 0.241935
v -0.016129 -0.500000 0.241935
v 0.016129 -0.500000 0.241935
v 0.048387 -0.500000 0.241935
v 0.080645 -0.500000 0.241935
v 0.112903 -0.500000 0.241935
v 0.145161 -0.500000 0.241935
v 0.177419 -0.500000 0.241935
v 0.209677 -0.500000 0.241935
v 0.241935 -0.500000 0.241935
v 0.274194 -0.500000 0.241935
v 0.306452 -0.500000 0.241935
v 0.338710 -0.500000 0.241935
v 0.370968 -0.500000 0.241935
v 0.403226 -0.500000 0.241935
v 0.435484 -0.500000 0.241935
v 0.467742 -0.500000 0.241935
v 0.500000 -0.500000 0.241935
v -0.500000 -0.500000 0.209677
v -0.467742 -0.500000 0.209677
v -0.435484 -0.500000 0.209677
v -0.403226 -0.500000 0.209677
v -0.370968 -0.500000 0.209677
v -0.338710 -0.500000 0.209677
v -0.306452 -0.500000 0.209677
v -0.274194 -0.500000 0.209677
v -0.241935 -0.500000 0.209677
v -0.209677 -0.500000 0.209677
v -0.177419 -0.500000 0.209677
v -0.145161 -0.500000 0.209677
v -0.112903 -0.500000 0.209677
v -0.080645 -0.500000 0.209677
v -0.048387 -0.500000 0.209677
v -0.016129 -0.500000 0.209677
v 0.016129 -0.500000 0.209677
v 0.048387 -0.500000 0.209677
v 0.080645 -0.500000 0.209677
v 0.112903 -0.500000 0.209677
v 0.145161 -0.500000 0.209677
v 0.177419 -0.500000 0.209677
v 0.209677 -0.500000 0.209677
v 0.241935 -0.500000 0.209677
v 0.274194 -0.500000 0.209677
v 0.306452 -0.500000 0.209677
v 0.338710 -0.500000 0.209677
v 0.370968 -0.500000 0.209677
v 0.403226 -0.500000 0.209677
v 0.435484 -0.500000 0.209677
v 0.467742 -0.500000 0.209677
v 0.500000 -0.500000 0.209677
v -0.500000 -0.500000 0.177419
v -0.467742 -0.500000 0.177419
v -0.435484 -0.500000 0.177419
v -0.403226 -0.500000 0.177419
v -0.370968 -0.500000 0.177419
v -0.338710 -0.500000 0.177419
v -0.306452 -0.500000 0.177419
v -0.274194 -0.500000 0.177419
v -0.241935 -0.500000 0.177419
v -0.209677 -0.500000 0.177419
v -0.177419 -0.500000 0.177419
v -0.145161 -0.500000 0.177419
v -0.112903 -0.500000 0.177419
v -0.080645 -0.500000 0.177419
v -0.048387 -0.500000 0.177419
v -0.016129 -0.500000 0.177419
v 0.016129 -0.500000 0.177419
v 0.048387 -0.500000 0.177419
v 0.080645 -0.500000 0.177419
v 0.112903 -0.500000 0.177419
v 0.145161 -0.500000 0.177419
v 0.177419 -0.500000 0.177419
v 0.209677 -0.500000 0.177419
v 0.241935 -0.500000 0.177419
v 0.274194 -0.500000 0.177419
v 0.306452 -0.500000 0.177419
v 0.338710 -0.500000 0.177419
v 0.370968 -0.500000 0.177419
v 0.403226 -0.500000 0.177419
v 0.435484 -0.500000 0.177419
v 0.467742 -0.500000 0.177419
v 0.500000 -0.500000 0.177419
v -0.500000 -0.500000 0.145161
v -0.467742 -0.500000 0.145161
v -0.435484 -0.500000 0.145161
v -0.403226 -0.500000 0.145161
v -0.370968 -0.500000 0.145161
v -0.338710 -0.500000 0.145161
v -0.306452 -0.500000 0.145161
v -0.274194 -0.500000 0.145161
v -0.241935 -0.500000 0.145161
v -0.209677 -0.500000 0.145161
v -0.177419 -0.500000 0.145161
v -0.145161 -0.500000 0.145161
v -0.112903 -0.500000 0.145161
v -0.080645 -0.500000 0.145161
v -0.048387 -0.500000 0.145161
v -0.016129 -0.500000 0.145161
v 0.016129 -0.500000 0.145161
v 0.048387 -0.500000 0.145161
v 0.080645 -0.500000 0.145161
v 0.112903 -0.500000 0.145161
v 0.145161 -0.500000 0.145161
v 0.177419 -0.500000 0.145161
v 0.209677 -0.500000 0.145161
v 0.241935 -0.500000 0.145161
v 0.274194 -0.500000 0.145161
v 0.306452 -0.500000 0.145161
v 0.338710 -0.500000 0.145161
v 0.370968 -0.500000 0.145161
v 0.403226 -0.500000 0.145161
v 0.435484 -0.500000 0.145161
v 0.467742 -0.500000 0.145161
v 0.500000 -0.500000 0.145161
v -0.500000 -0.500000 0.112903
v -0.467742 -0.500000 0.112903
v -0.435484 -0.500000 0.112903
v -0.403226 -0.500000 0.112903
v -0.370968 -0.500000 0.112903
v -0.338710 -0.500000 0.112903
v -0.306452 -0.500000 0.112903
v -0.274194 -0.500000 0.112903
v -0.241935 -0.500000 0.112903
v -0.209677 -0.500000 0.112903
v -0.177419 -0.500000 0.112903
v -0.145161 -0.500000 0.112903
v -0.112903 -0.500000 0.112903
v -0.080645 -0.500000 0.112903
v -0.048387 -0.500000 0.112903
v -0.016129 -0.500000 0.112903
v 0.016129 -0.500000 0.112903
v 0.048387 -0.500000 0.112903
v 0.080645 -0.500000 0.112903
v 0.112903 -0.500000 0.112903
v 0.145161 -0.500000 0.112903
v 0.177419 -0.500000 0.112903
v 0.209677 -0.500000 0.112903
v 0.241935 -0.500000 0.112903
v 0.274194 -0.500000 0.112903
v 0.306452 -0.500000 0.112903
v 0.338710 -0.500000 0.112903
v 0.370968 -0.500000 0.112903
v 0.403226 -0.500000 0.112903
v 0.435484 -0.500000 0.112903
v 0.467742 -0.500000 0.112903
v 0.500000 -0.500000 0.112903
v -0.500000 -0.500000 0.080645
v -0.467742 -0.500000 0.080645
v -0.435484 -0.500000 0.080645
v -0.403226 -0.500000 0.080645
v -0.370968 -0.500000 0.080645
v -0.338710 -0.500000 0.080645
v -0.306452 -0.500000 0.080645
v -0.274194 -0.500000 0.080645
v -0.241935 -0.500000 0.080645
v -0.209677 -0.500000 0.080645
v -0.177419 -0.500000 0.080645
v -0.145161 -0.500000 0.080645
v -0.112903 -0.500000 0.080645
v -0.080645 -0.500000 0.080645
v -0.048387 -0.500000 0.080645
v -0.016129 -0.500000 0.080645
v 0.016129 -0.500000 0.080645
v 0.048387 -0.500000 0.080645
v 0.080645 -0.500000 0.080645
v 0.112903 -0.500000 0.080645
v 0.145161 -0.500000 0.080645
v 0.177419 -0.500000 0.080645
v 0.209677 -0.500000 0.080645
v 0.241935 -0.500000 0.080645
v 0.274194 -0.500000 0.080645
v 0.306452 -0.500000 0.080645
v 0.338710 -0.500000 0.080645
v 0.370968 -0.500000 0.080645
v 0.403226 -0.500000 0.080645
v 0.435484 -0.500000 0.080645
v 0.467742 -0.500000 0.080645
v 0.500000 -0.500000 0.080645
v -0.500000 -0.500000 0.048387
v -0.467742 -0.500000 0.048387
v -0.435484 -0.500000 0.048387
v -0.403226 -0.500000 0.048387
v -0.370968 -0.500000 0.048387
v -0.338710 -0.500000 0.048387
v -0.306452 -0.500000 0.048387
v -0.274194 -0.500000 0.048387
v -0.241935 -0.500000 0.048387
v -0.209677 -0.500000 0.048387
v -0.177419 -0.500000 0.048387
v -0.145161 -0.500000 0.048387
v -0.112903 -0.500000 0.048387
v -0.080645 -0.500000 0.048387
v -0.048387 -0.500000 0.048387
v -0.016129 -0.500000 0.048387
v 0.016129 -0.500000 0.048387
v 0.048387 -0.500000 0.048387
v 0.080645 -0.500000 0.048387
v 0.112903 -0.500000 0.048387
v 0.145161 -0.500000 0.048387
v 0.177419 -0.500000 0.048387
v 0.209677 -0.500000 0.048387
v 0.241935 -0.500000 0.048387
v 0.274194 -0.500000 0.048387
v 0.306452 -0.500000 0.048387
v 0.338710 -0.500000 0.048387
v 0.370968 -0.500000 0.048387
v 0.403226 -0.500000 0.048387
v 0.435484 -0.500000 0.048387
v 0.467742 -0.500000 0.048387
v 0.500000 -0.500000 0.048387
v -0.500000 -0.500000 0.016129
v -0.467742 -0.500000 0.016129
v -0.435484 -0.500000 0.016129
v -0.403226 -0.500000 0.016129
v -0.370968 -0.500000 0.016129
v -0.338710 -0.500000 0.016129
v -0.306452 -0.500000 0.016129
v -0.274194 -0.500000 0.016129
v -0.241935 -0.500000 0.016129
v -0.209677 -0.500000 0.016129
v -0.177419 -0.500000 0.016129
v -0.145161 -0.500000 0.016129
v -0.112903 -0.500000 0.016129
v -0.080645 -0.500000 0.016129
v -0.048387 -0.500000 0.016129
v -0.016129 -0.500000 0.016129
v 0.016129 -0.500000 0.016129
v 0.048387 -0.500000 0.016129
v 0.080645 -0.500000 0.016129
v 0.112903 -0.500000 0.016129
v 0.145161 -0.500000 0.016129
v 0.177419 -0.500000 0.016129
v 0.209677 -0.500000 0.016129
v 0.241935 -0.500000 0.016129
v 0.274194 -0.500000 0.016129
v 0.306452 -0.500000 0.016129
v 0.338710 -0.500000 0.016129
v 0.370968 -0.500000 0.016129
v 0.403226 -0.500000 0.016129
v 0.435484 -0.500000 0.016129
v 0.467742 -0.500000 0.016129
v 0.500000 -0.500000 0.016129
v -0.500000 -0.500000 -0.016129
v -0.467742 -0.500000 -0.016129
v -0.435484 -0.500000 -0.016129
v -0.403226 -0.500000 -0.016129
v -0.370968 -0.500000 -0.016129
v -0.338710 -0.500000 -0.016129
v -0.306452 -0.500000 -0.016129
v -0.274194 -0.500000 -0.016129
v -0.241935 -0.500000 -0.016129
v -0.209677 -0.500000 -0.016129
v -0.177419 -0.500000 -0.016129
v -0.145161 -0.500000 -0.016129
v -0.112903 -0.500000 -0.016129
v -0.080645 -0.500000 -0.016129
v -0.048387 -0.500000 -0.016129
v -0.016129 -0.500000 -0.016129
v 0.016129 -0.500000 -0.016129
v 0.048387 -0.500000 -0.016129
v 0.080645 -0.500000 -0.016129
v 0.112903 -0.500000 -0.016129
v 0.145161 -0.500000 -0.016129
v 0.177419 -0.500000 -0.016129
v 0.209677 -0.500000 -0.016129
v 0.241935 -0.500000 -0.016129
v 0.274194 -0.500000 -0.016129
v 0.306452 -0.500000 -0.016129
v 0.338710 -0.500000 -0.016129
v 0.370968 -0.500000 -0.016129
v 0.403226 -0.500000 -0.016129
v 0.435484 -0.500000 -0.016129
v 0.467742 -0.500000 -0.016129
v 0.500000 -0.500000 -0.016129
v -0.500000 -0.500000 -0.048387
v -0.467742 -0.500000 -0.048387
v -0.435484 -0.500000 -0.048387
v -0.403226 -0.500000 -0.048387
v -0.370968 -0.500000 -0.048387
v -0.338710 -0.500000 -0.048387
v -0.306452 -0.500000 -0.048387
v -0.274194 -0.500000 -0.048387
v -0.241935 -0.500000 -0.048387
v -0.209677 -0.500000 -0.048387
v -0.177419 -0.500000 -0.048387
v -0.145161 -0.500000 -0.048387
v -0.112903 -0.500000 -0.048387
v -0.080645 -0.500000 -0.048387
v -0.048387 -0.500000 -0.048387
v -0.016129 -0.500000 -0.048387
v 0.016129 -0.500000 -0.048387
v 0.048387 -0.500000 -0.048387
v 0.080645 -0.500000 -0.048387
v 0.112903 -0.500000 -0.048387
v 0.145161 -0.500000 -0.048387
v 0.177419 -0.500000 -0.048387
v 0.209677 -0.500000 -0.048387
v 0.241935 -0.500000 -0.048387
v 0.274194 -0.500000 -0.048387
v 0.306452 -0.500000 -0.048387
v 0.338710 -0.500000 -0.048387
v 0.370968 -0.500000 -0.048387
v 0.403226 -0.500000 -0.048387
v 0.435484 -0.500000 -0.048387
v 0.467742 -0.500000 -0.048387
v 0.500000 -0.500000 -0.048387
v -0.500000 -0.500000 -0.080645
v -0.467742 -0.500000 -0.080645
v -0.435484 -0.500000 -0.080645
v -0.403226 -0.500000 -0.080645
v -0.370968 -0.500000 -0.080645
v -0.338710 -0.500000 -0.080645
v -0.306452 -0.500000 -0.080645
v -0.274194 -0.500000 -0.080645
v -0.241935 -0.500000 -0.080645
v -0.209677 -0.500000 -0.080645
v -0.177419 -0.500000 -0.080645
v -0.145161 -0.500000 -0.080645
v -0.112903 -0.500000 -0.080645
v -0.080645 -0.500000 -0.080645
v -0.048387 -0.500000 -0.080645
v -0.016129 -0.500000 -0.080645
v 0.016129 -0.500000 -0.080645
v 0.048387 -0.500000 -0.080645
v 0.080645 -0.500000 -0.080645
v 0.112903 -0.500000 -0.080645
v 0.145161 -0.500000 -0.080645
v 0.177419 -0.500000 -0.080645
v 0.209677 -0.500000 -0.080645
v 0.241935 -0.500000 -0.080645
v 0.274194 -0.500000 -0.080645
v 0.306452 -0.500000 -0.080645
v 0.338710 -0.500000 -0.080645
v 0.370968 -0.500000 -0.080645
v 0.403226 -0.500000 -0.080645
v 0.435484 -0.500000 -0.080645
v 0.467742 -0.500000 -0.080645
v 0.500000 -0.500000 -0.080645
v -0.500000 -0.500000 -0.112903
v -0.467742 -0.500000 -0.112903
v -0.435484 -0.500000 -0.112903
v -0.403226 -0.500000 -0.112903
v -0.370968 -0.500000 -0.112903
v -0.338710 -0.500000 -0.112903
v -0.306452 -0.500000 -0.112903
v -0.274194 -0.500000 -0.112903
v -0.241935 -0.500000 -0.112903
v -0.209677 -0.500000 -0.112903
v -0.177419 -0.500000 -0.112903
v -0.145161 -0.500000 -0.112903
v -0.112903 -0.500000 -0.112903
v -0.080645 -0.500000 -0.112903
v -0.048387 -0.500000 -0.112903
v -0.016129 -0.500000 -0.112903
v 0.016129 -0.500000 -0.112903
v 0.048387 -0.500000 -0.112903
v 0.080645 -0.500000 -0.112903
v 0.112903 -0.500000 -0.112903
v 0.145161 -0.500000 -0.112903
v 0.177419 -0.500000 -0.112903
v 0.209677 -0.500000 -0.112903
v 0.241935 -0.500000 -0.112903
v 0.274194 -0.500000 -0.112903
v 0.306452 -0.500000 -0.112903
v 0.338710 -0.500000 -0.112903
v 0.370968 -0.500000 -0.112903
v 0.403226 -0.500000 -0.112903
v 0.435484 -0.500000 -0.112903
v 0.467742 -0.500000 -0.112903
v 0.500000 -0.500000 -0.112903
v -0.500000 -0.500000 -0.145161
v -0.467742 -0.500000 -0.145161
v -0.435484 -0.500000 -0.145161
v -0.403226 -0.500000 -0.145161
v -0.370968 -0.500000 -0.145161
v -0.338710 -0.500000 -0.145161
v -0.306452 -0.500000 -0.145161
v -0.274194 -0.500000 -0.145161
v -0.241935 -0.500000 -0.145161
v -0.209677 -0.500000 -0.145161
v -0.177419 -0.500000 -0.145161
v -0.145161 -0.500000 -0.145161
v -0.112903 -0.500000 -0.145161
v -0.080645 -0.500000 -0.145161
v -0.048387 -0.500000 -0.145161
v -0.016129 -0.500000 -0.145161
v 0.016129 -0.500000 -0.145161
v 0.048387 -0.500000 -0.145161
v 0.080645 -0.500000 -0.145161
v 0.112903 -0.500000 -0.145161
v 0.145161 -0.500000 -0.145161
v 0.177419 -0.500000 -0.145161
v 0.209677 -0.500000 -0.145161
v 0.241935 -0.500000 -0.145161
v 0.274194 -0.500000 -0.145161
v 0.306452 -0.500000 -0.145161
v 0.338710 -0.500000 -0.145161
v 0.370968 -0.500000 -0.145161
v 0.403226 -0.500000 -0.145161
v 0.435484 -0.500000 -0.145161
v 0.467742 -0.500000 -0.145161
v 0.500000 -0.500000 -0.145161
v -0.500000 -0.500000 -0.177419
v -0.467742 -0.500000 -0.177419
v -0.435484 -0.500000 -0.177419
v -0.403226 -0.500000 -0.177419
v -0.370968 -0.500000 -0.177419
v -0.338710 -0.500000 -0.177419
v -0.306452 -0.500000 -0.177419
v -0.274194 -0.500000 -0.177419
v -0.241935 -0.500000 -0.177419
v -0.209677 -0.500000 -0.177419
v -0.177419 -0.500000 -0.177419
v -0.145161 -0.500000 -0.177419
v -0.112903 -0.500000 -0.177419
v -0.080645 -0.500000 -0.177419
v -0.048387 -0.500000 -0.177419
v -0.016129 -0.500000 -0.177419
v 0.016129 -0.500000 -0.177419
v 0.048387 -0.500000 -0.177419
v 0.080645 -0.500000 -0.177419
v 0.112903 -0.500000 -0.177419
v 0.145161 -0.500000 -0.177419
v 0.177419 -0.500000 -0.177419
v 0.209677 -0.500000 -0.177419
v 0.241935 -0.500000 -0.177419
v 0.274194 -0.500000 -0.177419
v 0.306452 -0.500000 -0.177419
v 0.338710 -0.500000 -0.177419
v 0.370968 -0.500000 -0.177419
v 0.403226 -0.500000 -0.177419
v 0.435484 -0.500000 -0.177419
v 0.467742 -0.500000 -0.177419
v 0.500000 -0.500000 -0.177419
v -0.500000 -0.500000 -0.209677
v -0.467742 -0.500000 -0.209677
v -0.435484 -0.500000 -0.209677
v -0.403226 -0.500000 -0.209677
v -0.370968 -0.500000 -0.209677
v -0.338710 -0.500000 -0.209677
v -0.306452 -0.500000 -0.209677
v -0.274194 -0.500000 -0.209677
v -0.241935 -0.500000 -0.209677
v -0.209677 -0.500000 -0.209677
v -0.177419 -0.500000 -0.209677
v -0.145161 -0.500000 -0.209677
v -0.112903 -0.500000 -0.209677
v -0.080645 -0.500000 -0.209677
v -0.048387 -0.500000 -0.209677
v -0.016129 -0.500000 -0.209677
v 0.016129 -0.500000 -0.209677
v 0.048387 -0.500000 -0.209677
v 0.080645 -0.500000 -0.209677
v 0.112903 -0.500000 -0.209677
v 0.145161 -0.500000 -0.209677
v 0.177419 -0.500000 -0.209677
v 0.209677 -0.500000 -0.209677
v 0.241935 -0.500000 -0.209677
v 0.274194 -0.500000 -0.209677
v 0.306452 -0.500000 -0.209677
v 0.338710 -0.500000 -0.209677
v 0.370968 -0.500000 -0.209677
v 0.403226 -0.500000 -0.209677
v 0.435484 -0.500000 -0.209677
v 0.467742 -0.500000 -0.209677
v 0.500000 -0.500000 -0.209677
v -0.500000 -0.500000 -0.241935
v -0.467742 -0.500000 -0.241935
v -0.435484 -0.500000 -0.241935
v -0.403226 -0.500000 -0.241935
v -0.370968 -0.500000 -0.241935
v -0.338710 -0.500000 -0.241935
v -0.306452 -0.500000 -0.241935
v -0.274194 -0.500000 -0.241935
v -0.241935 -0.500000 -0.241935
v -0.209677 -0.500000 -0.241935
v -0.177419 -0.500000 -0.241935
v -0.145161 -0.500000 -0.241935
v -0.112903 -0.500000 -0.241935
v -0.080645 -0.500000 -0.241935
v -0.048387 -0.500000 -0.241935
v -0.016129 -0.500000 -0.241935
v 0.016129 -0.500000 -0.241935
v 0.048387 -0.500000 -0.241935
v 0.080645 -0.500000 -0.241935
v 0.112903 -0.500000 -0.241935
v 0.145161 -0.500000 -0.241935
v 0.177419 -0.500000 -0.241935
v 0.209677 -0.500000 -0.241935
v 0.241935 -0.500000 -0.241935
v 0.274194 -0.500000 -0.241935
v 0.306452 -0.500000 -0.241935
v 0.338710 -0.500000 -0.241935
v 0.370968 -0.500000 -0.241935
v 0.403226 -0.500000 -0.241935
v 0.435484 -0.500000 -0.241935
v 0.467742 -0.500000 -0.241935
v 0.500000 -0.500000 -0.241935
v -0.500000 -0.500000 -0.274194
v -0.467742 -0.500000 -0.274194
v -0.435484 -0.500000 -0.274194
v -0.403226 -0.500000 -0.274194
v -0.370968 -0.500000 -0.274194
v -0.338710 -0.500000 -0.274194
v -0.306452 -0.500000 -0.274194
v -0.274194 -0.500000 -0.274194
v -0.241935 -0.500000 -0.274194
v -0.209677 -0.500000 -0.274194
v -0.177419 -0.500000 -0.274194
v -0.145161 -0.500000 -0.274194
v -0.112903 -0.500000 -0.274194
v -0.080645 -0.500000 -0.274194
v -0.048387 -0.500000 -0.274194
v -0.016129 -0.500000 -0.274194
v 0.016129 -0.500000 -0.274194
v 0.048387 -0.500000 -0.274194
v 0.080645 -0.500000 -0.274194
v 0.112903 -0.500000 -0.274194
v 0.145161 -0.500000 -0.274194
v 0.177419 -0.500000 -0.274194
v 0.209677 -0.500000 -0.274194
v 0.241935 -0.500000 -0.274194
v 0.274194 -0.500000 -0.274194
v 0.306452 -0.500000 -0.274194
v 0.338710 -0.500000 -0.274194
v 0.370968 -0.500000 -0.274194
v 0.403226 -0.500000 -0.274194
v 0.435484 -0.500000 -0.274194
v 0.467742 -0.500000 -0.274194
v 0.500000 -0.500000 -0.274194
v -0.500000 -0.500000 -0.306452
v -0.467742 -0.500000 -0.306452
v -0.435484 -0.500000 -0.306452
v -0.403226 -0.500000 -0.306452
v -0.370968 -0.500000 -0.306452
v -0.338710 -0.500000 -0.306452
v -0.306452 -0.500000 -0.306452
v -0.274194 -0.500000 -0.306452
v -0.241935 -0.500000 -0.306452
v -0.209677 -0.500000 -0.306452
v -0.177419 -0.500000 -0.306452
v -0.145161 -0.500000 -0.306452
v -0.112903 -0.500000 -0.306452
v -0.080645 -0.500000 -0.306452
v -0.048387 -0.500000 -0.306452
v -0.016129 -0.500000 -0.306452
v 0.016129 -0.500000 -0.306452
v 0.048387 -0.500000 -0.306452
v 0.080645 -0.500000 -0.306452
v 0.112903 -0.500000 -0.306452
v 0.145161 -0.500000 -0.306452
v 0.177419 -0.500000 -0.306452
v 0.209677 -0.500000 -0.306452
v 0.241935 -0.500000 -0.306452
v 0.274194 -0.500000 -0.306452
v 0.306452 -0.500000 -0.306452
v 0.338710 -0.500000 -0.306452
v 0.370968 -0.500000 -0.306452
v 0.403226 -0.500000 -0.306452
v 0.435484 -0.500000 -0.306452
v 0.467742 -0.500000 -0.306452
v 0.500000 -0.500000 -0.306452
v -0.500000 -0.500000 -0.338710
v -0.467742 -0.500000 -0.338710
v -0.435484 -0.500000 -0.338710
v -0.403226 -0.500000 -0.338710
v -0.370968 -0.500000 -0.338710
v -0.338710 -0.500000 -0.338710
v -0.306452 -0.500000 -0.338710
v -0.274194 -0.500000 -0.338710
v -0.241935 -0.500000 -0.338710
v -0.209677 -0.500000 -0.338710
v -0.177419 -0.500000 -0.338710
v -0.145161 -0.500000 -0.338710
v -0.112903 -0.500000 -0.338710
v -0.080645 -0.500000 -0.338710
v -0.048387 -0.500000 -0.338710
v -0.016129 -0.500000 -0.338710
v 0.016129 -0.500000 -0.338710
v 0.048387 -0.500000 -0.338710
v 0.080645 -0.500000 -0.338710
v 0.112903 -0.500000 -0.338710
v 0.145161 -0.500000 -0.338710
v 0.177419 -0.500000 -0.338710
v 0.209677 -0.500000 -0.338710
v 0.241935 -0.500000 -0.338710
v 0.274194 -0.500000 -0.338710
v 0.306452 -0.500000 -0.338710
v 0.338710 -0.500000 -0.338710
v 0.370968 -0.500000 -0.338710
v 0.403226 -0.500000 -0.338710
v 0.435484 -0.500000 -0.338710
v 0.467742 -0.500000 -0.338710
v 0.500000 -0.500000 -0.338710
v -0.500000 -0.500000 -0.370968
v -0.467742 -0.500000 -0.370968
v -0.435484 -0.500000 -0.370968
v -0.403226 -0.500000 -0.370968
v -0.370968 -0.500000 -0.370968
v -0.338710 -0.500000 -0.370968
v -0.306452 -0.500000 -0.370968
v -0.274194 -0.500000 -0.370968
v -0.241935 -0.500000 -0.370968
v -0.209677 -0.500000 -0.370968
v -0.177419 -0.500000 -0.370968
v -0.145161 -0.500000 -0.370968
v -0.112903 -0.500000 -0.370968
v -0.080645 -0.500000 -0.370968
v -0.048387 -0.500000 -0.370968
v -0.016129 -0.500000 -0.370968
v 0.016129 -0.500000 -0.370968
v 0.048387 -0.500000 -0.370968
v 0.080645 -0.500000 -0.370968
v 0.112903 -0.500000 -0.370968
v 0.145161 -0.500000 -0.370968
v 0.177419 -0.500000 -0.370968
v 0.209677 -0.500000 -0.370968
v 0.241935 -0.500000 -0.370968
v 0.274194 -0.500000 -0.370968
v 0.306452 -0.500000 -0.370968
v 0.338710 -0.500000 -0.370968
v 0.370968 -0.500000 -0.370968
v 0.403226 -0.500000 -0.370968
v 0.435484 -0.500000 -0.370968
v 0.467742 -0.500000 -0.370968
v 0.500000 -0.500000 -0.370968
v -0.500000 -0.500000 -0.403226
v -0.467742 -0.500000 -0.403226
v -0.435484 -0.500000 -0.403226
v -0.403226 -0.500000 -0.403226
v -0.370968 -0.500000 -0.403226
v -0.338710 -0.500000 -0.403226
v -0.306452 -0.500000 -0.403226
v -0.274194 -0.500000 -0.403226
v -0.241935 -0.500000 -0.403226
v -0.209677 -0.500000 -0.403226
v -0.177419 -0.500000 -0.403226
v -0.145161 -0.500000 -0.403226
v -0.112903 -0.500000 -0.403226
v -0.080645 -0.500000 -0.403226
v -0.048387 -0.500000 -0.403226
v -0.016129 -0.500000 -0.403226
v 0.016129 -0.500000 -0.403226
v 0.048387 -0.500000 -0.403226
v 0.080645 -0.500000 -0.403226
v 0.112903 -0.500000 -0.403226
v 0.145161 -0.500000 -0.403226
v 0.177419 -0.500000 -0.403226
v 0.209677 -0.500000 -0.403226
v 0.241935 -0.500000 -0.403226
v 0.274194 -0.500000 -0.403226
v 0.306452 -0.500000 -0.403226
v 0.338710 -0.500000 -0.403226
v 0.370968 -0.500000 -0.403226
v 0.403226 -0.500000 -0.403226
v 0.435484 -0.500000 -0.403226
v 0.467742 -0.500000 -0.403226
v 0.500000 -0.500000 -0.403226
v -0.500000 -0.500000 -0.435484
v -0.467742 -0.500000 -0.435484
v -0.435484 -0.500000 -0.435484
v -0.403226 -0.500000 -0.435484
v -0.370968 -0.500000 -0.435484
v -0.338710 -0.500000 -0.435484
v -0.306452 -0.500000 -0.435484
v -0.274194 -0.500000 -0.435484
v -0.241935 -0.500000 -0.435484
v -0.209677 -0.500000 -0.435484
v -0.177419 -0.500000 -0.435484
v -0.145161 -0.500000 -0.435484
v -0.112903 -0.500000 -0.435484
v -0.080645 -0.500000 -0.435484
v -0.048387 -0.500000 -0.435484
v -0.016129 -0.500000 -0.435484
v 0.016129 -0.500000 -0.435484
v 0.048387 -0.500000 -0.435484
v 0.080645 -0.500000 -0.435484
v 0.112903 -0.500000 -0.435484
v 0.145161 -0.500000 -0.435484
v 0.177419 -0.500000 -0.435484
v 0.209677 -0.500000 -0.435484
v 0.241935 -0.500000 -0.435484
v 0.274194 -0.500000 -0.435484
v 0.306452 -0.500000 -0.435484
v 0.338710 -0.500000 -0.435484
v 0.370968 -0.500000 -0.435484
v 0.403226 -0.500000 -0.435484
v 0.435484 -0.500000 -0.435484
v 0.467742 -0.500000 -0.435484
v 0.500000 -0.500000 -0.435484
v -0.500000 -0.500000 -0.467742
v -0.467742 -0.500000 -0.467742
v -0.435484 -0.500000 -0.467742
v -0.403226 -0.500000 -0.467742
v -0.370968 -0.500000 -0.467742
v -0.338710 -0.500000 -0.467742
v -0.306452 -0.500000 -0.467742
v -0.274194 -0.500000 -0.467742
v -0.241935 -0.500000 -0.467742
v -0.209677 -0.500000 -0.467742
v -0.177419 -0.500000 -0.467742
v -0.145161 -0.500000 -0.467742
v -0.112903 -0.500000 -0.467742
v -0.080645 -0.500000 -0.467742
v -0.048387 -0.500000 -0.467742
v -0.016129 -0.500000 -0.467742
v 0.016129 -0.500000 -0.467742
v 0.048387 -0.500000 -0.467742
v 0.080645 -0.500000 -0.467742
v 0.112903 -0.500000 -0.467742
v 0.145161 -0.500000 -0.467742
v 0.177419 -0.500000 -0.467742
v 0.209677 -0.500000 -0.467742
v 0.241935 -0.500000 -0.467742
v 0.274194 -0.500000 -0.467742
v 0.306452 -0.500000 -0.467742
v 0.338710 -0.500000 -0.467742
v 0.370968 -0.500000 -0.467742
v 0.403226 -0.500000 -0.467742
v 0.435484 -0.500000 -0.467742
v 0.467742 -0.500000 -0.467742
v 0.500000 -0.500000 -0.467742
v -0.500000 -0.500000 -0.500000
v -0.467742 -0.500000 -0.500000
v -0.435484 -0.500000 -0.500000
v -0.403226 -0.500000 -0.500000
v -0.370968 -0.500000 -0.500000
v -0.338710 -0.500000 -0.500000
v -0.306452 -0.500000 -0.500000
v -0.274194 -0.500000 -0.500000
v -0.241935 -0.500000 -0.500000
v -0.209677 -0.500000 -0.500000
v -0.177419 -0.500000 -0.500000
v -0.145161 -0.500000 -0.500000
v -0.112903 -0.500000 -0.500000
v -0.080645 -0.500000 -0.500000
v -0.048387 -0.500000 -0.500000
v -0.016129 -0.500000 -0.500000
v 0.016129 -0.500000 -0.500000
v 0.048387 -0.500000 -0.500000
v 0.080645 -0.500000 -0.500000
v 0.112903 -0.500000 -0.500000
v 0.145161 -0.500000 -0.500000
v 0.177419 -0.500000 -0.500000
v 0.209677 -0.500000 -0.500000
v 0.241935 -0.500000 -0.500000
v 0.274194 -0.500000 -0.500000
v 0.306452 -0.500000 -0.500000
v 0.338710 -0.500000 -0.500000
v 0.370968 -0.500000 -0.500000
v 0.403226 -0.500000 -0.500000
v 0.435484 -0.500000 -0.500000
v 0.467742 -0.500000 -0.500000
v 0.500000 -0.500000 -0.500000
v -0.500000 -0.467742 0.500000
v -0.467742 -0.467742 0.500000
v -0.435484 -0.467742 0.500000
v -0.403226 -0.467742 0.500000
v -0.370968 -0.467742 0.500000
v -0.338710 -0.467742 0.500000
v -0.306452 -0.467742 0.500000
v -0.274194 -0.467742 0.500000
v -0.241935 -0.467742 0.500000
v -0.209677 -0.467742 0.500000
v -0.177419 -0.467742 0.500000
v -0.145161 -0.467742 0.500000
v -0.112903 -0.467742 0.500000
v -0.080645 -0.467742 0.500000
v -0.048387 -0.467742 0.500000
v -0.016129 -0.467742 0.500000
v 0.016129 -0.467742 0.500000
v 0.048387 -0.467742 0.500000
v 0.080645 -0.467742 0.500000
v 0.112903 -0.467742 0.500000
v 0.145161 -0.467742 0.500000
v 0.177419 -0.467742 0.500000
v 0.209677 -0.467742 0.500000
v 0.241935 -0.467742 0.500000
v 0.274194 -0.467742 0.500000
v 0.306452 -0.467742 0.500000
v 0.338710 -0.467742 0.500000
v 0.370968 -0.467742 0.500000
v 0.403226 -0.467742 0.500000
v 0.435484 -0.467742 0.500000
v 0.467742 -0.467742 0.500000
v 0.500000 -0.467742 0.500000
v -0.500000 -0.467742 0.467742
v 0.500000 -0.467742 0.467742
v -0.500000 -0.467742 0.435484
v 0.500000 -0.467742 0.435484
v -0.500000 -0.467742 0.403226
v 0.500000 -0.467742 0.403226
v -0.500000 -0.467742 0.370968
v 0.500000 -0.467742 0.370968
v -0.500000 -0.467742 0.338710
v 0.500000 -0.467742 0.338710
v -0.500000 -0.467742 0.306452
v 0.500000 -0.467742 0.306452
v -0.500000 -0.467742 0.274194
v 0.500000 -0.467742 0.274194
v -0.500000 -0.467742 0.241935
v 0.500000 -0.467742 0.241935
v -0.500000 -0.467742 0.209677
v 0.500000 -0.467742 0.209677
v -0.500000 -0.467742 0.177419
v 0.500000 -0.467742 0.177419
v -0.500000 -0.467742 0.145161
v 0.500000 -0.467742 0.145161
v -0.500000 -0.467742 0.112903
v 0.500000 -0.467742 0.112903
v -0.500000 -0.467742 0.080645
v 0.500000 -0.467742 0.080645
v -0.500000 -0.467742 0.048387
v 0.500000 -0.467742 0.048387
v -0.500000 -0.467742 0.016129
v 0.500000 -0.467742 0.016129
v -0.500000 -0.467742 -0.016129
v 0.500000 -0.467742 -0.016129
v -0.500000 -0.467742 -0.048387
v 0.500000 -0.467742 -0.048387
v -0.500000 -0.467742 -0.080645
v 0.500000 -0.467742 -0.080645
v -0.500000 -0.467742 -0.112903
v 0.500000 -0.467742 -0.112903
v -0.500000 -0.467742 -0.145161
v 0.500000 -0.467742 -0.145161
v -0.500000 -0.467742 -0.177419
v 0.500000 -0.467742 -0.177419
v -0.500000 -0.467742 -0.209677
v 0.500000 -0.467742 -0.209677
v -0.500000 -0.467742 -0.241935
v 0.500000 -0.467742 -0.241935
v -0.500000 -0.467742 -0.274194
v 0.500000 -0.467742 -0.274194
v -0.500000 -0.467742 -0.306452
v 0.500000 -0.467742 -0.306452
v -0.500000 -0.467742 -0.338710
v 0.500000 -0.467742 -0.338710
v -0.500000 -0.467742 -0.370968
v 0.500000 -0.467742 -0.370968
v -0.500000 -0.467742 -0.403226
v 0.500000 -0.467742 -0.403226
v -0.500000 -0.467742 -0.435484
v 0.500000 -0.467742 -0.435484
v -0.500000 -0.467742 -0.467742
v 0.500000 -0.467742 -0.467742
v -0.500000 -0.467742 -0.500000
v -0.467742 -0.467742 -0.500000
v -0.435484 -0.467742 -0.500000
v -0.403226 -0.467742 -0.500000
v -0.370968 -0.467742 -0.500000
v -0.338710 -0.467742 -0.500000
v -0.306452 -0.467742 -0.500000
v -0.274194 -0.467742 -0.500000
v -0.241935 -0.467742 -0.500000
v -0.209677 -0.467742 -0.500000
v -0.177419 -0.467742 -0.500000
v -0.145161 -0.467742 -0.500000
v -0.112903 -0.467742 -0.500000
v -0.080645 -0.467742 -0.500000
v -0.048387 -0.467742 -0.500000
v -0.016129 -0.467742 -0.500000
v 0.016129 -0.467742 -0.500000
v 0.048387 -0.467742 -0.500000
v 0.080645 -0.467742 -0.500000
v 0.112903 -0.467742 -0.500000
v 0.145161 -0.467742 -0.500000
v 0.177419 -0.467742 -0.500000
v 0.209677 -0.467742 -0.500000
v 0.241935 -0.467742 -0.500000
v 0.274194 -0.467742 -0.500000
v 0.306452 -0.467742 -0.500000
v 0.338710 -0.467742 -0.500000
v 0.370968 -0.467742 -0.500000
v 0.403226 -0.467742 -0.500000
v 0.435484 -0.467742 -0.500000
v 0.467742 -0.467742 -0.500000
v 0.500000 -0.467742 -0.500000
v -0.500000 -0.435484 0.500000
v -0.467742 -0.435484 0.500000
v -0.435484 -0.435484 0.500000
v -0.403226 -0.435484 0.500000
v -0.370968 -0.435484 0.500000
v -0.338710 -0.435484 0.500000
v -0.306452 -0.435484 0.500000
v -0.274194 -0.435484 0.500000
v -0.241935 -0.435484 0.500000
v -0.209677 -0.435484 0.500000
v -0.177419 -0.435484 0.500000
v -0.145161 -0.435484 0.500000
v -0.112903 -0.435484 0.500000
v -0.080645 -0.435484 0.500000
v -0.048387 -0.435484 0.500000
v -0.016129 -0.435484 0.500000
v 0.016129 -0.435484 0.500000
v 0.048387 -0.435484 0.500000
v 0.080645 -0.435484 0.500000
v 0.112903 -0.435484 0.500000
v 0.145161 -0.435484 0.500000
v 0.177419 -0.435484 0.500000
v 0.209677 -0.435484 0.500000
v 0.241935 -0.435484 0.500000
v 0.274194 -0.435484 0.500000
v 0.306452 -0.435484 0.500000
v 0.338710 -0.435484 0.500000
v 0.370968 -0.435484 0.500000
v 0.403226 -0.435484 0.500000
v 0.435484 -0.435484 0.500000
v 0.467742 -0.435484 0.500000
v 0.500000 -0.435484 0.500000
v -0.500000 -0.435484 0.467742
v 0.500000 -0.435484 0.467742
v -0.500000 -0.435484 0.435484
v 0.500000 -0.435484 0.435484
v -0.500000 -0.435484 0.403226
v 0.500000 -0.435484 0.403226
v -0.500000 -0.435484 0.370968
v 0.500000 -0.435484 0.370968
v -0.500000 -0.435484 0.338710
v 0.500000 -0.435484 0.338710
v -0.500000 -0.435484 0.306452
v 0.500000 -0.435484 0.306452
v -0.500000 -0.435484 0.274194
v 0.500000 -0.435484 0.274194
v -0.500000 -0.435484 0.241935
v 0.500000 -0.435484 0.241935
v -0.500000 -0.435484 0.209677
v 0.500000 -0.435484 0.209677
v -0.500000 -0.435484 0.177419
v 0.500000 -0.435484 0.177419
v -0.500000 -0.435484 0.145161
v 0.500000 -0.435484 0.145161
v -0.500000 -0.435484 0.112903
v 0.500000 -0.435484 0.112903
v -0.500000 -0.435484 0.080645
v 0.500000 -0.435484 0.080645
v -0.500000 -0.435484 0.048387
v 0.500000 -0.435484 0.048387
v -0.500000 -0.435484 0.016129
v 0.500000 -0.435484 0.016129
v -0.500000 -0.435484 -0.016129
v 0.500000 -0.435484 -0.016129
v -0.500000 -0.435484 -0.048387
v 0.500000 -0.435484 -0.048387
v -0.500000 -0.435484 -0.080645
v 0.500000 -0.435484 -0.080645
v -0.500000 -0.435484 -0.112903
v 0.500000 -0.435484 -0.112903
v -0.500000 -0.435484 -0.145161
v 0.500000 -0.435484 -0.145161
v -0.500000 -0.435484 -0.177419
v 0.500000 -0.435484 -0.177419
v -0.500000 -0.435484 -0.209677
v 0.500000 -0.435484 -0.209677
v -0.500000 -0.435484 -0.241935
v 0.500000 -0.435484 -0.241935
v -0.500000 -0.435484 -0.274194
v 0.500000 -0.435484 -0.274194
v -0.500000 -0.435484 -0.306452
v 0.500000 -0.435484 -0.306452
v -0.500000 -0.435484 -0.338710
v 0.500000 -0.435484 -0.338710
v -0.500000 -0.435484 -0.370968
v 0.500000 -0.435484 -0.370968
v -0.500000 -0.435484 -0.403226
v 0.500000 -0.435484 -0.403226
v -0.500000 -0.435484 -0.435484
v 0.500000 -0.435484 -0.435484
v -0.500000 -0.435484 -0.467742
v 0.500000 -0.435484 -0.467742
v -0.500000 -0.435484 -0.500000
v -0.467742 -0.435484 -0.500000
v -0.435484 -0.435484 -0.500000
v -0.403226 -0.435484 -0.500000
v -0.370968 -0.435484 -0.500000
v -0.338710 -0.435484 -0.500000
v -0.306452 -0.435484 -0.500000
v -0.274194 -0.435484 -0.500000
v -0.241935 -0.435484 -0.500000
v -0.209677 -0.435484 -0.500000
v -0.177419 -0.435484 -0.500000
v -0.145161 -0.435484 -0.500000
v -0.112903 -0.435484 -0.500000
v -0.080645 -0.435484 -0.500000
v -0.048387 -0.435484 -0.500000
v -0.016129 -0.435484 -0.500000
v 0.016129 -0.435484 -0.500000
v 0.048387 -0.435484 -0.500000
v 0.080645 -0.435484 -0.500000
v 0.112903 -0.435484 -0.500000
v 0.145161 -0.435484 -0.500000
v 0.177419 -0.435484 -0.500000
v 0.209677 -0.435484 -0.500000
v 0.241935 -0.435484 -0.500000
v 0.274194 -0.435484 -0.500000
v 0.306452 -0.435484 -0.500000
v 0.338710 -0.435484 -0.500000
v 0.370968 -0.435484 -0.500000
v 0.403226 -0.435484 -0.500000
v 0.435484 -0.435484 -0.500000
v 0.467742 -0.435484 -0.500000
v 0.500000 -0.435484 -0.500000
v -0.500000 -0.403226 0.500000
v -0.467742 -0.403226 0.500000
v -0.435484 -0.403226 0.500000
v -0.403226 -0.403226 0.500000
v -0.370968 -0.403226 0.500000
v -0.338710 -0.403226 0.500000
v -0.306452 -0.403226 0.500000
v -0.274194 -0.403226 0.500000
v -0.241935 -0.403226 0.500000
v -0.209677 -0.403226 0.500000
v -0.177419 -0.403226 0.500000
v -0.145161 -0.403226 0.500000
v -0.112903 -0.403226 0.500000
v -0.080645 -0.403226 0.500000
v -0.048387 -0.403226 0.500000
v -0.016129 -0.403226 0.500000
v 0.016129 -0.403226 0.500000
v 0.048387 -0.403226 0.500000
v 0.080645 -0.403226 0.500000
v 0.112903 -0.403226 0.500000
v 0.145161 -0.403226 0.500000
v 0.177419 -0.403226 0.500000
v 0.209677 -0.403226 0.500000
v 0.241935 -0.403226 0.500000
v 0.274194 -0.403226 0.500000
v 0.306452 -0.403226 0.500000
v 0.338710 -0.403226 0.500000
v 0.370968 -0.403226 0.500000
v 0.403226 -0.403226 0.500000
v 0.435484 -0.403226 0.500000
v 0.467742 -0.403226 0.500000
v 0.500000 -0.403226 0.500000
v -0.500000 -0.403226 0.467742
v 0.500000 -0.403226 0.467742
v -0.500000 -0.403226 0.435484
v 0.500000 -0.403226 0.435484
v -0.500000 -0.403226 0.403226
v 0.500000 -0.403226 0.403226
v -0.500000 -0.403226 0.370968
v 0.500000 -0.403226 0.370968
v -0.500000 -0.403226 0.338710
v 0.500000 -0.403226 0.338710
v -0.500000 -0.403226 0.306452
v 0.500000 -0.403226 0.306452
v -0.500000 -0.403226 0.274194
v 0.500000 -0.403226 0.274194
v -0.500000 -0.403226 0.241935
v 0.500000 -0.403226 0.241935
v -0.500000 -0.403226 0.209677
v 0.500000 -0.403226 0.209677
v -0.500000 -0.403226 0.177419
v 0.500000 -0.403226 0.177419
v -0.500000 -0.403226 0.145161
v 0.500000 -0.403226 0.145161
v -0.500000 -0.403226 0.112903
v 0.500000 -0.403226 0.112903
v -0.500000 -0.403226 0.080645
v 0.500000 -0.403226 0.080645
v -0.500000 -0.403226 0.048387
v 0.500000 -0.403226 0.048387
v -0.500000 -0.403226 0.016129
v 0.500000 -0.403226 0.016129
v -0.500000 -0.403226 -0.016129
v 0.500000 -0.403226 -0.016129
v -0.500000 -0.403226 -0.048387
v 0.500000 -0.403226 -0.048387
v -0.500000 -0.403226 -0.080645
v 0.500000 -0.403226 -0.080645
v -0.500000 -0.403226 -0.112903
v 0.500000 -0.403226 -0.112903
v -0.500000 -0.403226 -0.145161
v 0.500000 -0.403226 -0.145161
v -0.500000 -0.403226 -0.177419
v 0.500000 -0.403226 -0.177419
v -0.500000 -0.403226 -0.209677
v 0.500000 -0.403226 -0.209677
v -0.500000 -0.403226 -0.241935
v 0.500000 -0.403226 -0.241935
v -0.500000 -0.403226 -0.274194
v 0.500000 -0.403226 -0.274194
v -0.500000 -0.403226 -0.306452
v 0.500000 -0.403226 -0.306452
v -0.500000 -0.403226 -0.338710
v 0.500000 -0.403226 -0.338710
v -0.500000 -0.403226 -0.370968
v 0.500000 -0.403226 -0.370968
v -0.500000 -0.403226 -0.403226
v 0.500000 -0.403226 -0.403226
v -0.500000 -0.403226 -0.435484
v 0.500000 -0.403226 -0.435484
v -0.500000 -0.403226 -0.467742
v 0.500000 -0.403226 -0.467742
v -0.500000 -0.403226 -0.500000
v -0.467742 -0.403226 -0.500000
v -0.435484 -0.403226 -0.500000
v -0.403226 -0.403226 -0.500000
v -0.370968 -0.403226 -0.500000
v -0.338710 -0.403226 -0.500000
v -0.306452 -0.403226 -0.500000
v -0.274194 -0.403226 -0.500000
v -0.241935 -0.403226 -0.500000
v -0.209677 -0.403226 -0.500000
v -0.177419 -0.403226 -0.500000
v -0.145161 -0.403226 -0.500000
v -0.112903 -0.403226 -0.500000
v -0.080645 -0.403226 -0.500000
v -0.048387 -0.403226 -0.500000
v -0.016129 -0.403226 -0.500000
v 0.016129 -0.403226 -0.500000
v 0.048387 -0.403226 -0.500000
v 0.080645 -0.403226 -0.500000
v 0.112903 -0.403226 -0.500000
v 0.145161 -0.403226 -0.500000
v 0.177419 -0.403226 -0.500000
v 0.209677 -0.403226 -0.500000
v 0.241935 -0.403226 -0.500000
v 0.274194 -0.403226 -0.500000
v 0.306452 -0.403226 -0.500000
v 0.338710 -0.403226 -0.500000
v 0.370968 -0.403226 -0.500000
v 0.403226 -0.403226 -0.500000
v 0.435484 -0.403226 -0.500000
v 0.467742 -0.403226 -0.500000
v 0.500000 -0.403226 -0.500000
v -0.500000 -0.370968 0.500000
v -0.467742 -0.370968 0.500000
v -0.435484 -0.370968 0.500000
v -0.403226 -0.370968 0.500000
v -0.370968 -0.370968 0.500000
v -0.338710 -0.370968 0.500000
v -0.306452 -0.370968 0.500000
v -0.274194 -0.370968 0.500000
v -0.241935 -0.370968 0.500000
v -0.209677 -0.370968 0.500000
v -0.177419 -0.370968 0.500000
v -0.145161 -0.370968 0.500000
v -0.112903 -0.370968 0.500000
v -0.080645 -0.370968 0.500000
v -0.048387 -0.370968 0.500000
v -0.016129 -0.370968 0.500000
v 0.016129 -0.370968 0.500000
v 0.048387 -0.370968 0.500000
v 0.080645 -0.370968 0.500000
v 0.112903 -0.370968 0.500000
v 0.145161 -0.370968 0.500000
v 0.177419 -0.370968 0.500000
v 0.209677 -0.370968 0.500000
v 0.241935 -0.370968 0.500000
v 0.274194 -0.370968 0.500000
v 0.306452 -0.370968 0.500000
v 0.338710 -0.370968 0.500000
v 0.370968 -0.370968 0.500000
v 0.403226 -0.370968 0.500000
v 0.435484 -0.370968 0.500000
v 0.467742 -0.370968 0.500000
v 0.500000 -0.370968 0.500000
v -0.500000 -0.370968 0.467742
v 0.500000 -0.370968 0.467742
v -0.500000 -0.370968 0.435484
v 0.500000 -0.370968 0.435484
v -0.500000 -0.370968 0.403226
v 0.500000 -0.370968 0.403226
v -0.500000 -0.370968 0.370968
v 0.500000 -0.370968 0.370968
v -0.500000 -0.370968 0.338710
v 0.500000 -0.370968 0.338710
v -0.500000 -0.370968 0.306452
v 0.500000 -0.370968 0.306452
v -0.500000 -0.370968 0.274194
v 0.500000 -0.370968 0.274194
v -0.500000 -0.370968 0.241935
v 0.500000 -0.370968 0.241935
v -0.500000 -0.370968 0.209677
v 0.500000 -0.370968 0.209677
v -0.500000 -0.370968 0.177419
v 0.500000 -0.370968 0.177419
v -0.500000 -0.370968 0.145161
v 0.500000 -0.370968 0.145161
v -0.500000 -0.370968 0.112903
v 0.500000 -0.370968 0.112903
v -0.500000 -0.370968 0.080645
v 0.500000 -0.370968 0.080645
v -0.500000 -0.370968 0.048387
v 0.500000 -0.370968 0.048387
v -0.500000 -0.370968 0.016129
v 0.500000 -0.370968 0.016129
v -0.500000 -0.370968 -0.016129
v 0.500000 -0.370968 -0.016129
v -0.500000 -0.370968 -0.048387
v 0.500000 -0.370968 -0.048387
v -0.500000 -0.370968 -0.080645
v 0.500000 -0.370968 -0.080645
v -0.500000 -0.370968 -0.112903
v 0.500000 -0.370968 -0.112903
v -0.500000 -0.370968 -0.145161
v 0.500000 -0.370968 -0.145161
v -0.500000 -0.370968 -0.177419
v 0.500000 -0.370968 -0.177419
v -0.500000 -0.370968 -0.209677
v 0.500000 -0.370968 -0.209677
v -0.500000 -0.370968 -0.241935
v 0.500000 -0.370968 -0.241935
v -0.500000 -0.370968 -0.274194
v 0.500000 -0.370968 -0.274194
v -0.500000 -0.370968 -0.306452
v 0.500000 -0.370968 -0.306452
v -0.500000 -0.370968 -0.338710
v 0.500000 -0.370968 -0.338710
v -0.500000 -0.370968 -0.370968
v 0.500000 -0.370968 -0.370968
v -0.500000 -0.370968 -0.403226
v 0.500000 -0.370968 -0.403226
v -0.500000 -0.370968 -0.435484
v 0.500000 -0.370968 -0.435484
v -0.500000 -0.370968 -0.467742
v 0.500000 -0.370968 -0.467742
v -0.500000 -0.370968 -0.500000
v -0.467742 -0.370968 -0.500000
v -0.435484 -0.370968 -0.500000
v -0.403226 -0.370968 -0.500000
v -0.370968 -0.370968 -0.500000
v -0.338710 -0.370968 -0.500000
v -0.306452 -0.370968 -0.500000
v -0.274194 -0.370968 -0.500000
v -0.241935 -0.370968 -0.500000
v -0.209677 -0.370968 -0.500000
v -0.177419 -0.370968 -0.500000
v -0.145161 -0.370968 -0.500000
v -0.112903 -0.370968 -0.500000
v -0.080645 -0.370968 -0.500000
v -0.048387 -0.370968 -0.500000
v -0.016129 -0.370968 -0.500000
v 0.016129 -0.370968 -0.500000
v 0.048387 -0.370968 -0.500000
v 0.080645 -0.370968 -0.500000
v 0.112903 -0.370968 -0.500000
v 0.145161 -0.370968 -0.500000
v 0.177419 -0.370968 -0.500000
v 0.209677 -0.370968 -0.500000
v 0.241935 -0.370968 -0.500000
v 0.274194 -0.370968 -0.500000
v 0.306452 -0.370968 -0.500000
v 0.338710 -0.370968 -0.500000
v 0.370968 -0.370968 -0.500000
v 0.403226 -0.370968 -0.500000
v 0.435484 -0.370968 -0.500000
v 0.467742 -0.370968 -0.500000
v 0.500000 -0.370968 -0.500000
v -0.500000 -0.338710 0.500000
v -0.467742 -0.338710 0.500000
v -0.435484 -0.338710 0.500000
v -0.403226 -0.338710 0.500000
v -0.370968 -0.338710 0.500000
v -0.338710 -0.338710 0.500000
v -0.306452 -0.338710 0.500000
v -0.274194 -0.338710 0.500000
v -0.241935 -0.338710 0.500000
v -0.209677 -0.338710 0.500000
v -0.177419 -0.338710 0.500000
v -0.145161 -0.338710 0.500000
v -0.112903 -0.338710 0.500000
v -0.080645 -0.338710 0.500000
v -0.048387 -0.338710 0.500000
v -0.016129 -0.338710 0.500000
v 0.016129 -0.338710 0.500000
v 0.048387 -0.338710 0.500000
v 0.080645 -0.338710 0.500000
v 0.112903 -0.338710 0.500000
v 0.145161 -0.338710 0.500000
v 0.177419 -0.338710 0.500000
v 0.209677 -0.338710 0.500000
v 0.241935 -0.338710 0.500000
v 0.274194 -0.338710 0.500000
v 0.306452 -0.338710 0.500000
v 0.338710 -0.338710 0.500000
v 0.370968 -0.338710 0.500000
v 0.403226 -0.338710 0.500000
v 0.435484 -0.338710 0.500000
v 0.467742 -0.338710 0.500000
v 0.500000 -0.338710 0.500000
v -0.500000 -0.338710 0.467742
v 0.500000 -0.338710 0.467742
v -0.500000 -0.338710 0.435484
v 0.500000 -0.338710 0.435484
v -0.500000 -0.338710 0.403226
v 0.500000 -0.338710 0.403226
v -0.500000 -0.338710 0.370968
v 0.500000 -0.338710 0.370968
v -0.500000 -0.338710 0.338710
v 0.500000 -0.338710 0.338710
v -0.500000 -0.338710 0.306452
v 0.500000 -0.338710 0.306452
v -0.500000 -0.338710 0.274194
v 0.500000 -0.338710 0.274194
v -0.500000 -0.338710 0.241935
v 0.500000 -0.338710 0.241935
v -0.500000 -0.338710 0.209677
v 0.500000 -0.338710 0.209677
v -0.500000 -0.338710 0.177419
v 0.500000 -0.338710 0.177419
v -0.500000 -0.338710 0.145161
v 0.500000 -0.338710 0.145161
v -0.500000 -0.338710 0.112903
v 0.500000 -0.338710 0.112903
v -0.500000 -0.338710 0.080645
v 0.500000 -0.338710 0.080645
v -0.500000 -0.338710 0.048387
v 0.500000 -0.338710 0.048387
v -0.500000 -0.338710 0.016129
v 0.500000 -0.338710 0.016129
v -0.500000 -0.338710 -0.016129
v 0.500000 -0.338710 -0.016129
v -0.500000 -0.338710 -0.048387
v 0.500000 -0.338710 -0.048387
v -0.500000 -0.338710 -0.080645
v 0.500000 -0.338710 -0.080645
v -0.500000 -0.338710 -0.112903
v 0.500000 -0.338710 -0.112903
v -0.500000 -0.338710 -0.145161
v 0.500000 -0.338710 -0.145161
v -0.500000 -0.338710 -0.177419
v 0.500000 -0.338710 -0.177419
v -0.500000 -0.338710 -0.209677
v 0.500000 -0.338710 -0.209677
v -0.500000 -0.338710 -0.241935
v 0.500000 -0.338710 -0.241935
v -0.500000 -0.338710 -0.274194
v 0.500000 -0.338710 -0.274194
v -0.500000 -0.338710 -0.306452
v 0.500000 -0.338710 -0.306452
v -0.500000 -0.338710 -0.338710
v 0.500000 -0.338710 -0.338710
v -0.500000 -0.338710 -0.370968
v 0.500000 -0.338710 -0.370968
v -0.500000 -0.338710 -0.403226
v 0.500000 -0.338710 -0.403226
v -0.500000 -0.338710 -0.435484
v 0.500000 -0.338710 -0.435484
v -0.500000 -0.338710 -0.467742
v 0.500000 -0.338710 -0.467742
v -0.500000 -0.338710 -0.500000
v -0.467742 -0.338710 -0.500000
v -0.435484 -0.338710 -0.500000
v -0.403226 -0.338710 -0.500000
v -0.370968 -0.338710 -0.500000
v -0.338710 -0.338710 -0.500000
v -0.306452 -0.338710 -0.500000
v -0.274194 -0.338710 -0.500000
v -0.241935 -0.338710 -0.500000
v -0.209677 -0.338710 -0.500000
v -0.177419 -0.338710 -0.500000
v -0.145161 -0.338710 -0.500000
v -0.112903 -0.338710 -0.500000
v -0.080645 -0.338710 -0.500000
v -0.048387 -0.338710 -0.500000
v -0.016129 -0.338710 -0.500000
v 0.016129 -0.338710 -0.500000
v 0.048387 -0.338710 -0.500000
v 0.080645 -0.338710 -0.500000
v 0.112903 -0.338710 -0.500000
v 0.145161 -0.338710 -0.500000
v 0.177419 -0.338710 -0.500000
v 0.209677 -0.338710 -0.500000
v 0.241935 -0.338710 -0.500000
v 0.274194 -0.338710 -0.500000
v 0.306452 -0.338710 -0.500000
v 0.338710 -0.338710 -0.500000
v 0.370968 -0.338710 -0.500000
v 0.403226 -0.338710 -0.500000
v 0.435484 -0.338710 -0.500000
v 0.467742 -0.338710 -0.500000
v 0.500000 -0.338710 -0.500000
v -0.500000 -0.306452 0.500000
v -0.467742 -0.306452 0.500000
v -0.435484 -0.306452 0.500000
v -0.403226 -0.306452 0.500000
v -0.370968 -0.306452 0.500000
v -0.338710 -0.306452 0.500000
v -0.306452 -0.306452 0.500000
v -0.274194 -0.306452 0.500000
v -0.241935 -0.306452 0.500000
v -0.209677 -0.306452 0.500000
v -0.177419 -0.306452 0.500000
v -0.145161 -0.306452 0.500000
v -0.112903 -0.306452 0.500000
v -0.080645 -0.306452 0.500000
v -0.048387 -0.306452 0.500000
v -0.016129 -0.306452 0.500000
v 0.016129 -0.306452 0.500000
v 0.048387 -0.306452 0.500000
v 0.080645 -0.306452 0.500000
v 0.112903 -0.306452 0.500000
v 0.145161 -0.306452 0.500000
v 0.177419 -0.306452 0.500000
v 0.209677 -0.306452 0.500000
v 0.241935 -0.306452 0.500000
v 0.274194 -0.306452 0.500000
v 0.306452 -0.306452 0.500000
v 0.338710 -0.306452 0.500000
v 0.370968 -0.306452 0.500000
v 0.403226 -0.306452 0.500000
v 0.435484 -0.306452 0.500000
v 0.467742 -0.306452 0.500000
v 0.500000 -0.306452 0.500000
v -0.500000 -0.306452 0.467742
v 0.500000 -0.306452 0.467742
v -0.500000 -0.306452 0.435484
v 0.500000 -0.306452 0.435484
v -0.500000 -0.306452 0.403226
v 0.500000 -0.306452 0.403226
v -0.500000 -0.306452 0.370968
v 0.500000 -0.306452 0.370968
v -0.500000 -0.306452 0.338710
v 0.500000 -0.306452 0.338710
v -0.500000 -0.306452 0.306452
v 0.500000 -0.306452 0.306452
v -0.500000 -0.306452 0.274194
v 0.500000 -0.306452 0.274194
v -0.500000 -0.306452 0.241935
v 0.500000 -0.306452 0.241935
v -0.500000 -0.306452 0.209677
v 0.500000 -0.306452 0.209677
v -0.500000 -0.306452 0.177419
v 0.500000 -0.306452 0.177419
v -0.500000 -0.306452 0.145161
v 0.500000 -0.306452 0.145161
v -0.500000 -0.306452 0.112903
v 0.500000 -0.306452 0.112903
v -0.500000 -0.306452 0.080645
v 0.500000 -0.306452 0.080645
v -0.500000 -0.306452 0.048387
v 0.500000 -0.306452 0.048387
v -0.500000 -0.306452 0.016129
v 0.500000 -0.306452 0.016129
v -0.500000 -0.306452 -0.016129
v 0.500000 -0.306452 -0.016129
v -0.500000 -0.306452 -0.048387
v 0.500000 -0.306452 -0.048387
v -0.500000 -0.306452 -0.080645
v 0.500000 -0.306452 -0.080645
v -0.500000 -0.306452 -0.112903
v 0.500000 -0.306452 -0.112903
v -0.500000 -0.306452 -0.145161
v 0.500000 -0.306452 -0.145161
v -0.500000 -0.306452 -0.177419
v 0.500000 -0.306452 -0.177419
v -0.500000 -0.306452 -0.209677
v 0.500000 -0.306452 -0.209677
v -0.500000 -0.306452 -0.241935
v 0.500000 -0.306452 -0.241935
v -0.500000 -0.306452 -0.274194
v 0.500000 -0.306452 -0.274194
v -0.500000 -0.306452 -0.306452
v 0.500000 -0.306452 -0.306452
v -0.500000 -0.306452 -0.338710
v 0.500000 -0.306452 -0.338710
v -0.500000 -0.306452 -0.370968
v 0.500000 -0.306452 -0.370968
v -0.500000 -0.306452 -0.403226
v 0.500000 -0.306452 -0.403226
v -0.500000 -0.306452 -0.435484
v 0.500000 -0.306452 -0.435484
v -0.500000 -0.306452 -0.467742
v 0.500000 -0.306452 -0.467742
v -0.500000 -0.306452 -0.500000
v -0.467742 -0.306452 -0.500000
v -0.435484 -0.306452 -0.500000
v -0.403226 -0.306452 -0.500000
v -0.370968 -0.306452 -0.500000
v -0.338710 -0.306452 -0.500000
v -0.306452 -0.306452 -0.500000
v -0.274194 -0.306452 -0.500000
v -0.241935 -0.306452 -0.500000
v -0.209677 -0.306452 -0.500000
v -0.177419 -0.306452 -0.500000
v -0.145161 -0.306452 -0.500000
v -0.112903 -0.306452 -0.500000
v -0.080645 -0.306452 -0.500000
v -0.048387 -0.306452 -0.500000
v -0.016129 -0.306452 -0.500000
v 0.016129 -0.306452 -0.500000
v 0.048387 -0.306452 -0.500000
v 0.080645 -0.306452 -0.500000
v 0.112903 -0.306452 -0.500000
v 0.145161 -0.306452 -0.500000
v 0.177419 -0.306452 -0.500000
v 0.209677 -0.306452 -0.500000
v 0.241935 -0.306452 -0.500000
v 0.274194 -0.306452 -0.500000
v 0.306452 -0.306452 -0.500000
v 0.338710 -0.306452 -0.500000
v 0.370968 -0.306452 -0.500000
v 0.403226 -0.306452 -0.500000
v 0.435484 -0.306452 -0.500000
v 0.467742 -0.306452 -0.500000
v 0.500000 -0.306452 -0.500000
v -0.500000 -0.274194 0.500000
v -0.467742 -0.274194 0.500000
v -0.435484 -0.274194 0.500000
v -0.403226 -0.274194 0.500000
v -0.370968 -0.274194 0.500000
v -0.338710 -0.274194 0.500000
v -0.306452 -0.274194 0.500000
v -0.274194 -0.274194 0.500000
v -0.241935 -0.274194 0.500000
v -0.209677 -0.274194 0.500000
v -0.177419 -0.274194 0.500000
v -0.145161 -0.274194 0.500000
v -0.112903 -0.274194 0.500000
v -0.080645 -0.274194 0.500000
v -0.048387 -0.274194 0.500000
v -0.016129 -0.274194 0.500000
v 0.016129 -0.274194 0.500000
v 0.048387 -0.274194 0.500000
v 0.080645 -0.274194 0.500000
v 0.112903 -0.274194 0.500000
v 0.145161 -0.274194 0.500000
v 0.177419 -0.274194 0.500000
v 0.209677 -0.274194 0.500000
v 0.241935 -0.274194 0.500000
v 0.274194 -0.274194 0.500000
v 0.306452 -0.274194 0.500000
v 0.338710 -0.274194 0.500000
v 0.370968 -0.274194 0.500000
v 0.403226 -0.274194 0.500000
v 0.435484 -0.274194 0.500000
v 0.467742 -0.274194 0.500000
v 0.500000 -0.274194 0.500000
v -0.500000 -0.274194 0.467742
v 0.500000 -0.274194 0.467742
v -0.500000 -0.274194 0.435484
v 0.500000 -0.274194 0.435484
v -0.500000 -0.274194 0.403226
v 0.500000 -0.274194 0.403226
v -0.500000 -0.274194 0.370968
v 0.500000 -0.274194 0.370968
v -0.500000 -0.274194 0.338710
v 0.500000 -0.274194 0.338710
v -0.500000 -0.274194 0.306452
v 0.500000 -0.274194 0.306452
v -0.500000 -0.274194 0.274194
v 0.500000 -0.274194 0.274194
v -0.500000 -0.274194 0.241935
v 0.500000 -0.274194 0.241935
v -0.500000 -0.274194 0.209677
v 0.500000 -0.274194 0.209677
v -0.500000 -0.274194 0.177419
v 0.500000 -0.274194 0.177419
v -0.500000 -0.274194 0.145161
v 0.500000 -0.274194 0.145161
v -0.500000 -0.274194 0.112903
v 0.500000 -0.274194 0.112903
v -0.500000 -0.274194 0.080645
v 0.500000 -0.274194 0.080645
v -0.500000 -0.274194 0.048387
v 0.500000 -0.274194 0.048387
v -0.500000 -0.274194 0.016129
v 0.500000 -0.274194 0.016129
v -0.500000 -0.274194 -0.016129
v 0.500000 -0.274194 -0.016129
v -0.500000 -0.274194 -0.048387
v 0.500000 -0.274194 -0.048387
v -0.500000 -0.274194 -0.080645
v 0.500000 -0.274194 -0.080645
v -0.500000 -0.274194 -0.112903
v 0.500000 -0.274194 -0.112903
v -0.500000 -0.274194 -0.145161
v 0.500000 -0.274194 -0.145161
v -0.500000 -0.274194 -0.177419
v 0.500000 -0.274194 -0.177419
v -0.500000 -0.274194 -0.209677
v 0.500000 -0.274194 -0.209677
v -0.500000 -0.274194 -0.241935
v 0.500000 -0.274194 -0.241935
v -0.500000 -0.274194 -0.274194
v 0.500000 -0.274194 -0.274194
v -0.500000 -0.274194 -0.306452
v 0.500000 -0.274194 -0.306452
v -0.500000 -0.274194 -0.338710
v 0.500000 -0.274194 -0.338710
v -0.500000 -0.274194 -0.370968
v 0.500000 -0.274194 -0.370968
v -0.500000 -0.274194 -0.403226
v 0.500000 -0.274194 -0.403226
v -0.500000 -0.274194 -0.435484
v 0.500000 -0.274194 -0.435484
v -0.500000 -0.274194 -0.467742
v 0.500000 -0.274194 -0.467742
v -0.500000 -0.274194 -0.500000
v -0.467742 -0.274194 -0.500000
v -0.435484 -0.274194 -0.500000
v -0.403226 -0.274194 -0.500000
v -0.370968 -0.274194 -0.500000
v -0.338710 -0.274194 -0.500000
v -0.306452 -0.274194 -0.500000
v -0.274194 -0.274194 -0.500000
v -0.241935 -0.274194 -0.500000
v -0.209677 -0.274194 -0.500000
v -0.177419 -0.274194 -0.500000
v -0.145161 -0.274194 -0.500000
v -0.112903 -0.274194 -0.500000
v -0.080645 -0.274194 -0.500000
v -0.048387 -0.274194 -0.500000
v -0.016129 -0.274194 -0.500000
v 0.016129 -0.274194 -0.500000
v 0.048387 -0.274194 -0.500000
v 0.080645 -0.274194 -0.500000
v 0.112903 -0.274194 -0.500000
v 0.145161 -0.274194 -0.500000
v 0.177419 -0.274194 -0.500000
v 0.209677 -0.274194 -0.500000
v 0.241935 -0.274194 -0.500000
v 0.274194 -0.274194 -0.500000
v 0.306452 -0.274194 -0.500000
v 0.338710 -0.274194 -0.500000
v 0.370968 -0.274194 -0.500000
v 0.403226 -0.274194 -0.500000
v 0.435484 -0.274194 -0.500000
v 0.467742 -0.274194 -0.500000
v 0.500000 -0.274194 -0.500000
v -0.500000 -0.241935 0.500000
v -0.467742 -0.241935 0.500000
v -0.435484 -0.241935 0.500000
v -0.403226 -0.241935 0.500000
v -0.370968 -0.241935 0.500000
v -0.338710 -0.241935 0.500000
v -0.306452 -0.241935 0.500000
v -0.274194 -0.241935 0.500000
v -0.241935 -0.241935 0.500000
v -0.209677 -0.241935 0.500000
v -0.177419 -0.241935 0.500000
v -0.145161 -0.241935 0.500000
v -0.112903 -0.241935 0.500000
v -0.080645 -0.241935 0.500000
v -0.048387 -0.241935 0.500000
v -0.016129 -0.241935 0.500000
v 0.016129 -0.241935 0.500000
v 0.048387 -0.241935 0.500000
v 0.080645 -0.241935 0.500000
v 0.112903 -0.241935 0.500000
v 0.145161 -0.241935 0.500000
v 0.177419 -0.241935 0.500000
v 0.209677 -0.241935 0.500000
v 0.241935 -0.241935 0.500000
v 0.274194 -0.241935 0.500000
v 0.306452 -0.241935 0.500000
v 0.338710 -0.241935 0.500000
v 0.370968 -0.241935 0.500000
v 0.403226 -0.241935 0.500000
v 0.435484 -0.241935 0.500000
v 0.467742 -0.241935 0.500000
v 0.500000 -0.241935 0.500000
v -0.500000 -0.241935 0.467742
v 0.500000 -0.241935 0.467742
v -0.500000 -0.241935 0.435484
v 0.500000 -0.241935 0.435484
v -0.500000 -0.241935 0.403226
v 0.500000 -0.241935 0.403226
v -0.500000 -0.241935 0.370968
v 0.500000 -0.241935 0.370968
v -0.500000 -0.241935 0.338710
v 0.500000 -0.241935 0.338710
v -0.500000 -0.241935 0.306452
v 0.500000 -0.241935 0.306452
v -0.500000 -0.241935 0.274194
v 0.500000 -0.241935 0.274194
v -0.500000 -0.241935 0.241935
v 0.500000 -0.241935 0.241935
v -0.500000 -0.241935 0.209677
v 0.500000 -0.241935 0.209677
v -0.500000 -0.241935 0.177419
v 0.500000 -0.241935 0.177419
v -0.500000 -0.241935 0.145161
v 0.500000 -0.241935 0.145161
v -0.500000 -0.241935 0.112903
v 0.500000 -0.241935 0.112903
v -0.500000 -0.241935 0.080645
v 0.500000 -0.241935 0.080645
v -0.500000 -0.241935 0.048387
v 0.500000 -0.241935 0.048387
v -0.500000 -0.241935 0.016129
v 0.500000 -0.241935 0.016129
v -0.500000 -0.241935 -0.016129
v 0.500000 -0.241935 -0.016129
v -0.500000 -0.241935 -0.048387
v 0.500000 -0.241935 -0.048387
v -0.500000 -0.241935 -0.080645
v 0.500000 -0.241935 -0.080645
v -0.500000 -0.241935 -0.112903
v 0.500000 -0.241935 -0.112903
v -0.500000 -0.241935 -0.145161
v 0.500000 -0.241935 -0.145161
v -0.500000 -0.241935 -0.177419
v 0.500000 -0.241935 -0.177419
v -0.500000 -0.241935 -0.209677
v 0.500000 -0.241935 -0.209677
v -0.500000 -0.241935 -0.241935
v 0.500000 -0.241935 -0.241935
v -0.500000 -0.241935 -0.274194
v 0.500000 -0.241935 -0.274194
v -0.500000 -0.241935 -0.306452
v 0.500000 -0.241935 -0.306452
v -0.500000 -0.241935 -0.338710
v 0.500000 -0.241935 -0.338710
v -0.500000 -0.241935 -0.370968
v 0.500000 -0.241935 -0.370968
v -0.500000 -0.241935 -0.403226
v 0.500000 -0.241935 -0.403226
v -0.500000 -0.241935 -0.435484
v 0.500000 -0.241935 -0.435484
v -0.500000 -0.241935 -0.467742
v 0.500000 -0.241935 -0.467742
v -0.500000 -0.241935 -0.500000
v -0.467742 -0.241935 -0.500000
v -0.435484 -0.241935 -0.500000
v -0.403226 -0.241935 -0.500000
v -0.370968 -0.241935 -0.500000
v -0.338710 -0.241935 -0.500000
v -0.306452 -0.241935 -0.500000
v -0.274194 -0.241935 -0.500000
v -0.241935 -0.241935 -0.500000
v -0.209677 -0.241935 -0.500000
v -0.177419 -0.241935 -0.500000
v -0.145161 -0.241935 -0.500000
v -0.112903 -0.241935 -0.500000
v -0.080645 -0.241935 -0.500000
v -0.048387 -0.241935 -0.500000
v -0.016129 -0.241935 -0.500000
v 0.016129 -0.241935 -0.500000
v 0.048387 -0.241935 -0.500000
v 0.080645 -0.241935 -0.500000
v 0.112903 -0.241935 -0.500000
v 0.145161 -0.241935 -0.500000
v 0.177419 -0.241935 -0.500000
v 0.209677 -0.241935 -0.500000
v 0.241935 -0.241935 -0.500000
v 0.274194 -0.241935 -0.500000
v 0.306452 -0.241935 -0.500000
v 0.338710 -0.241935 -0.500000
v 0.370968 -0.241935 -0.500000
v 0.403226 -0.241935 -0.500000
v 0.435484 -0.241935 -0.500000
v 0.467742 -0.241935 -0.500000
v 0.500000 -0.241935 -0.500000
v -0.500000 -0.209677 0.500000
v -0.467742 -0.209677 0.500000
v -0.435484 -0.209677 0.500000
v -0.403226 -0.209677 0.500000
v -0.370968 -0.209677 0.500000
v -0.338710 -0.209677 0.500000
v -0.306452 -0.209677 0.500000
v -0.274194 -0.209677 0.500000
v -0.241935 -0.209677 0.500000
v -0.209677 -0.209677 0.500000
v -0.177419 -0.209677 0.500000
v -0.145161 -0.209677 0.500000
v -0.112903 -0.209677 0.500000
v -0.080645 -0.209677 0.500000
v -0.048387 -0.209677 0.500000
v -0.016129 -0.209677 0.500000
v 0.016129 -0.209677 0.500000
v 0.048387 -0.209677 0.500000
v 0.080645 -0.209677 0.500000
v 0.112903 -0.209677 0.500000
v 0.145161 -0.209677 0.500000
v 0.177419 -0.209677 0.500000
v 0.209677 -0.209677 0.500000
v 0.241935 -0.209677 0.500000
v 0.274194 -0.209677 0.500000
v 0.306452 -0.209677 0.500000
v 0.338710 -0.209677 0.500000
v 0.370968 -0.209677 0.500000
v 0.403226 -0.209677 0.500000
v 0.435484 -0.209677 0.500000
v 0.467742 -0.209677 0.500000
v 0.500000 -0.209677 0.500000
v -0.500000 -0.209677 0.467742
v 0.500000 -0.209677 0.467742
v -0.500000 -0.209677 0.435484
v 0.500000 -0.209677 0.435484
v -0.500000 -0.209677 0.403226
v 0.500000 -0.209677 0.403226
v -0.500000 -0.209677 0.370968
v 0.500000 -0.209677 0.370968
v -0.500000 -0.209677 0.338710
v 0.500000 -0.209677 0.338710
v -0.500000 -0.209677 0.306452
v 0.500000 -0.209677 0.306452
v -0.500000 -0.209677 0.274194
v 0.500000 -0.209677 0.274194
v -0.500000 -0.209677 0.241935
v 0.500000 -0.209677 0.241935
v -0.500000 -0.209677 0.209677
v 0.500000 -0.209677 0.209677
v -0.500000 -0.209677 0.177419
v 0.500000 -0.209677 0.177419
v -0.500000 -0.209677 0.145161
v 0.500000 -0.209677 0.145161
v -0.500000 -0.209677 0.112903
v 0.500000 -0.209677 0.112903
v -0.500000 -0.209677 0.080645
v 0.500000 -0.209677 0.080645
v -0.500000 -0.209677 0.048387
v 0.500000 -0.209677 0.048387
v -0.500000 -0.209677 0.016129
v 0.500000 -0.209677 0.016129
v -0.500000 -0.209677 -0.016129
v 0.500000 -0.209677 -0.016129
v -0.500000 -0.209677 -0.048387
v 0.500000 -0.209677 -0.048387
v -0.500000 -0.209677 -0.080645
v 0.500000 -0.209677 -0.080645
v -0.500000 -0.209677 -0.112903
v 0.500000 -0.209677 -0.112903
v -0.500000 -0.209677 -0.145161
v 0.500000 -0.209677 -0.145161
v -0.500000 -0.209677 -0.177419
v 0.500000 -0.209677 -0.177419
v -0.500000 -0.209677 -0.209677
v 0.500000 -0.209677 -0.209677
v -0.500000 -0.209677 -0.241935
v 0.500000 -0.209677 -0.241935
v -0.500000 -0.209677 -0.274194
v 0.500000 -0.209677 -0.274194
v -0.500000 -0.209677 -0.306452
v 0.500000 -0.209677 -0.306452
v -0.500000 -0.209677 -0.338710
v 0.500000 -0.209677 -0.338710
v -0.500000 -0.209677 -0.370968
v 0.500000 -0.209677 -0.370968
v -0.500000 -0.209677 -0.403226
v 0.500000 -0.209677 -0.403226
v -0.500000 -0.209677 -0.435484
v 0.500000 -0.209677 -0.435484
v -0.500000 -0.209677 -0.467742
v 0.500000 -0.209677 -0.467742
v -0.500000 -0.209677 -0.500000
v -0.467742 -0.209677 -0.500000
v -0.435484 -0.209677 -0.500000
v -0.403226 -0.209677 -0.500000
v -0.370968 -0.209677 -0.500000
v -0.338710 -0.209677 -0.500000
v -0.306452 -0.209677 -0.500000
v -0.274194 -0.209677 -0.500000
v -0.241935 -0.209677 -0.500000
v -0.209677 -0.209677 -0.500000
v -0.177419 -0.209677 -0.500000
v -0.145161 -0.209677 -0.500000
v -0.112903 -0.209677 -0.500000
v -0.080645 -0.209677 -0.500000
v -0.048387 -0.209677 -0.500000
v -0.016129 -0.209677 -0.500000
v 0.016129 -0.209677 -0.500000
v 0.048387 -0.209677 -0.500000
v 0.080645 -0.209677 -0.500000
v 0.112903 -0.209677 -0.500000
v 0.145161 -0.209677 -0.500000
v 0.177419 -0.209677 -0.500000
v 0.209677 -0.209677 -0.500000
v 0.241935 -0.209677 -0.500000
v 0.274194 -0.209677 -0.500000
v 0.306452 -0.209677 -0.500000
v 0.338710 -0.209677 -0.500000
v 0.370968 -0.209677 -0.500000
v 0.403226 -0.209677 -0.500000
v 0.435484 -0.209677 -0.500000
v 0.467742 -0.209677 -0.500000
v 0.500000 -0.209677 -0.500000
v -0.500000 -0.177419 0.500000
v -0.467742 -0.177419 0.500000
v -0.435484 -0.177419 0.500000
v -0.403226 -0.177419 0.500000
v -0.370968 -0.177419 0.500000
v -0.338710 -0.177419 0.500000
v -0.306452 -0.177419 0.500000
v -0.274194 -0.177419 0.500000
v -0.241935 -0.177419 0.500000
v -0.209677 -0.177419 0.500000
v -0.177419 -0.177419 0.500000
v -0.145161 -0.177419 0.500000
v -0.112903 -0.177419 0.500000
v -0.080645 -0.177419 0.500000
v -0.048387 -0.177419 0.500000
v -0.016129 -0.177419 0.500000
v 0.016129 -0.177419 0.500000
v 0.048387 -0.177419 0.500000
v 0.080645 -0.177419 0.500000
v 0.112903 -0.177419 0.500000
v 0.145161 -0.177419 0.500000
v 0.177419 -0.177419 0.500000
v 0.209677 -0.177419 0.500000
v 0.241935 -0.177419 0.500000
v 0.274194 -0.177419 0.500000
v 0.306452 -0.177419 0.500000
v 0.338710 -0.177419 0.500000
v 0.370968 -0.177419 0.500000
v 0.403226 -0.177419 0.500000
v 0.435484 -0.177419 0.500000
v 0.467742 -0.177419 0.500000
v 0.500000 -0.177419 0.500000
v -0.500000 -0.177419 0.467742
v 0.500000 -0.177419 0.467742
v -0.500000 -0.177419 0.435484
v 0.500000 -0.177419 0.435484
v -0.500000 -0.177419 0.403226
v 0.500000 -0.177419 0.403226
v -0.500000 -0.177419 0.370968
v 0.500000 -0.177419 0.370968
v -0.500000 -0.177419 0.338710
v 0.500000 -0.177419 0.338710
v -0.500000 -0.177419 0.306452
v 0.500000 -0.177419 0.306452
v -0.500000 -0.177419 0.274194
v 0.500000 -0.177419 0.274194
v -0.500000 -0.177419 0.241935
v 0.500000 -0.177419 0.241935
v -0.500000 -0.177419 0.209677
v 0.500000 -0.177419 0.209677
v -0.500000 -0.177419 0.177419
v 0.500000 -0.177419 0.177419
v -0.500000 -0.177419 0.145161
v 0.500000 -0.177419 0.145161
v -0.500000 -0.177419 0.112903
v 0.500000 -0.177419 0.112903
v -0.500000 -0.177419 0.080645
v 0.500000 -0.177419 0.080645
v -0.500000 -0.177419 0.048387
v 0.500000 -0.177419 0.048387
v -0.500000 -0.177419 0.016129
v 0.500000 -0.177419 0.016129
v -0.500000 -0.177419 -0.016129
v 0.500000 -0.177419 -0.016129
v -0.500000 -0.177419 -0.048387
v 0.500000 -0.177419 -0.048387
v -0.500000 -0.177419 -0.080645
v 0.500000 -0.177419 -0.080645
v -0.500000 -0.177419 -0.112903
v 0.500000 -0.177419 -0.112903
v -0.500000 -0.177419 -0.145161
v 0.500000 -0.177419 -0.145161
v -0.500000 -0.177419 -0.177419
v 0.500000 -0.177419 -0.177419
v -0.500000 -0.177419 -0.209677
v 0.500000 -0.177419 -0.209677
v -0.500000 -0.177419 -0.241935
v 0.500000 -0.177419 -0.241935
v -0.500000 -0.177419 -0.274194
v 0.500000 -0.177419 -0.274194
v -0.500000 -0.177419 -0.306452
v 0.500000 -0.177419 -0.306452
v -0.500000 -0.177419 -0.338710
v 0.500000 -0.177419 -0.338710
v -0.500000 -0.177419 -0.370968
v 0.500000 -0.177419 -0.370968
v -0.500000 -0.177419 -0.403226
v 0.500000 -0.177419 -0.403226
v -0.500000 -0.177419 -0.435484
v 0.500000 -0.177419 -0.435484
v -0.500000 -0.177419 -0.467742
v 0.500000 -0.177419 -0.467742
v -0.500000 -0.177419 -0.500000
v -0.467742 -0.177419 -0.500000
v -0.435484 -0.177419 -0.500000
v -0.403226 -0.177419 -0.500000
v -0.370968 -0.177419 -0.500000
v -0.338710 -0.177419 -0.500000
v -0.306452 -0.177419 -0.500000
v -0.274194 -0.177419 -0.500000
v -0.241935 -0.177419 -0.500000
v -0.209677 -0.177419 -0.500000
v -0.177419 -0.177419 -0.500000
v -0.145161 -0.177419 -0.500000
v -0.112903 -0.177419 -0.500000
v -0.080645 -0.177419 -0.500000
v -0.048387 -0.177419 -0.500000
v -0.016129 -0.177419 -0.500000
v 0.016129 -0.177419 -0.500000
v 0.048387 -0.177419 -0.500000
v 0.080645 -0.177419 -0.500000
v 0.112903 -0.177419 -0.500000
v 0.145161 -0.177419 -0.500000
v 0.177419 -0.177419 -0.500000
v 0.209677 -0.177419 -0.500000
v 0.241935 -0.177419 -0.500000
v 0.274194 -0.177419 -0.500000
v 0.306452 -0.177419 -0.500000
v 0.338710 -0.177419 -0.500000
v 0.370968 -0.177419 -0.500000
v 0.403226 -0.177419 -0.500000
v 0.435484 -0.177419 -0.500000
v 0.467742 -0.177419 -0.500000
v 0.500000 -0.177419 -0.500000
v -0.500000 -0.145161 0.500000
v -0.467742 -0.145161 0.500000
v -0.435484 -0.145161 0.500000
v -0.403226 -0.145161 0.500000
v -0.370968 -0.145161 0.500000
v -0.338710 -0.145161 0.500000
v -0.306452 -0.145161 0.500000
v -0.274194 -0.145161 0.500000
v -0.241935 -0.145161 0.500000
v -0.209677 -0.145161 0.500000
v -0.177419 -0.145161 0.500000
v -0.145161 -0.145161 0.500000
v -0.112903 -0.145161 0.500000
v -0.080645 -0.145161 0.500000
v -0.048387 -0.145161 0.500000
v -0.016129 -0.145161 0.500000
v 0.016129 -0.145161 0.500000
v 0.048387 -0.145161 0.500000
v 0.080645 -0.145161 0.500000
v 0.112903 -0.145161 0.500000
v 0.145161 -0.145161 0.500000
v 0.177419 -0.145161 0.500000
v 0.209677 -0.145161 0.500000
v 0.241935 -0.145161 0.500000
v 0.274194 -0.145161 0.500000
v 0.306452 -0.145161 0.500000
v 0.338710 -0.145161 0.500000
v 0.370968 -0.145161 0.500000
v 0.403226 -0.145161 0.500000
v 0.435484 -0.145161 0.500000
v 0.467742 -0.145161 0.500000
v 0.500000 -0.145161 0.500000
v -0.500000 -0.145161 0.467742
v 0.500000 -0.145161 0.467742
v -0.500000 -0.145161 0.435484
v 0.500000 -0.145161 0.435484
v -0.500000 -0.145161 0.403226
v 0.500000 -0.145161 0.403226
v -0.500000 -0.145161 0.370968
v 0.500000 -0.145161 0.370968
v -0.500000 -0.145161 0.338710
v 0.500000 -0.145161 0.338710
v -0.500000 -0.145161 0.306452
v 0.500000 -0.145161 0.306452
v -0.500000 -0.145161 0.274194
v 0.500000 -0.145161 0.274194
v -0.500000 -0.145161 0.241935
v 0.500000 -0.145161 0.241935
v -0.500000 -0.145161 0.209677
v 0.500000 -0.145161 0.209677
v -0.500000 -0.145161 0.177419
v 0.500000 -0.145161 0.177419
v -0.500000 -0.145161 0.145161
v 0.500000 -0.145161 0.145161
v -0.500000 -0.145161 0.112903
v 0.500000 -0.145161 0.112903
v -0.500000 -0.145161 0.080645
v 0.500000 -0.145161 0.080645
v -0.500000 -0.145161 0.048387
v 0.500000 -0.145161 0.048387
v -0.500000 -0.145161 0.016129
v 0.500000 -0.145161 0.016129
v -0.500000 -0.145161 -0.016129
v 0.500000 -0.145161 -0.016129
v -0.500000 -0.145161 -0.048387
v 0.500000 -0.145161 -0.048387
v -0.500000 -0.145161 -0.080645
v 0.500000 -0.145161 -0.080645
v -0.500000 -0.145161 -0.112903
v 0.500000 -0.145161 -0.112903
v -0.500000 -0.145161 -0.145161
v 0.500000 -0.145161 -0.145161
v -0.500000 -0.145161 -0.177419
v 0.500000 -0.145161 -0.177419
v -0.500000 -0.145161 -0.209677
v 0.500000 -0.145161 -0.209677
v -0.500000 -0.145161 -0.241935
v 0.500000 -0.145161 -0.241935
v -0.500000 -0.145161 -0.274194
v 0.500000 -0.145161 -0.274194
v -0.500000 -0.145161 -0.306452
v 0.500000 -0.145161 -0.306452
v -0.500000 -0.145161 -0.338710
v 0.500000 -0.145161 -0.338710
v -0.500000 -0.145161 -0.370968
v 0.500000 -0.145161 -0.370968
v -0.500000 -0.145161 -0.403226
v 0.500000 -0.145161 -0.403226
v -0.500000 -0.145161 -0.435484
v 0.500000 -0.145161 -0.435484
v -0.500000 -0.145161 -0.467742
v 0.500000 -0.145161 -0.467742
v -0.500000 -0.145161 -0.500000
v -0.467742 -0.145161 -0.500000
v -0.435484 -0.145161 -0.500000
v -0.403226 -0.145161 -0.500000
v -0.370968 -0.145161 -0.500000
v -0.338710 -0.145161 -0.500000
v -0.306452 -0.145161 -0.500000
v -0.274194 -0.145161 -0.500000
v -0.241935 -0.145161 -0.500000
v -0.209677 -0.145161 -0.500000
v -0.177419 -0.145161 -0.500000
v -0.145161 -0.145161 -0.500000
v -0.112903 -0.145161 -0.500000
v -0.080645 -0.145161 -0.500000
v -0.048387 -0.145161 -0.500000
v -0.016129 -0.145161 -0.500000
v 0.016129 -0.145161 -0.500000
v 0.048387 -0.145161 -0.500000
v 0.080645 -0.145161 -0.500000
v 0.112903 -0.145161 -0.500000
v 0.145161 -0.145161 -0.500000
v 0.177419 -0.145161 -0.500000
v 0.209677 -0.145161 -0.500000
v 0.241935 -0.145161 -0.500000
v 0.274194 -0.145161 -0.500000
v 0.306452 -0.145161 -0.500000
v 0.338710 -0.145161 -0.500000
v 0.370968 -0.145161 -0.500000
v 0.403226 -0.145161 -0.500000
v 0.435484 -0.145161 -0.500000
v 0.467742 -0.145161 -0.500000
v 0.500000 -0.145161 -0.500000
v -0.500000 -0.112903 0.500000
v -0.467742 -0.112903 0.500000
v -0.435484 -0.112903 0.500000
v -0.403226 -0.112903 0.500000
v -0.370968 -0.112903 0.500000
v -0.338710 -0.112903 0.500000
v -0.306452 -0.112903 0.500000
v -0.274194 -0.112903 0.500000
v -0.241935 -0.112903 0.500000
v -0.209677 -0.112903 0.500000
v -0.177419 -0.112903 0.500000
v -0.145161 -0.112903 0.500000
v -0.112903 -0.112903 0.500000
v -0.080645 -0.112903 0.500000
v -0.048387 -0.112903 0.500000
v -0.016129 -0.112903 0.500000
v 0.016129 -0.112903 0.500000
v 0.048387 -0.112903 0.500000
v 0.080645 -0.112903 0.500000
v 0.112903 -0.112903 0.500000
v 0.145161 -0.112903 0.500000
v 0.177419 -0.112903 0.500000
v 0.209677 -0.112903 0.500000
v 0.241935 -0.112903 0.500000
v 0.274194 -0.112903 0.500000
v 0.306452 -0.112903 0.500000
v 0.338710 -0.112903 0.500000
v 0.370968 -0.112903 0.500000
v 0.403226 -0.112903 0.500000
v 0.435484 -0.112903 0.500000
v 0.467742 -0.112903 0.500000
v 0.500000 -0.112903 0.500000
v -0.500000 -0.112903 0.467742
v 0.500000 -0.112903 0.467742
v -0.500000 -0.112903 0.435484
v 0.500000 -0.112903 0.435484
v -0.500000 -0.112903 0.403226
v 0.500000 -0.112903 0.403226
v -0.500000 -0.112903 0.370968
v 0.500000 -0.112903 0.370968
v -0.500000 -0.112903 0.338710
v 0.500000 -0.112903 0.338710
v -0.500000 -0.112903 0.306452
v 0.500000 -0.112903 0.306452
v -0.500000 -0.112903 0.274194
v 0.500000 -0.112903 0.274194
v -0.500000 -0.112903 0.241935
v 0.500000 -0.112903 0.241935
v -0.500000 -0.112903 0.209677
v 0.500000 -0.112903 0.209677
v -0.500000 -0.112903 0.177419
v 0.500000 -0.112903 0.177419
v -0.500000 -0.112903 0.145161
v 0.500000 -0.112903 0.145161
v -0.500000 -0.112903 0.112903
v 0.500000 -0.112903 0.112903
v -0.500000 -0.112903 0.080645
v 0.500000 -0.112903 0.080645
v -0.500000 -0.112903 0.048387
v 0.500000 -0.112903 0.048387
v -0.500000 -0.112903 0.016129
v 0.500000 -0.112903 0.016129
v -0.500000 -0.112903 -0.016129
v 0.500000 -0.112903 -0.016129
v -0.500000 -0.112903 -0.048387
v 0.500000 -0.112903 -0.048387
v -0.500000 -0.112903 -0.080645
v 0.500000 -0.112903 -0.080645
v -0.500000 -0.112903 -0.112903
v 0.500000 -0.112903 -0.112903
v -0.500000 -0.112903 -0.145161
v 0.500000 -0.112903 -0.145161
v -0.500000 -0.112903 -0.177419
v 0.500000 -0.112903 -0.177419
v -0.500000 -0.112903 -0.209677
v 0.500000 -0.112903 -0.209677
v -0.500000 -0.112903 -0.241935
v 0.500000 -0.112903 -0.241935
v -0.500000 -0.112903 -0.274194
v 0.500000 -0.112903 -0.274194
v -0.500000 -0.112903 -0.306452
v 0.500000 -0.112903 -0.306452
v -0.500000 -0.112903 -0.338710
v 0.500000 -0.112903 -0.338710
v -0.500000 -0.112903 -0.370968
v 0.500000 -0.112903 -0.370968
v -0.500000 -0.112903 -0.403226
v 0.500000 -0.112903 -0.403226
v -0.500000 -0.112903 -0.435484
v 0.500000 -0.112903 -0.435484
v -0.500000 -0.112903 -0.467742
v 0.500000 -0.112903 -0.467742
v -0.500000 -0.112903 -0.500000
v -0.467742 -0.112903 -0.500000
v -0.435484 -0.112903 -0.500000
v -0.403226 -0.112903 -0.500000
v -0.370968 -0.112903 -0.500000
v -0.338710 -0.112903 -0.500000
v -0.306452 -0.112903 -0.500000
v -0.274194 -0.112903 -0.500000
v -0.241935 -0.112903 -0.500000
v -0.209677 -0.112903 -0.500000
v -0.177419 -0.112903 -0.500000
v -0.145161 -0.112903 -0.500000
v -0.112903 -0.112903 -0.500000
v -0.080645 -0.112903 -0.500000
v -0.048387 -0.112903 -0.500000
v -0.016129 -0.112903 -0.500000
v 0.016129 -0.112903 -0.500000
v 0.048387 -0.112903 -0.500000
v 0.080645 -0.112903 -0.500000
v 0.112903 -0.112903 -0.500000
v 0.145161 -0.112903 -0.500000
v 0.177419 -0.112903 -0.500000
v 0.209677 -0.112903 -0.500000
v 0.241935 -0.112903 -0.500000
v 0.274194 -0.112903 -0.500000
v 0.306452 -0.112903 -0.500000
v 0.338710 -0.112903 -0.500000
v 0.370968 -0.112903 -0.500000
v 0.403226 -0.112903 -0.500000
v 0.435484 -0.112903 -0.500000
v 0.467742 -0.112903 -0.500000
v 0.500000 -0.112903 -0.500000
v -0.500000 -0.080645 0.500000
v -0.467742 -0.080645 0.500000
v -0.435484 -0.080645 0.500000
v -0.403226 -0.080645 0.500000
v -0.370968 -0.080645 0.500000
v -0.338710 -0.080645 0.500000
v -0.306452 -0.080645 0.500000
v -0.274194 -0.080645 0.500000
v -0.241935 -0.080645 0.500000
v -0.209677 -0.080645 0.500000
v -0.177419 -0.080645 0.500000
v -0.145161 -0.080645 0.500000
v -0.112903 -0.080645 0.500000
v -0.080645 -0.080645 0.500000
v -0.048387 -0.080645 0.500000
v -0.016129 -0.080645 0.500000
v 0.016129 -0.080645 0.500000
v 0.048387 -0.080645 0.500000
v 0.080645 -0.080645 0.500000
v 0.112903 -0.080645 0.500000
v 0.145161 -0.080645 0.500000
v 0.177419 -0.080645 0.500000
v 0.209677 -0.080645 0.500000
v 0.241935 -0.080645 0.500000
v 0.274194 -0.080645 0.500000
v 0.306452 -0.080645 0.500000
v 0.338710 -0.080645 0.500000
v 0.370968 -0.080645 0.500000
v 0.403226 -0.080645 0.500000
v 0.435484 -0.080645 0.500000
v 0.467742 -0.080645 0.500000
v 0.500000 -0.080645 0.500000
v -0.500000 -0.080645 0.467742
v 0.500000 -0.080645 0.467742
v -0.500000 -0.080645 0.435484
v 0.500000 -0.080645 0.435484
v -0.500000 -0.080645 0.403226
v 0.500000 -0.080645 0.403226
v -0.500000 -0.080645 0.370968
v 0.500000 -0.080645 0.370968
v -0.500000 -0.080645 0.338710
v 0.500000 -0.080645 0.338710
v -0.500000 -0.080645 0.306452
v 0.500000 -0.080645 0.306452
v -0.500000 -0.080645 0.274194
v 0.500000 -0.080645 0.274194
v -0.500000 -0.080645 0.241935
v 0.500000 -0.080645 0.241935
v -0.500000 -0.080645 0.209677
v 0.500000 -0.080645 0.209677
v -0.500000 -0.080645 0.177419
v 0.500000 -0.080645 0.177419
v -0.500000 -0.080645 0.145161
v 0.500000 -0.080645 0.145161
v -0.500000 -0.080645 0.112903
v 0.500000 -0.080645 0.112903
v -0.500000 -0.080645 0.080645
v 0.500000 -0.080645 0.080645
v -0.500000 -0.080645 0.048387
v 0.500000 -0.080645 0.048387
v -0.500000 -0.080645 0.016129
v 0.500000 -0.080645 0.016129
v -0.500000 -0.080645 -0.016129
v 0.500000 -0.080645 -0.016129
v -0.500000 -0.080645 -0.048387
v 0.500000 -0.080645 -0.048387
v -0.500000 -0.080645 -0.080645
v 0.500000 -0.080645 -0.080645
v -0.500000 -0.080645 -0.112903
v 0.500000 -0.080645 -0.112903
v -0.500000 -0.080645 -0.145161
v 0.500000 -0.080645 -0.145161
v -0.500000 -0.080645 -0.177419
v 0.500000 -0.080645 -0.177419
v -0.500000 -0.080645 -0.209677
v 0.500000 -0.080645 -0.209677
v -0.500000 -0.080645 -0.241935
v 0.500000 -0.080645 -0.241935
v -0.500000 -0.080645 -0.274194
v 0.500000 -0.080645 -0.274194
v -0.500000 -0.080645 -0.306452
v 0.500000 -0.080645 -0.306452
v -0.500000 -0.080645 -0.338710
v 0.500000 -0.080645 -0.338710
v -0.500000 -0.080645 -0.370968
v 0.500000 -0.080645 -0.370968
v -0.500000 -0.080645 -0.403226
v 0.500000 -0.080645 -0.403226
v -0.500000 -0.080645 -0.435484
v 0.500000 -0.080645 -0.435484
v -0.500000 -0.080645 -0.467742
v 0.500000 -0.080645 -0.467742
v -0.500000 -0.080645 -0.500000
v -0.467742 -0.080645 -0.500000
v -0.435484 -0.080645 -0.500000
v -0.403226 -0.080645 -0.500000
v -0.370968 -0.080645 -0.500000
v -0.338710 -0.080645 -0.500000
v -0.306452 -0.080645 -0.500000
v -0.274194 -0.080645 -0.500000
v -0.241935 -0.080645 -0.500000
v -0.209677 -0.080645 -0.500000
v -0.177419 -0.080645 -0.500000
v -0.145161 -0.080645 -0.500000
v -0.112903 -0.080645 -0.500000
v -0.080645 -0.080645 -0.500000
v -0.048387 -0.080645 -0.500000
v -0.016129 -0.080645 -0.500000
v 0.016129 -0.080645 -0.500000
v 0.048387 -0.080645 -0.500000
v 0.080645 -0.080645 -0.500000
v 0.112903 -0.080645 -0.500000
v 0.145161 -0.080645 -0.500000
v 0.177419 -0.080645 -0.500000
v 0.209677 -0.080645 -0.500000
v 0.241935 -0.080645 -0.500000
v 0.274194 -0.080645 -0.500000
v 0.306452 -0.080645 -0.500000
v 0.338710 -0.080645 -0.500000
v 0.370968 -0.080645 -0.500000
v 0.403226 -0.080645 -0.500000
v 0.435484 -0.080645 -0.500000
v 0.467742 -0.080645 -0.500000
v 0.500000 -0.080645 -0.500000
v -0.500000 -0.048387 0.500000
v -0.467742 -0.048387 0.500000
v -0.435484 -0.048387 0.500000
v -0.403226 -0.048387 0.500000
v -0.370968 -0.048387 0.500000
v -0.338710 -0.048387 0.500000
v -0.306452 -0.048387 0.500000
v -0.274194 -0.048387 0.500000
v -0.241935 -0.048387 0.500000
v -0.209677 -0.048387 0.500000
v -0.177419 -0.048387 0.500000
v -0.145161 -0.048387 0.500000
v -0.112903 -0.048387 0.500000
v -0.080645 -0.048387 0.500000
v -0.048387 -0.048387 0.500000
v -0.016129 -0.048387 0.500000
v 0.016129 -0.048387 0.500000
v 0.048387 -0.048387 0.500000
v 0.080645 -0.048387 0.500000
v 0.112903 -0.048387 0.500000
v 0.145161 -0.048387 0.500000
v 0.177419 -0.048387 0.500000
v 0.209677 -0.048387 0.500000
v 0.241935 -0.048387 0.500000
v 0.274194 -0.048387 0.500000
v 0.306452 -0.048387 0.500000
v 0.338710 -0.048387 0.500000
v 0.370968 -0.048387 0.500000
v 0.403226 -0.048387 0.500000
v 0.435484 -0.048387 0.500000
v 0.467742 -0.048387 0.500000
v 0.500000 -0.048387 0.500000
v -0.500000 -0.048387 0.467742
v 0.500000 -0.048387 0.467742
v -0.500000 -0.048387 0.435484
v 0.500000 -0.048387 0.435484
v -0.500000 -0.048387 0.403226
v 0.500000 -0.048387 0.403226
v -0.500000 -0.048387 0.370968
v 0.500000 -0.048387 0.370968
v -0.500000 -0.048387 0.338710
v 0.500000 -0.048387 0.338710
v -0.500000 -0.048387 0.306452
v 0.500000 -0.048387 0.306452
v -0.500000 -0.048387 0.274194
v 0.500000 -0.048387 0.274194
v -0.500000 -0.048387 0.241935
v 0.500000 -0.048387 0.241935
v -0.500000 -0.048387 0.209677
v 0.500000 -0.048387 0.209677
v -0.500000 -0.048387 0.177419
v 0.500000 -0.048387 0.177419
v -0.500000 -0.048387 0.145161
v 0.500000 -0.048387 0.145161
v -0.500000 -0.048387 0.112903
v 0.500000 -0.048387 0.112903
v -0.500000 -0.048387 0.080645
v 0.500000 -0.048387 0.080645
v -0.500000 -0.048387 0.048387
v 0.500000 -0.048387 0.048387
v -0.500000 -0.048387 0.016129
v 0.500000 -0.048387 0.016129
v -0.500000 -0.048387 -0.016129
v 0.500000 -0.048387 -0.016129
v -0.500000 -0.048387 -0.048387
v 0.500000 -0.048387 -0.048387
v -0.500000 -0.048387 -0.080645
v 0.500000 -0.048387 -0.080645
v -0.500000 -0.048387 -0.112903
v 0.500000 -0.048387 -0.112903
v -0.500000 -0.048387 -0.145161
v 0.500000 -0.048387 -0.145161
v -0.500000 -0.048387 -0.177419
v 0.500000 -0.048387 -0.177419
v -0.500000 -0.048387 -0.209677
v 0.500000 -0.048387 -0.209677
v -0.500000 -0.048387 -0.241935
v 0.500000 -0.048387 -0.241935
v -0.500000 -0.048387 -0.274194
v 0.500000 -0.048387 -0.274194
v -0.500000 -0.048387 -0.306452
v 0.500000 -0.048387 -0.306452
v -0.500000 -0.048387 -0.338710
v 0.500000 -0.048387 -0.338710
v -0.500000 -0.048387 -0.370968
v 0.500000 -0.048387 -0.370968
v -0.500000 -0.048387 -0.403226
v 0.500000 -0.048387 -0.403226
v -0.500000 -0.048387 -0.435484
v 0.500000 -0.048387 -0.435484
v -0.500000 -0.048387 -0.467742
v 0.500000 -0.048387 -0.467742
v -0.500000 -0.048387 -0.500000
v -0.467742 -0.048387 -0.500000
v -0.435484 -0.048387 -0.500000
v -0.403226 -0.048387 -0.500000
v -0.370968 -0.048387 -0.500000
v -0.338710 -0.048387 -0.500000
v -0.306452 -0.048387 -0.500000
v -0.274194 -0.048387 -0.500000
v -0.241935 -0.048387 -0.500000
v -0.209677 -0.048387 -0.500000
v -0.177419 -0.048387 -0.500000
v -0.145161 -0.048387 -0.500000
v -0.112903 -0.048387 -0.500000
v -0.080645 -0.048387 -0.500000
v -0.048387 -0.048387 -0.500000
v -0.016129 -0.048387 -0.500000
v 0.016129 -0.048387 -0.500000
v 0.048387 -0.048387 -0.500000
v 0.080645 -0.048387 -0.500000
v 0.112903 -0.048387 -0.500000
v 0.145161 -0.048387 -0.500000
v 0.177419 -0.048387 -0.500000
v 0.209677 -0.048387 -0.500000
v 0.241935 -0.048387 -0.500000
v 0.274194 -0.048387 -0.500000
v 0.306452 -0.048387 -0.500000
v 0.338710 -0.048387 -0.500000
v 0.370968 -0.048387 -0.500000
v 0.403226 -0.048387 -0.500000
v 0.435484 -0.048387 -0.500000
v 0.467742 -0.048387 -0.500000
v 0.500000 -0.048387 -0.500000
v -0.500000 -0.016129 0.500000
v -0.467742 -0.016129 0.500000
v -0.435484 -0.016129 0.500000
v -0.403226 -0.016129 0.500000
v -0.370968 -0.016129 0.500000
v -0.338710 -0.016129 0.500000
v -0.306452 -0.016129 0.500000
v -0.274194 -0.016129 0.500000
v -0.241935 -0.016129 0.500000
v -0.209677 -0.016129 0.500000
v -0.177419 -0.016129 0.500000
v -0.145161 -0.016129 0.500000
v -0.112903 -0.016129 0.500000
v -0.080645 -0.016129 0.500000
v -0.048387 -0.016129 0.500000
v -0.016129 -0.016129 0.500000
v 0.016129 -0.016129 0.500000
v 0.048387 -0.016129 0.500000
v 0.080645 -0.016129 0.500000
v 0.112903 -0.016129 0.500000
v 0.145161 -0.016129 0.500000
v 0.177419 -0.016129 0.500000
v 0.209677 -0.016129 0.500000
v 0.241935 -0.016129 0.500000
v 0.274194 -0.016129 0.500000
v 0.306452 -0.016129 0.500000
v 0.338710 -0.016129 0.500000
v 0.370968 -0.016129 0.500000
v 0.403226 -0.016129 0.500000
v 0.435484 -0.016129 0.500000
v 0.467742 -0.016129 0.500000
v 0.500000 -0.016129 0.500000
v -0.500000 -0.016129 0.467742
v 0.500000 -0.016129 0.467742
v -0.500000 -0.016129 0.435484
v 0.500000 -0.016129 0.435484
v -0.500000 -0.016129 0.403226
v 0.500000 -0.016129 0.403226
v -0.500000 -0.016129 0.370968
v 0.500000 -0.016129 0.370968
v -0.500000 -0.016129 0.338710
v 0.500000 -0.016129 0.338710
v -0.500000 -0.016129 0.306452
v 0.500000 -0.016129 0.306452
v -0.500000 -0.016129 0.274194
v 0.500000 -0.016129 0.274194
v -0.500000 -0.016129 0.241935
v 0.500000 -0.016129 0.241935
v -0.500000 -0.016129 0.209677
v 0.500000 -0.016129 0.209677
v -0.500000 -0.016129 0.177419
v 0.500000 -0.016129 0.177419
v -0.500000 -0.016129 0.145161
v 0.500000 -0.016129 0.145161
v -0.500000 -0.016129 0.112903
v 0.500000 -0.016129 0.112903
v -0.500000 -0.016129 0.080645
v 0.500000 -0.016129 0.080645
v -0.500000 -0.016129 0.048387
v 0.500000 -0.016129 0.048387
v -0.500000 -0.016129 0.016129
v 0.500000 -0.016129 0.016129
v -0.500000 -0.016129 -0.016129
v 0.500000 -0.016129 -0.016129
v -0.500000 -0.016129 -0.048387
v 0.500000 -0.016129 -0.048387
v -0.500000 -0.016129 -0.080645
v 0.500000 -0.016129 -0.080645
v -0.500000 -0.016129 -0.112903
v 0.500000 -0.016129 -0.112903
v -0.500000 -0.016129 -0.145161
v 0.500000 -0.016129 -0.145161
v -0.500000 -0.016129 -0.177419
v 0.500000 -0.016129 -0.177419
v -0.500000 -0.016129 -0.209677
v 0.500000 -0.016129 -0.209677
v -0.500000 -0.016129 -0.241935
v 0.500000 -0.016129 -0.241935
v -0.500000 -0.016129 -0.274194
v 0.500000 -0.016129 -0.274194
v -0.500000 -0.016129 -0.306452
v 0.500000 -0.016129 -0.306452
v -0.500000 -0.016129 -0.338710
v 0.500000 -0.016129 -0.338710
v -0.500000 -0.016129 -0.370968
v 0.500000 -0.016129 -0.370968
v -0.500000 -0.016129 -0.403226
v 0.500000 -0.016129 -0.403226
v -0.500000 -0.016129 -0.435484
v 0.500000 -0.016129 -0.435484
v -0.500000 -0.016129 -0.467742
v 0.500000 -0.016129 -0.467742
v -0.500000 -0.016129 -0.500000
v -0.467742 -0.016129 -0.500000
v -0.435484 -0.016129 -0.500000
v -0.403226 -0.016129 -0.500000
v -0.370968 -0.016129 -0.500000
v -0.338710 -0.016129 -0.500000
v -0.306452 -0.016129 -0.500000
v -0.274194 -0.016129 -0.500000
v -0.241935 -0.016129 -0.500000
v -0.209677 -0.016129 -0.500000
v -0.177419 -0.016129 -0.500000
v -0.145161 -0.016129 -0.500000
v -0.112903 -0.016129 -0.500000
v -0.080645 -0.016129 -0.500000
v -0.048387 -0.016129 -0.500000
v -0.016129 -0.016129 -0.500000
v 0.016129 -0.016129 -0.500000
v 0.048387 -0.016129 -0.500000
v 0.080645 -0.016129 -0.500000
v 0.112903 -0.016129 -0.500000
v 0.145161 -0.016129 -0.500000
v 0.177419 -0.016129 -0.500000
v 0.209677 -0.016129 -0.500000
v 0.241935 -0.016129 -0.500000
v 0.274194 -0.016129 -0.500000
v 0.306452 -0.016129 -0.500000
v 0.338710 -0.016129 -0.500000
v 0.370968 -0.016129 -0.500000
v 0.403226 -0.016129 -0.500000
v 0.435484 -0.016129 -0.500000
v 0.467742 -0.016129 -0.500000
v 0.500000 -0.016129 -0.500000
v -0.500000 0.016129 0.500000
v -0.467742 0.016129 0.500000
v -0.435484 0.016129 0.500000
v -0.403226 0.016129 0.500000
v -0.370968 0.016129 0.500000
v -0.338710 0.016129 0.500000
v -0.306452 0.016129 0.500000
v -0.274194 0.016129 0.500000
v -0.241935 0.016129 0.500000
v -0.209677 0.016129 0.500000
v -0.177419 0.016129 0.500000
v -0.145161 0.016129 0.500000
v -0.112903 0.016129 0.500000
v -0.080645 0.016129 0.500000
v -0.048387 0.016129 0.500000
v -0.016129 0.016129 0.500000
v 0.016129 0.016129 0.500000
v 0.048387 0.016129 0.500000
v 0.080645 0.016129 0.500000
v 0.112903 0.016129 0.500000
v 0.145161 0.016129 0.500000
v 0.177419 0.016129 0.500000
v 0.209677 0.016129 0.500000
v 0.241935 0.016129 0.500000
v 0.274194 0.016129 0.500000
v 0.306452 0.016129 0.500000
v 0.338710 0.016129 0.500000
v 0.370968 0.016129 0.500000
v 0.403226 0.016129 0.500000
v 0.435484 0.016129 0.500000
v 0.467742 0.016129 0.500000
v 0.500000 0.016129 0.500000
v -0.500000 0.016129 0.467742
v 0.500000 0.016129 0.467742
v -0.500000 0.016129 0.435484
v 0.500000 0.016129 0.435484
v -0.500000 0.016129 0.403226
v 0.500000 0.016129 0.403226
v -0.500000 0.016129 0.370968
v 0.500000 0.016129 0.370968
v -0.500000 0.016129 0.338710
v 0.500000 0.016129 0.338710
v -0.500000 0.016129 0.306452
v 0.500000 0.016129 0.306452
v -0.500000 0.016129 0.274194
v 0.500000 0.016129 0.274194
v -0.500000 0.016129 0.241935
v 0.500000 0.016129 0.241935
v -0.500000 0.016129 0.209677
v 0.500000 0.016129 0.209677
v -0.500000 0.016129 0.177419
v 0.500000 0.016129 0.177419
v -0.500000 0.016129 0.145161
v 0.500000 0.016129 0.145161
v -0.500000 0.016129 0.112903
v 0.500000 0.016129 0.112903
v -0.500000 0.016129 0.080645
v 0.500000 0.016129 0.080645
v -0.500000 0.016129 0.048387
v 0.500000 0.016129 0.048387
v -0.500000 0.016129 0.016129
v 0.500000 0.016129 0.016129
v -0.500000 0.016129 -0.016129
v 0.500000 0.016129 -0.016129
v -0.500000 0.016129 -0.048387
v 0.500000 0.016129 -0.048387
v -0.500000 0.016129 -0.080645
v 0.500000 0.016129 -0.080645
v -0.500000 0.016129 -0.112903
v 0.500000 0.016129 -0.112903
v -0.500000 0.016129 -0.145161
v 0.500000 0.016129 -0.145161
v -0.500000 0.016129 -0.177419
v 0.500000 0.016129 -0.177419
v -0.500000 0.016129 -0.209677
v 0.500000 0.016129 -0.209677
v -0.500000 0.016129 -0.241935
v 0.500000 0.016129 -0.241935
v -0.500000 0.016129 -0.274194
v 0.500000 0.016129 -0.274194
v -0.500000 0.016129 -0.306452
v 0.500000 0.016129 -0.306452
v -0.500000 0.016129 -0.338710
v 0.500000 0.016129 -0.338710
v -0.500000 0.016129 -0.370968
v 0.500000 0.016129 -0.370968
v -0.500000 0.016129 -0.403226
v 0.500000 0.016129 -0.403226
v -0.500000 0.016129 -0.435484
v 0.500000 0.016129 -0.435484
v -0.500000 0.016129 -0.467742
v 0.500000 0.016129 -0.467742
v -0.500000 0.016129 -0.500000
v -0.467742 0.016129 -0.500000
v -0.435484 0.016129 -0.500000
v -0.403226 0.016129 -0.500000
v -0.370968 0.016129 -0.500000
v -0.338710 0.016129 -0.500000
v -0.306452 0.016129 -0.500000
v -0.274194 0.016129 -0.500000
v -0.241935 0.016129 -0.500000
v -0.209677 0.016129 -0.500000
v -0.177419 0.016129 -0.500000
v -0.145161 0.016129 -0.500000
v -0.112903 0.016129 -0.500000
v -0.080645 0.016129 -0.500000
v -0.048387 0.016129 -0.500000
v -0.016129 0.016129 -0.500000
v 0.016129 0.016129 -0.500000
v 0.048387 0.016129 -0.500000
v 0.080645 0.016129 -0.500000
v 0.112903 0.016129 -0.500000
v 0.145161 0.016129 -0.500000
v 0.177419 0.016129 -0.500000
v 0.209677 0.016129 -0.500000
v 0.241935 0.016129 -0.500000
v 0.274194 0.016129 -0.500000
v 0.306452 0.016129 -0.500000
v 0.338710 0.016129 -0.500000
v 0.370968 0.016129 -0.500000
v 0.403226 0.016129 -0.500000
v 0.435484 0.016129 -0.500000
v 0.467742 0.016129 -0.500000
v 0.500000 0.016129 -0.500000
v -0.500000 0.048387 0.500000
v -0.467742 0.048387 0.500000
v -0.435484 0.048387 0.500000
v -0.403226 0.048387 0.500000
v -0.370968 0.048387 0.500000
v -0.338710 0.048387 0.500000
v -0.306452 0.048387 0.500000
v -0.274194 0.048387 0.500000
v -0.241935 0.048387 0.500000
v -0.209677 0.048387 0.500000
v -0.177419 0.048387 0.500000
v -0.145161 0.048387 0.500000
v -0.112903 0.048387 0.500000
v -0.080645 0.048387 0.500000
v -0.048387 0.048387 0.500000
v -0.016129 0.048387 0.500000
v 0.016129 0.048387 0.500000
v 0.048387 0.048387 0.500000
v 0.080645 0.048387 0.500000
v 0.112903 0.048387 0.500000
v 0.145161 0.048387 0.500000
v 0.177419 0.048387 0.500000
v 0.209677 0.048387 0.500000
v 0.241935 0.048387 0.500000
v 0.274194 0.048387 0.500000
v 0.306452 0.048387 0.500000
v 0.338710 0.048387 0.500000
v 0.370968 0.048387 0.500000
v 0.403226 0.048387 0.500000
v 0.435484 0.048387 0.500000
v 0.467742 0.048387 0.500000
v 0.500000 0.048387 0.500000
v -0.500000 0.048387 0.467742
v 0.500000 0.048387 0.467742
v -0.500000 0.048387 0.435484
v 0.500000 0.048387 0.435484
v -0.500000 0.048387 0.403226
v 0.500000 0.048387 0.403226
v -0.500000 0.048387 0.370968
v 0.500000 0.048387 0.370968
v -0.500000 0.048387 0.338710
v 0.500000 0.048387 0.338710
v -0.500000 0.048387 0.306452
v 0.500000 0.048387 0.306452
v -0.500000 0.048387 0.274194
v 0.500000 0.048387 0.274194
v -0.500000 0.048387 0.241935
v 0.500000 0.048387 0.241935
v -0.500000 0.048387 0.209677
v 0.500000 0.048387 0.209677
v -0.500000 0.048387 0.177419
v 0.500000 0.048387 0.177419
v -0.500000 0.048387 0.145161
v 0.500000 0.048387 0.145161
v -0.500000 0.048387 0.112903
v 0.500000 0.048387 0.112903
v -0.500000 0.048387 0.080645
v 0.500000 0.048387 0.080645
v -0.500000 0.048387 0.048387
v 0.500000 0.048387 0.048387
v -0.500000 0.048387 0.016129
v 0.500000 0.048387 0.016129
v -0.500000 0.048387 -0.016129
v 0.500000 0.048387 -0.016129
v -0.500000 0.048387 -0.048387
v 0.500000 0.048387 -0.048387
v -0.500000 0.048387 -0.080645
v 0.500000 0.048387 -0.080645
v -0.500000 0.048387 -0.112903
v 0.500000 0.048387 -0.112903
v -0.500000 0.048387 -0.145161
v 0.500000 0.048387 -0.145161
v -0.500000 0.048387 -0.177419
v 0.500000 0.048387 -0.177419
v -0.500000 0.048387 -0.209677
v 0.500000 0.048387 -0.209677
v -0.500000 0.048387 -0.241935
v 0.500000 0.048387 -0.241935
v -0.500000 0.048387 -0.274194
v 0.500000 0.048387 -0.274194
v -0.500000 0.048387 -0.306452
v 0.500000 0.048387 -0.306452
v -0.500000 0.048387 -0.338710
v 0.500000 0.048387 -0.338710
v -0.500000 0.048387 -0.370968
v 0.500000 0.048387 -0.370968
v -0.500000 0.048387 -0.403226
v 0.500000 0.048387 -0.403226
v -0.500000 0.048387 -0.435484
v 0.500000 0.048387 -0.435484
v -0.500000 0.048387 -0.467742
v 0.500000 0.048387 -0.467742
v -0.500000 0.048387 -0.500000
v -0.467742 0.048387 -0.500000
v -0.435484 0.048387 -0.500000
v -0.403226 0.048387 -0.500000
v -0.370968 0.048387 -0.500000
v -0.338710 0.048387 -0.500000
v -0.306452 0.048387 -0.500000
v -0.274194 0.048387 -0.500000
v -0.241935 0.048387 -0.500000
v -0.209677 0.048387 -0.500000
v -0.177419 0.048387 -0.500000
v -0.145161 0.048387 -0.500000
v -0.112903 0.048387 -0.500000
v -0.080645 0.048387 -0.500000
v -0.048387 0.048387 -0.500000
v -0.016129 0.048387 -0.500000
v 0.016129 0.048387 -0.500000
v 0.048387 0.048387 -0.500000
v 0.080645 0.048387 -0.500000
v 0.112903 0.048387 -0.500000
v 0.145161 0.048387 -0.500000
v 0.177419 0.048387 -0.500000
v 0.209677 0.048387 -0.500000
v 0.241935 0.048387 -0.500000
v 0.274194 0.048387 -0.500000
v 0.306452 0.048387 -0.500000
v 0.338710 0.048387 -0.500000
v 0.370968 0.048387 -0.500000
v 0.403226 0.048387 -0.500000
v 0.435484 0.048387 -0.500000
v 0.467742 0.048387 -0.500000
v 0.500000 0.048387 -0.500000
v -0.500000 0.080645 0.500000
v -0.467742 0.080645 0.500000
v -0.435484 0.080645 0.500000
v -0.403226 0.080645 0.500000
v -0.370968 0.080645 0.500000
v -0.338710 0.080645 0.500000
v -0.306452 0.080645 0.500000
v -0.274194 0.080645 0.500000
v -0.241935 0.080645 0.500000
v -0.209677 0.080645 0.500000
v -0.177419 0.080645 0.500000
v -0.145161 0.080645 0.500000
v -0.112903 0.080645 0.500000
v -0.080645 0.080645 0.500000
v -0.048387 0.080645 0.500000
v -0.016129 0.080645 0.500000
v 0.016129 0.080645 0.500000
v 0.048387 0.080645 0.500000
v 0.080645 0.080645 0.500000
v 0.112903 0.080645 0.500000
v 0.145161 0.080645 0.500000
v 0.177419 0.080645 0.500000
v 0.209677 0.080645 0.500000
v 0.241935 0.080645 0.500000
v 0.274194 0.080645 0.500000
v 0.306452 0.080645 0.500000
v 0.338710 0.080645 0.500000
v 0.370968 0.080645 0.500000
v 0.403226 0.080645 0.500000
v 0.435484 0.080645 0.500000
v 0.467742 0.080645 0.500000
v 0.500000 0.080645 0.500000
v -0.500000 0.080645 0.467742
v 0.500000 0.080645 0.467742
v -0.500000 0.080645 0.435484
v 0.500000 0.080645 0.435484
v -0.500000 0.080645 0.403226
v 0.500000 0.080645 0.403226
v -0.500000 0.080645 0.370968
v 0.500000 0.080645 0.370968
v -0.500000 0.080645 0.338710
v 0.500000 0.080645 0.338710
v -0.500000 0.080645 0.306452
v 0.500000 0.080645 0.306452
v -0.500000 0.080645 0.274194
v 0.500000 0.080645 0.274194
v -0.500000 0.080645 0.241935
v 0.500000 0.080645 0.241935
v -0.500000 0.080645 0.209677
v 0.500000 0.080645 0.209677
v -0.500000 0.080645 0.177419
v 0.500000 0.080645 0.177419
v -0.500000 0.080645 0.145161
v 0.500000 0.080645 0.145161
v -0.500000 0.080645 0.112903
v 0.500000 0.080645 0.112903
v -0.500000 0.080645 0.080645
v 0.500000 0.080645 0.080645
v -0.500000 0.080645 0.048387
v 0.500000 0.080645 0.048387
v -0.500000 0.080645 0.016129
v 0.500000 0.080645 0.016129
v -0.500000 0.080645 -0.016129
v 0.500000 0.080645 -0.016129
v -0.500000 0.080645 -0.048387
v 0.500000 0.080645 -0.048387
v -0.500000 0.080645 -0.080645
v 0.500000 0.080645 -0.080645
v -0.500000 0.080645 -0.112903
v 0.500000 0.080645 -0.112903
v -0.500000 0.080645 -0.145161
v 0.500000 0.080645 -0.145161
v -0.500000 0.080645 -0.177419
v 0.500000 0.080645 -0.177419
v -0.500000 0.080645 -0.209677
v 0.500000 0.080645 -0.209677
v -0.500000 0.080645 -0.241935
v 0.500000 0.080645 -0.241935
v -0.500000 0.080645 -0.274194
v 0.500000 0.080645 -0.274194
v -0.500000 0.080645 -0.306452
v 0.500000 0.080645 -0.306452
v -0.500000 0.080645 -0.338710
v 0.500000 0.080645 -0.338710
v -0.500000 0.080645 -0.370968
v 0.500000 0.080645 -0.370968
v -0.500000 0.080645 -0.403226
v 0.500000 0.080645 -0.403226
v -0.500000 0.080645 -0.435484
v 0.500000 0.080645 -0.435484
v -0.500000 0.080645 -0.467742
v 0.500000 0.080645 -0.467742
v -0.500000 0.080645 -0.500000
v -0.467742 0.080645 -0.500000
v -0.435484 0.080645 -0.500000
v -0.403226 0.080645 -0.500000
v -0.370968 0.080645 -0.500000
v -0.338710 0.080645 -0.500000
v -0.306452 0.080645 -0.500000
v -0.274194 0.080645 -0.500000
v -0.241935 0.080645 -0.500000
v -0.209677 0.080645 -0.500000
v -0.177419 0.080645 -0.500000
v -0.145161 0.080645 -0.500000
v -0.112903 0.080645 -0.500000
v -0.080645 0.080645 -0.500000
v -0.048387 0.080645 -0.500000
v -0.016129 0.080645 -0.500000
v 0.016129 0.080645 -0.500000
v 0.048387 0.080645 -0.500000
v 0.080645 0.080645 -0.500000
v 0.112903 0.080645 -0.500000
v 0.145161 0.080645 -0.500000
v 0.177419 0.080645 -0.500000
v 0.209677 0.080645 -0.500000
v 0.241935 0.080645 -0.500000
v 0.274194 0.080645 -0.500000
v 0.306452 0.080645 -0.500000
v 0.338710 0.080645 -0.500000
v 0.370968 0.080645 -0.500000
v 0.403226 0.080645 -0.500000
v 0.435484 0.080645 -0.500000
v 0.467742 0.080645 -0.500000
v 0.500000 0.080645 -0.500000
v -0.500000 0.112903 0.500000
v -0.467742 0.112903 0.500000
v -0.435484 0.112903 0.500000
v -0.403226 0.112903 0.500000
v -0.370968 0.112903 0.500000
v -0.338710 0.112903 0.500000
v -0.306452 0.112903 0.500000
v -0.274194 0.112903 0.500000
v -0.241935 0.112903 0.500000
v -0.209677 0.112903 0.500000
v -0.177419 0.112903 0.500000
v -0.145161 0.112903 0.500000
v -0.112903 0.112903 0.500000
v -0.080645 0.112903 0.500000
v -0.048387 0.112903 0.500000
v -0.016129 0.112903 0.500000
v 0.016129 0.112903 0.500000
v 0.048387 0.112903 0.500000
v 0.080645 0.112903 0.500000
v 0.112903 0.112903 0.500000
v 0.145161 0.112903 0.500000
v 0.177419 0.112903 0.500000
v 0.209677 0.112903 0.500000
v 0.241935 0.112903 0.500000
v 0.274194 0.112903 0.500000
v 0.306452 0.112903 0.500000
v 0.338710 0.112903 0.500000
v 0.370968 0.112903 0.500000
v 0.403226 0.112903 0.500000
v 0.435484 0.112903 0.500000
v 0.467742 0.112903 0.500000
v 0.500000 0.112903 0.500000
v -0.500000 0.112903 0.467742
v 0.500000 0.112903 0.467742
v -0.500000 0.112903 0.435484
v 0.500000 0.112903 0.435484
v -0.500000 0.112903 0.403226
v 0.500000 0.112903 0.403226
v -0.500000 0.112903 0.370968
v 0.500000 0.112903 0.370968
v -0.500000 0.112903 0.338710
v 0.500000 0.112903 0.338710
v -0.500000 0.112903 0.306452
v 0.500000 0.112903 0.306452
v -0.500000 0.112903 0.274194
v 0.500000 0.112903 0.274194
v -0.500000 0.112903 0.241935
v 0.500000 0.112903 0.241935
v -0.500000 0.112903 0.209677
v 0.500000 0.112903 0.209677
v -0.500000 0.112903 0.177419
v 0.500000 0.112903 0.177419
v -0.500000 0.112903 0.145161
v 0.500000 0.112903 0.145161
v -0.500000 0.112903 0.112903
v 0.500000 0.112903 0.112903
v -0.500000 0.112903 0.080645
v 0.500000 0.112903 0.080645
v -0.500000 0.112903 0.048387
v 0.500000 0.112903 0.048387
v -0.500000 0.112903 0.016129
v 0.500000 0.112903 0.016129
v -0.500000 0.112903 -0.016129
v 0.500000 0.112903 -0.016129
v -0.500000 0.112903 -0.048387
v 0.500000 0.112903 -0.048387
v -0.500000 0.112903 -0.080645
v 0.500000 0.112903 -0.080645
v -0.500000 0.112903 -0.112903
v 0.500000 0.112903 -0.112903
v -0.500000 0.112903 -0.145161
v 0.500000 0.112903 -0.145161
v -0.500000 0.112903 -0.177419
v 0.500000 0.112903 -0.177419
v -0.500000 0.112903 -0.209677
v 0.500000 0.112903 -0.209677
v -0.500000 0.112903 -0.241935
v 0.500000 0.112903 -0.241935
v -0.500000 0.112903 -0.274194
v 0.500000 0.112903 -0.274194
v -0.500000 0.112903 -0.306452
v 0.500000 0.112903 -0.306452
v -0.500000 0.112903 -0.338710
v 0.500000 0.112903 -0.338710
v -0.500000 0.112903 -0.370968
v 0.500000 0.112903 -0.370968
v -0.500000 0.112903 -0.403226
v 0.500000 0.112903 -0.403226
v -0.500000 0.112903 -0.435484
v 0.500000 0.112903 -0.435484
v -0.500000 0.112903 -0.467742
v 0.500000 0.112903 -0.467742
v -0.500000 0.112903 -0.500000
v -0.467742 0.112903 -0.500000
v -0.435484 0.112903 -0.500000
v -0.403226 0.112903 -0.500000
v -0.370968 0.112903 -0.500000
v -0.338710 0.112903 -0.500000
v -0.306452 0.112903 -0.500000
v -0.274194 0.112903 -0.500000
v -0.241935 0.112903 -0.500000
v -0.209677 0.112903 -0.500000
v -0.177419 0.112903 -0.500000
v -0.145161 0.112903 -0.500000
v -0.112903 0.112903 -0.500000
v -0.080645 0.112903 -0.500000
v -0.048387 0.112903 -0.500000
v -0.016129 0.112903 -0.500000
v 0.016129 0.112903 -0.500000
v 0.048387 0.112903 -0.500000
v 0.080645 0.112903 -0.500000
v 0.112903 0.112903 -0.500000
v 0.145161 0.112903 -0.500000
v 0.177419 0.112903 -0.500000
v 0.209677 0.112903 -0.500000
v 0.241935 0.112903 -0.500000
v 0.274194 0.112903 -0.500000
v 0.306452 0.112903 -0.500000
v 0.338710 0.112903 -0.500000
v 0.370968 0.112903 -0.500000
v 0.403226 0.112903 -0.500000
v 0.435484 0.112903 -0.500000
v 0.467742 0.112903 -0.500000
v 0.500000 0.112903 -0.500000
v -0.500000 0.145161 0.500000
v -0.467742 0.145161 0.500000
v -0.435484 0.145161 0.500000
v -0.403226 0.145161 0.500000
v -0.370968 0.145161 0.500000
v -0.338710 0.145161 0.500000
v -0.306452 0.145161 0.500000
v -0.274194 0.145161 0.500000
v -0.241935 0.145161 0.500000
v -0.209677 0.145161 0.500000
v -0.177419 0.145161 0.500000
v -0.145161 0.145161 0.500000
v -0.112903 0.145161 0.500000
v -0.080645 0.145161 0.500000
v -0.048387 0.145161 0.500000
v -0.016129 0.145161 0.500000
v 0.016129 0.145161 0.500000
v 0.048387 0.145161 0.500000
v 0.080645 0.145161 0.500000
v 0.112903 0.145161 0.500000
v 0.145161 0.145161 0.500000
v 0.177419 0.145161 0.500000
v 0.209677 0.145161 0.500000
v 0.241935 0.145161 0.500000
v 0.274194 0.145161 0.500000
v 0.306452 0.145161 0.500000
v 0.338710 0.145161 0.500000
v 0.370968 0.145161 0.500000
v 0.403226 0.145161 0.500000
v 0.435484 0.145161 0.500000
v 0.467742 0.145161 0.500000
v 0.500000 0.145161 0.500000
v -0.500000 0.145161 0.467742
v 0.500000 0.145161 0.467742
v -0.500000 0.145161 0.435484
v 0.500000 0.145161 0.435484
v -0.500000 0.145161 0.403226
v 0.500000 0.145161 0.403226
v -0.500000 0.145161 0.370968
v 0.500000 0.145161 0.370968
v -0.500000 0.145161 0.338710
v 0.500000 0.145161 0.338710
v -0.500000 0.145161 0.306452
v 0.500000 0.145161 0.306452
v -0.500000 0.145161 0.274194
v 0.500000 0.145161 0.274194
v -0.500000 0.145161 0.241935
v 0.500000 0.145161 0.241935
v -0.500000 0.145161 0.209677
v 0.500000 0.145161 0.209677
v -0.500000 0.145161 0.177419
v 0.500000 0.145161 0.177419
v -0.500000 0.145161 0.145161
v 0.500000 0.145161 0.145161
v -0.500000 0.145161 0.112903
v 0.500000 0.145161 0.112903
v -0.500000 0.145161 0.080645
v 0.500000 0.145161 0.080645
v -0.500000 0.145161 0.048387
v 0.500000 0.145161 0.048387
v -0.500000 0.145161 0.016129
v 0.500000 0.145161 0.016129
v -0.500000 0.145161 -0.016129
v 0.500000 0.145161 -0.016129
v -0.500000 0.145161 -0.048387
v 0.500000 0.145161 -0.048387
v -0.500000 0.145161 -0.080645
v 0.500000 0.145161 -0.080645
v -0.500000 0.145161 -0.112903
v 0.500000 0.145161 -0.112903
v -0.500000 0.145161 -0.145161
v 0.500000 0.145161 -0.145161
v -0.500000 0.145161 -0.177419
v 0.500000 0.145161 -0.177419
v -0.500000 0.145161 -0.209677
v 0.500000 0.145161 -0.209677
v -0.500000 0.145161 -0.241935
v 0.500000 0.145161 -0.241935
v -0.500000 0.145161 -0.274194
v 0.500000 0.145161 -0.274194
v -0.500000 0.145161 -0.306452
v 0.500000 0.145161 -0.306452
v -0.500000 0.145161 -0.338710
v 0.500000 0.145161 -0.338710
v -0.500000 0.145161 -0.370968
v 0.500000 0.145161 -0.370968
v -0.500000 0.145161 -0.403226
v 0.500000 0.145161 -0.403226
v -0.500000 0.145161 -0.435484
v 0.500000 0.145161 -0.435484
v -0.500000 0.145161 -0.467742
v 0.500000 0.145161 -0.467742
v -0.500000 0.145161 -0.500000
v -0.467742 0.145161 -0.500000
v -0.435484 0.145161 -0.500000
v -0.403226 0.145161 -0.500000
v -0.370968 0.145161 -0.500000
v -0.338710 0.145161 -0.500000
v -0.306452 0.145161 -0.500000
v -0.274194 0.145161 -0.500000
v -0.241935 0.145161 -0.500000
v -0.209677 0.145161 -0.500000
v -0.177419 0.145161 -0.500000
v -0.145161 0.145161 -0.500000
v -0.112903 0.145161 -0.500000
v -0.080645 0.145161 -0.500000
v -0.048387 0.145161 -0.500000
v -0.016129 0.145161 -0.500000
v 0.016129 0.145161 -0.500000
v 0.048387 0.145161 -0.500000
v 0.080645 0.145161 -0.500000
v 0.112903 0.145161 -0.500000
v 0.145161 0.145161 -0.500000
v 0.177419 0.145161 -0.500000
v 0.209677 0.145161 -0.500000
v 0.241935 0.145161 -0.500000
v 0.274194 0.145161 -0.500000
v 0.306452 0.145161 -0.500000
v 0.338710 0.145161 -0.500000
v 0.370968 0.145161 -0.500000
v 0.403226 0.145161 -0.500000
v 0.435484 0.145161 -0.500000
v 0.467742 0.145161 -0.500000
v 0.500000 0.145161 -0.500000
v -0.500000 0.177419 0.500000
v -0.467742 0.177419 0.500000
v -0.435484 0.177419 0.500000
v -0.403226 0.177419 0.500000
v -0.370968 0.177419 0.500000
v -0.338710 0.177419 0.500000
v -0.306452 0.177419 0.500000
v -0.274194 0.177419 0.500000
v -0.241935 0.177419 0.500000
v -0.209677 0.177419 0.500000
v -0.177419 0.177419 0.500000
v -0.145161 0.177419 0.500000
v -0.112903 0.177419 0.500000
v -0.080645 0.177419 0.500000
v -0.048387 0.177419 0.500000
v -0.016129 0.177419 0.500000
v 0.016129 0.177419 0.500000
v 0.048387 0.177419 0.500000
v 0.080645 0.177419 0.500000
v 0.112903 0.177419 0.500000
v 0.145161 0.177419 0.500000
v 0.177419 0.177419 0.500000
v 0.209677 0.177419 0.500000
v 0.241935 0.177419 0.500000
v 0.274194 0.177419 0.500000
v 0.306452 0.177419 0.500000
v 0.338710 0.177419 0.500000
v 0.370968 0.177419 0.500000
v 0.403226 0.177419 0.500000
v 0.435484 0.177419 0.500000
v 0.467742 0.177419 0.500000
v 0.500000 0.177419 0.500000
v -0.500000 0.177419 0.467742
v 0.500000 0.177419 0.467742
v -0.500000 0.177419 0.435484
v 0.500000 0.177419 0.435484
v -0.500000 0.177419 0.403226
v 0.500000 0.177419 0.403226
v -0.500000 0.177419 0.370968
v 0.500000 0.177419 0.370968
v -0.500000 0.177419 0.338710
v 0.500000 0.177419 0.338710
v -0.500000 0.177419 0.306452
v 0.500000 0.177419 0.306452
v -0.500000 0.177419 0.274194
v 0.500000 0.177419 0.274194
v -0.500000 0.177419 0.241935
v 0.500000 0.177419 0.241935
v -0.500000 0.177419 0.209677
v 0.500000 0.177419 0.209677
v -0.500000 0.177419 0.177419
v 0.500000 0.177419 0.177419
v -0.500000 0.177419 0.145161
v 0.500000 0.177419 0.145161
v -0.500000 0.177419 0.112903
v 0.500000 0.177419 0.112903
v -0.500000 0.177419 0.080645
v 0.500000 0.177419 0.080645
v -0.500000 0.177419 0.048387
v 0.500000 0.177419 0.048387
v -0.500000 0.177419 0.016129
v 0.500000 0.177419 0.016129
v -0.500000 0.177419 -0.016129
v 0.500000 0.177419 -0.016129
v -0.500000 0.177419 -0.048387
v 0.500000 0.177419 -0.048387
v -0.500000 0.177419 -0.080645
v 0.500000 0.177419 -0.080645
v -0.500000 0.177419 -0.112903
v 0.500000 0.177419 -0.112903
v -0.500000 0.177419 -0.145161
v 0.500000 0.177419 -0.145161
v -0.500000 0.177419 -0.177419
v 0.500000 0.177419 -0.177419
v -0.500000 0.177419 -0.209677
v 0.500000 0.177419 -0.209677
v -0.500000 0.177419 -0.241935
v 0.500000 0.177419 -0.241935
v -0.500000 0.177419 -0.274194
v 0.500000 0.177419 -0.274194
v -0.500000 0.177419 -0.306452
v 0.500000 0.177419 -0.306452
v -0.500000 0.177419 -0.338710
v 0.500000 0.177419 -0.338710
v -0.500000 0.177419 -0.370968
v 0.500000 0.177419 -0.370968
v -0.500000 0.177419 -0.403226
v 0.500000 0.177419 -0.403226
v -0.500000 0.177419 -0.435484
v 0.500000 0.177419 -0.435484
v -0.500000 0.177419 -0.467742
v 0.500000 0.177419 -0.467742
v -0.500000 0.177419 -0.500000
v -0.467742 0.177419 -0.500000
v -0.435484 0.177419 -0.500000
v -0.403226 0.177419 -0.500000
v -0.370968 0.177419 -0.500000
v -0.338710 0.177419 -0.500000
v -0.306452 0.177419 -0.500000
v -0.274194 0.177419 -0.500000
v -0.241935 0.177419 -0.500000
v -0.209677 0.177419 -0.500000
v -0.177419 0.177419 -0.500000
v -0.145161 0.177419 -0.500000
v -0.112903 0.177419 -0.500000
v -0.080645 0.177419 -0.500000
v -0.048387 0.177419 -0.500000
v -0.016129 0.177419 -0.500000
v 0.016129 0.177419 -0.500000
v 0.048387 0.177419 -0.500000
v 0.080645 0.177419 -0.500000
v 0.112903 0.177419 -0.500000
v 0.145161 0.177419 -0.500000
v 0.177419 0.177419 -0.500000
v 0.209677 0.177419 -0.500000
v 0.241935 0.177419 -0.500000
v 0.274194 0.177419 -0.500000
v 0.306452 0.177419 -0.500000
v 0.338710 0.177419 -0.500000
v 0.370968 0.177419 -0.500000
v 0.403226 0.177419 -0.500000
v 0.435484 0.177419 -0.500000
v 0.467742 0.177419 -0.500000
v 0.500000 0.177419 -0.500000
v -0.500000 0.209677 0.500000
v -0.467742 0.209677 0.500000
v -0.435484 0.209677 0.500000
v -0.403226 0.209677 0.500000
v -0.370968 0.209677 0.500000
v -0.338710 0.209677 0.500000
v -0.306452 0.209677 0.500000
v -0.274194 0.209677 0.500000
v -0.241935 0.209677 0.500000
v -0.209677 0.209677 0.500000
v -0.177419 0.209677 0.500000
v -0.145161 0.209677 0.500000
v -0.112903 0.209677 0.500000
v -0.080645 0.209677 0.500000
v -0.048387 0.209677 0.500000
v -0.016129 0.209677 0.500000
v 0.016129 0.209677 0.500000
v 0.048387 0.209677 0.500000
v 0.080645 0.209677 0.500000
v 0.112903 0.209677 0.500000
v 0.145161 0.209677 0.500000
v 0.177419 0.209677 0.500000
v 0.209677 0.209677 0.500000
v 0.241935 0.209677 0.500000
v 0.274194 0.209677 0.500000
v 0.306452 0.209677 0.500000
v 0.338710 0.209677 0.500000
v 0.370968 0.209677 0.500000
v 0.403226 0.209677 0.500000
v 0.435484 0.209677 0.500000
v 0.467742 0.209677 0.500000
v 0.500000 0.209677 0.500000
v -0.500000 0.209677 0.467742
v 0.500000 0.209677 0.467742
v -0.500000 0.209677 0.435484
v 0.500000 0.209677 0.435484
v -0.500000 0.209677 0.403226
v 0.500000 0.209677 0.403226
v -0.500000 0.209677 0.370968
v 0.500000 0.209677 0.370968
v -0.500000 0.209677 0.338710
v 0.500000 0.209677 0.338710
v -0.500000 0.209677 0.306452
v 0.500000 0.209677 0.306452
v -0.500000 0.209677 0.274194
v 0.500000 0.209677 0.274194
v -0.500000 0.209677 0.241935
v 0.500000 0.209677 0.241935
v -0.500000 0.209677 0.209677
v 0.500000 0.209677 0.209677
v -0.500000 0.209677 0.177419
v 0.500000 0.209677 0.177419
v -0.500000 0.209677 0.145161
v 0.500000 0.209677 0.145161
v -0.500000 0.209677 0.112903
v 0.500000 0.209677 0.112903
v -0.500000 0.209677 0.080645
v 0.500000 0.209677 0.080645
v -0.500000 0.209677 0.048387
v 0.500000 0.209677 0.048387
v -0.500000 0.209677 0.016129
v 0.500000 0.209677 0.016129
v -0.500000 0.209677 -0.016129
v 0.500000 0.209677 -0.016129
v -0.500000 0.209677 -0.048387
v 0.500000 0.209677 -0.048387
v -0.500000 0.209677 -0.080645
v 0.500000 0.209677 -0.080645
v -0.500000 0.209677 -0.112903
v 0.500000 0.209677 -0.112903
v -0.500000 0.209677 -0.145161
v 0.500000 0.209677 -0.145161
v -0.500000 0.209677 -0.177419
v 0.500000 0.209677 -0.177419
v -0.500000 0.209677 -0.209677
v 0.500000 0.209677 -0.209677
v -0.500000 0.209677 -0.241935
v 0.500000 0.209677 -0.241935
v -0.500000 0.209677 -0.274194
v 0.500000 0.209677 -0.274194
v -0.500000 0.209677 -0.306452
v 0.500000 0.209677 -0.306452
v -0.500000 0.209677 -0.338710
v 0.500000 0.209677 -0.338710
v -0.500000 0.209677 -0.370968
v 0.500000 0.209677 -0.370968
v -0.500000 0.209677 -0.403226
v 0.500000 0.209677 -0.403226
v -0.500000 0.209677 -0.435484
v 0.500000 0.209677 -0.435484
v -0.500000 0.209677 -0.467742
v 0.500000 0.209677 -0.467742
v -0.500000 0.209677 -0.500000
v -0.467742 0.209677 -0.500000
v -0.435484 0.209677 -0.500000
v -0.403226 0.209677 -0.500000
v -0.370968 0.209677 -0.500000
v -0.338710 0.209677 -0.500000
v -0.306452 0.209677 -0.500000
v -0.274194 0.209677 -0.500000
v -0.241935 0.209677 -0.500000
v -0.209677 0.209677 -0.500000
v -0.177419 0.209677 -0.500000
v -0.145161 0.209677 -0.500000
v -0.112903 0.209677 -0.500000
v -0.080645 0.209677 -0.500000
v -0.048387 0.209677 -0.500000
v -0.016129 0.209677 -0.500000
v 0.016129 0.209677 -0.500000
v 0.048387 0.209677 -0.500000
v 0.080645 0.209677 -0.500000
v 0.112903 0.209677 -0.500000
v 0.145161 0.209677 -0.500000
v 0.177419 0.209677 -0.500000
v 0.209677 0.209677 -0.500000
v 0.241935 0.209677 -0.500000
v 0.274194 0.209677 -0.500000
v 0.306452 0.209677 -0.500000
v 0.338710 0.209677 -0.500000
v 0.370968 0.209677 -0.500000
v 0.403226 0.209677 -0.500000
v 0.435484 0.209677 -0.500000
v 0.467742 0.209677 -0.500000
v 0.500000 0.209677 -0.500000
v -0.500000 0.241935 0.500000
v -0.467742 0.241935 0.500000
v -0.435484 0.241935 0.500000
v -0.403226 0.241935 0.500000
v -0.370968 0.241935 0.500000
v -0.338710 0.241935 0.500000
v -0.306452 0.241935 0.500000
v -0.274194 0.241935 0.500000
v -0.241935 0.241935 0.500000
v -0.209677 0.241935 0.500000
v -0.177419 0.241935 0.500000
v -0.145161 0.241935 0.500000
v -0.112903 0.241935 0.500000
v -0.080645 0.241935 0.500000
v -0.048387 0.241935 0.500000
v -0.016129 0.241935 0.500000
v 0.016129 0.241935 0.500000
v 0.048387 0.241935 0.500000
v 0.080645 0.241935 0.500000
v 0.112903 0.241935 0.500000
v 0.145161 0.241935 0.500000
v 0.177419 0.241935 0.500000
v 0.209677 0.241935 0.500000
v 0.241935 0.241935 0.500000
v 0.274194 0.241935 0.500000
v 0.306452 0.241935 0.500000
v 0.338710 0.241935 0.500000
v 0.370968 0.241935 0.500000
v 0.403226 0.241935 0.500000
v 0.435484 0.241935 0.500000
v 0.467742 0.241935 0.500000
v 0.500000 0.241935 0.500000
v -0.500000 0.241935 0.467742
v 0.500000 0.241935 0.467742
v -0.500000 0.241935 0.435484
v 0.500000 0.241935 0.435484
v -0.500000 0.241935 0.403226
v 0.500000 0.241935 0.403226
v -0.500000 0.241935 0.370968
v 0.500000 0.241935 0.370968
v -0.500000 0.241935 0.338710
v 0.500000 0.241935 0.338710
v -0.500000 0.241935 0.306452
v 0.500000 0.241935 0.306452
v -0.500000 0.241935 0.274194
v 0.500000 0.241935 0.274194
v -0.500000 0.241935 0.241935
v 0.500000 0.241935 0.241935
v -0.500000 0.241935 0.209677
v 0.500000 0.241935 0.209677
v -0.500000 0.241935 0.177419
v 0.500000 0.241935 0.177419
v -0.500000 0.241935 0.145161
v 0.500000 0.241935 0.145161
v -0.500000 0.241935 0.112903
v 0.500000 0.241935 0.112903
v -0.500000 0.241935 0.080645
v 0.500000 0.241935 0.080645
v -0.500000 0.241935 0.048387
v 0.500000 0.241935 0.048387
v -0.500000 0.241935 0.016129
v 0.500000 0.241935 0.016129
v -0.500000 0.241935 -0.016129
v 0.500000 0.241935 -0.016129
v -0.500000 0.241935 -0.048387
v 0.500000 0.241935 -0.048387
v -0.500000 0.241935 -0.080645
v 0.500000 0.241935 -0.080645
v -0.500000 0.241935 -0.112903
v 0.500000 0.241935 -0.112903
v -0.500000 0.241935 -0.145161
v 0.500000 0.241935 -0.145161
v -0.500000 0.241935 -0.177419
v 0.500000 0.241935 -0.177419
v -0.500000 0.241935 -0.209677
v 0.500000 0.241935 -0.209677
v -0.500000 0.241935 -0.241935
v 0.500000 0.241935 -0.241935
v -0.500000 0.241935 -0.274194
v 0.500000 0.241935 -0.274194
v -0.500000 0.241935 -0.306452
v 0.500000 0.241935 -0.306452
v -0.500000 0.241935 -0.338710
v 0.500000 0.241935 -0.338710
v -0.500000 0.241935 -0.370968
v 0.500000 0.241935 -0.370968
v -0.500000 0.241935 -0.403226
v 0.500000 0.241935 -0.403226
v -0.500000 0.241935 -0.435484
v 0.500000 0.241935 -0.435484
v -0.500000 0.241935 -0.467742
v 0.500000 0.241935 -0.467742
v -0.500000 0.241935 -0.500000
v -0.467742 0.241935 -0.500000
v -0.435484 0.241935 -0.500000
v -0.403226 0.241935 -0.500000
v -0.370968 0.241935 -0.500000
v -0.338710 0.241935 -0.500000
v -0.306452 0.241935 -0.500000
v -0.274194 0.241935 -0.500000
v -0.241935 0.241935 -0.500000
v -0.209677 0.241935 -0.500000
v -0.177419 0.241935 -0.500000
v -0.145161 0.241935 -0.500000
v -0.112903 0.241935 -0.500000
v -0.080645 0.241935 -0.500000
v -0.048387 0.241935 -0.500000
v -0.016129 0.241935 -0.500000
v 0.016129 0.241935 -0.500000
v 0.048387 0.241935 -0.500000
v 0.080645 0.241935 -0.500000
v 0.112903 0.241935 -0.500000
v 0.145161 0.241935 -0.500000
v 0.177419 0.241935 -0.500000
v 0.209677 0.241935 -0.500000
v 0.241935 0.241935 -0.500000
v 0.274194 0.241935 -0.500000
v 0.306452 0.241935 -0.500000
v 0.338710 0.241935 -0.500000
v 0.370968 0.241935 -0.500000
v 0.403226 0.241935 -0.500000
v 0.435484 0.241935 -0.500000
v 0.467742 0.241935 -0.500000
v 0.500000 0.241935 -0.500000
v -0.500000 0.274194 0.500000
v -0.467742 0.274194 0.500000
v -0.435484 0.274194 0.500000
v -0.403226 0.274194 0.500000
v -0.370968 0.274194 0.500000
v -0.338710 0.274194 0.500000
v -0.306452 0.274194 0.500000
v -0.274194 0.274194 0.500000
v -0.241935 0.274194 0.500000
v -0.209677 0.274194 0.500000
v -0.177419 0.274194 0.500000
v -0.145161 0.274194 0.500000
v -0.112903 0.274194 0.500000
v -0.080645 0.274194 0.500000
v -0.048387 0.274194 0.500000
v -0.016129 0.274194 0.500000
v 0.016129 0.274194 0.500000
v 0.048387 0.274194 0.500000
v 0.080645 0.274194 0.500000
v 0.112903 0.274194 0.500000
v 0.145161 0.274194 0.500000
v 0.177419 0.274194 0.500000
v 0.209677 0.274194 0.500000
v 0.241935 0.274194 0.500000
v 0.274194 0.274194 0.500000
v 0.306452 0.274194 0.500000
v 0.338710 0.274194 0.500000
v 0.370968 0.274194 0.500000
v 0.403226 0.274194 0.500000
v 0.435484 0.274194 0.500000
v 0.467742 0.274194 0.500000
v 0.500000 0.274194 0.500000
v -0.500000 0.274194 0.467742
v 0.500000 0.274194 0.467742
v -0.500000 0.274194 0.435484
v 0.500000 0.274194 0.435484
v -0.500000 0.274194 0.403226
v 0.500000 0.274194 0.403226
v -0.500000 0.274194 0.370968
v 0.500000 0.274194 0.370968
v -0.500000 0.274194 0.338710
v 0.500000 0.274194 0.338710
v -0.500000 0.274194 0.306452
v 0.500000 0.274194 0.306452
v -0.500000 0.274194 0.274194
v 0.500000 0.274194 0.274194
v -0.500000 0.274194 0.241935
v 0.500000 0.274194 0.241935
v -0.500000 0.274194 0.209677
v 0.500000 0.274194 0.209677
v -0.500000 0.274194 0.177419
v 0.500000 0.274194 0.177419
v -0.500000 0.274194 0.145161
v 0.500000 0.274194 0.145161
v -0.500000 0.274194 0.112903
v 0.500000 0.274194 0.112903
v -0.500000 0.274194 0.080645
v 0.500000 0.274194 0.080645
v -0.500000 0.274194 0.048387
v 0.500000 0.274194 0.048387
v -0.500000 0.274194 0.016129
v 0.500000 0.274194 0.016129
v -0.500000 0.274194 -0.016129
v 0.500000 0.274194 -0.016129
v -0.500000 0.274194 -0.048387
v 0.500000 0.274194 -0.048387
v -0.500000 0.274194 -0.080645
v 0.500000 0.274194 -0.080645
v -0.500000 0.274194 -0.112903
v 0.500000 0.274194 -0.112903
v -0.500000 0.274194 -0.145161
v 0.500000 0.274194 -0.145161
v -0.500000 0.274194 -0.177419
v 0.500000 0.274194 -0.177419
v -0.500000 0.274194 -0.209677
v 0.500000 0.274194 -0.209677
v -0.500000 0.274194 -0.241935
v 0.500000 0.274194 -0.241935
v -0.500000 0.274194 -0.274194
v 0.500000 0.274194 -0.274194
v -0.500000 0.274194 -0.306452
v 0.500000 0.274194 -0.306452
v -0.500000 0.274194 -0.338710
v 0.500000 0.274194 -0.338710
v -0.500000 0.274194 -0.370968
v 0.500000 0.274194 -0.370968
v -0.500000 0.274194 -0.403226
v 0.500000 0.274194 -0.403226
v -0.500000 0.274194 -0.435484
v 0.500000 0.274194 -0.435484
v -0.500000 0.274194 -0.467742
v 0.500000 0.274194 -0.467742
v -0.500000 0.274194 -0.500000
v -0.467742 0.274194 -0.500000
v -0.435484 0.274194 -0.500000
v -0.403226 0.274194 -0.500000
v -0.370968 0.274194 -0.500000
v -0.338710 0.274194 -0.500000
v -0.306452 0.274194 -0.500000
v -0.274194 0.274194 -0.500000
v -0.241935 0.274194 -0.500000
v -0.209677 0.274194 -0.500000
v -0.177419 0.274194 -0.500000
v -0.145161 0.274194 -0.500000
v -0.112903 0.274194 -0.500000
v -0.080645 0.274194 -0.500000
v -0.048387 0.274194 -0.500000
v -0.016129 0.274194 -0.500000
v 0.016129 0.274194 -0.500000
v 0.048387 0.274194 -0.500000
v 0.080645 0.274194 -0.500000
v 0.112903 0.274194 -0.500000
v 0.145161 0.274194 -0.500000
v 0.177419 0.274194 -0.500000
v 0.209677 0.274194 -0.500000
v 0.241935 0.274194 -0.500000
v 0.274194 0.274194 -0.500000
v 0.306452 0.274194 -0.500000
v 0.338710 0.274194 -0.500000
v 0.370968 0.274194 -0.500000
v 0.403226 0.274194 -0.500000
v 0.435484 0.274194 -0.500000
v 0.467742 0.274194 -0.500000
v 0.500000 0.274194 -0.500000
v -0.500000 0.306452 0.500000
v -0.467742 0.306452 0.500000
v -0.435484 0.306452 0.500000
v -0.403226 0.306452 0.500000
v -0.370968 0.306452 0.500000
v -0.338710 0.306452 0.500000
v -0.306452 0.306452 0.500000
v -0.274194 0.306452 0.500000
v -0.241935 0.306452 0.500000
v -0.209677 0.306452 0.500000
v -0.177419 0.306452 0.500000
v -0.145161 0.306452 0.500000
v -0.112903 0.306452 0.500000
v -0.080645 0.306452 0.500000
v -0.048387 0.306452 0.500000
v -0.016129 0.306452 0.500000
v 0.016129 0.306452 0.500000
v 0.048387 0.306452 0.500000
v 0.080645 0.306452 0.500000
v 0.112903 0.306452 0.500000
v 0.145161 0.306452 0.500000
v 0.177419 0.306452 0.500000
v 0.209677 0.306452 0.500000
v 0.241935 0.306452 0.500000
v 0.274194 0.306452 0.500000
v 0.306452 0.306452 0.500000
v 0.338710 0.306452 0.500000
v 0.370968 0.306452 0.500000
v 0.403226 0.306452 0.500000
v 0.435484 0.306452 0.500000
v 0.467742 0.306452 0.500000
v 0.500000 0.306452 0.500000
v -0.500000 0.306452 0.467742
v 0.500000 0.306452 0.467742
v -0.500000 0.306452 0.435484
v 0.500000 0.306452 0.435484
v -0.500000 0.306452 0.403226
v 0.500000 0.306452 0.403226
v -0.500000 0.306452 0.370968
v 0.500000 0.306452 0.370968
v -0.500000 0.306452 0.338710
v 0.500000 0.306452 0.338710
v -0.500000 0.306452 0.306452
v 0.500000 0.306452 0.306452
v -0.500000 0.306452 0.274194
v 0.500000 0.306452 0.274194
v -0.500000 0.306452 0.241935
v 0.500000 0.306452 0.241935
v -0.500000 0.306452 0.209677
v 0.500000 0.306452 0.209677
v -0.500000 0.306452 0.177419
v 0.500000 0.306452 0.177419
v -0.500000 0.306452 0.145161
v 0.500000 0.306452 0.145161
v -0.500000 0.306452 0.112903
v 0.500000 0.306452 0.112903
v -0.500000 0.306452 0.080645
v 0.500000 0.306452 0.080645
v -0.500000 0.306452 0.048387
v 0.500000 0.306452 0.048387
v -0.500000 0.306452 0.016129
v 0.500000 0.306452 0.016129
v -0.500000 0.306452 -0.016129
v 0.500000 0.306452 -0.016129
v -0.500000 0.306452 -0.048387
v 0.500000 0.306452 -0.048387
v -0.500000 0.306452 -0.080645
v 0.500000 0.306452 -0.080645
v -0.500000 0.306452 -0.112903
v 0.500000 0.306452 -0.112903
v -0.500000 0.306452 -0.145161
v 0.500000 0.306452 -0.145161
v -0.500000 0.306452 -0.177419
v 0.500000 0.306452 -0.177419
v -0.500000 0.306452 -0.209677
v 0.500000 0.306452 -0.209677
v -0.500000 0.306452 -0.241935
v 0.500000 0.306452 -0.241935
v -0.500000 0.306452 -0.274194
v 0.500000 0.306452 -0.274194
v -0.500000 0.306452 -0.306452
v 0.500000 0.306452 -0.306452
v -0.500000 0.306452 -0.338710
v 0.500000 0.306452 -0.338710
v -0.500000 0.306452 -0.370968
v 0.500000 0.306452 -0.370968
v -0.500000 0.306452 -0.403226
v 0.500000 0.306452 -0.403226
v -0.500000 0.306452 -0.435484
v 0.500000 0.306452 -0.435484
v -0.500000 0.306452 -0.467742
v 0.500000 0.306452 -0.467742
v -0.500000 0.306452 -0.500000
v -0.467742 0.306452 -0.500000
v -0.435484 0.306452 -0.500000
v -0.403226 0.306452 -0.500000
v -0.370968 0.306452 -0.500000
v -0.338710 0.306452 -0.500000
v -0.306452 0.306452 -0.500000
v -0.274194 0.306452 -0.500000
v -0.241935 0.306452 -0.500000
v -0.209677 0.306452 -0.500000
v -0.177419 0.306452 -0.500000
v -0.145161 0.306452 -0.500000
v -0.112903 0.306452 -0.500000
v -0.080645 0.306452 -0.500000
v -0.048387 0.306452 -0.500000
v -0.016129 0.306452 -0.500000
v 0.016129 0.306452 -0.500000
v 0.048387 0.306452 -0.500000
v 0.080645 0.306452 -0.500000
v 0.112903 0.306452 -0.500000
v 0.145161 0.306452 -0.500000
v 0.177419 0.306452 -0.500000
v 0.209677 0.306452 -0.500000
v 0.241935 0.306452 -0.500000
v 0.274194 0.306452 -0.500000
v 0.306452 0.306452 -0.500000
v 0.338710 0.306452 -0.500000
v 0.370968 0.306452 -0.500000
v 0.403226 0.306452 -0.500000
v 0.435484 0.306452 -0.500000
v 0.467742 0.306452 -0.500000
v 0.500000 0.306452 -0.500000
v -0.500000 0.338710 0.500000
v -0.467742 0.338710 0.500000
v -0.435484 0.338710 0.500000
v -0.403226 0.338710 0.500000
v -0.370968 0.338710 0.500000
v -0.338710 0.338710 0.500000
v -0.306452 0.338710 0.500000
v -0.274194 0.338710 0.500000
v -0.241935 0.338710 0.500000
v -0.209677 0.338710 0.500000
v -0.177419 0.338710 0.500000
v -0.145161 0.338710 0.500000
v -0.112903 0.338710 0.500000
v -0.080645 0.338710 0.500000
v -0.048387 0.338710 0.500000
v -0.016129 0.338710 0.500000
v 0.016129 0.338710 0.500000
v 0.048387 0.338710 0.500000
v 0.080645 0.338710 0.500000
v 0.112903 0.338710 0.500000
v 0.145161 0.338710 0.500000
v 0.177419 0.338710 0.500000
v 0.209677 0.338710 0.500000
v 0.241935 0.338710 0.500000
v 0.274194 0.338710 0.500000
v 0.306452 0.338710 0.500000
v 0.338710 0.338710 0.500000
v 0.370968 0.338710 0.500000
v 0.403226 0.338710 0.500000
v 0.435484 0.338710 0.500000
v 0.467742 0.338710 0.500000
v 0.500000 0.338710 0.500000
v -0.500000 0.338710 0.467742
v 0.500000 0.338710 0.467742
v -0.500000 0.338710 0.435484
v 0.500000 0.338710 0.435484
v -0.500000 0.338710 0.403226
v 0.500000 0.338710 0.403226
v -0.500000 0.338710 0.370968
v 0.500000 0.338710 0.370968
v -0.500000 0.338710 0.338710
v 0.500000 0.338710 0.338710
v -0.500000 0.338710 0.306452
v 0.500000 0.338710 0.306452
v -0.500000 0.338710 0.274194
v 0.500000 0.338710 0.274194
v -0.500000 0.338710 0.241935
v 0.500000 0.338710 0.241935
v -0.500000 0.338710 0.209677
v 0.500000 0.338710 0.209677
v -0.500000 0.338710 0.177419
v 0.500000 0.338710 0.177419
v -0.500000 0.338710 0.145161
v 0.500000 0.338710 0.145161
v -0.500000 0.338710 0.112903
v 0.500000 0.338710 0.112903
v -0.500000 0.338710 0.080645
v 0.500000 0.338710 0.080645
v -0.500000 0.338710 0.048387
v 0.500000 0.338710 0.048387
v -0.500000 0.338710 0.016129
v 0.500000 0.338710 0.016129
v -0.500000 0.338710 -0.016129
v 0.500000 0.338710 -0.016129
v -0.500000 0.338710 -0.048387
v 0.500000 0.338710 -0.048387
v -0.500000 0.338710 -0.080645
v 0.500000 0.338710 -0.080645
v -0.500000 0.338710 -0.112903
v 0.500000 0.338710 -0.112903
v -0.500000 0.338710 -0.145161
v 0.500000 0.338710 -0.145161
v -0.500000 0.338710 -0.177419
v 0.500000 0.338710 -0.177419
v -0.500000 0.338710 -0.209677
v 0.500000 0.338710 -0.209677
v -0.500000 0.338710 -0.241935
v 0.500000 0.338710 -0.241935
v -0.500000 0.338710 -0.274194
v 0.500000 0.338710 -0.274194
v -0.500000 0.338710 -0.306452
v 0.500000 0.338710 -0.306452
v -0.500000 0.338710 -0.338710
v 0.500000 0.338710 -0.338710
v -0.500000 0.338710 -0.370968
v 0.500000 0.338710 -0.370968
v -0.500000 0.338710 -0.403226
v 0.500000 0.338710 -0.403226
v -0.500000 0.338710 -0.435484
v 0.500000 0.338710 -0.435484
v -0.500000 0.338710 -0.467742
v 0.500000 0.338710 -0.467742
v -0.500000 0.338710 -0.500000
v -0.467742 0.338710 -0.500000
v -0.435484 0.338710 -0.500000
v -0.403226 0.338710 -0.500000
v -0.370968 0.338710 -0.500000
v -0.338710 0.338710 -0.500000
v -0.306452 0.338710 -0.500000
v -0.274194 0.338710 -0.500000
v -0.241935 0.338710 -0.500000
v -0.209677 0.338710 -0.500000
v -0.177419 0.338710 -0.500000
v -0.145161 0.338710 -0.500000
v -0.112903 0.338710 -0.500000
v -0.080645 0.338710 -0.500000
v -0.048387 0.338710 -0.500000
v -0.016129 0.338710 -0.500000
v 0.016129 0.338710 -0.500000
v 0.048387 0.338710 -0.500000
v 0.080645 0.338710 -0.500000
v 0.112903 0.338710 -0.500000
v 0.145161 0.338710 -0.500000
v 0.177419 0.338710 -0.500000
v 0.209677 0.338710 -0.500000
v 0.241935 0.338710 -0.500000
v 0.274194 0.338710 -0.500000
v 0.306452 0.338710 -0.500000
v 0.338710 0.338710 -0.500000
v 0.370968 0.338710 -0.500000
v 0.403226 0.338710 -0.500000
v 0.435484 0.338710 -0.500000
v 0.467742 0.338710 -0.500000
v 0.500000 0.338710 -0.500000
v -0.500000 0.370968 0.500000
v -0.467742 0.370968 0.500000
v -0.435484 0.370968 0.500000
v -0.403226 0.370968 0.500000
v -0.370968 0.370968 0.500000
v -0.338710 0.370968 0.500000
v -0.306452 0.370968 0.500000
v -0.274194 0.370968 0.500000
v -0.241935 0.370968 0.500000
v -0.209677 0.370968 0.500000
v -0.177419 0.370968 0.500000
v -0.145161 0.370968 0.500000
v -0.112903 0.370968 0.500000
v -0.080645 0.370968 0.500000
v -0.048387 0.370968 0.500000
v -0.016129 0.370968 0.500000
v 0.016129 0.370968 0.500000
v 0.048387 0.370968 0.500000
v 0.080645 0.370968 0.500000
v 0.112903 0.370968 0.500000
v 0.145161 0.370968 0.500000
v 0.177419 0.370968 0.500000
v 0.209677 0.370968 0.500000
v 0.241935 0.370968 0.500000
v 0.274194 0.370968 0.500000
v 0.306452 0.370968 0.500000
v 0.338710 0.370968 0.500000
v 0.370968 0.370968 0.500000
v 0.403226 0.370968 0.500000
v 0.435484 0.370968 0.500000
v 0.467742 0.370968 0.500000
v 0.500000 0.370968 0.500000
v -0.500000 0.370968 0.467742
v 0.500000 0.370968 0.467742
v -0.500000 0.370968 0.435484
v 0.500000 0.370968 0.435484
v -0.500000 0.370968 0.403226
v 0.500000 0.370968 0.403226
v -0.500000 0.370968 0.370968
v 0.500000 0.370968 0.370968
v -0.500000 0.370968 0.338710
v 0.500000 0.370968 0.338710
v -0.500000 0.370968 0.306452
v 0.500000 0.370968 0.306452
v -0.500000 0.370968 0.274194
v 0.500000 0.370968 0.274194
v -0.500000 0.370968 0.241935
v 0.500000 0.370968 0.241935
v -0.500000 0.370968 0.209677
v 0.500000 0.370968 0.209677
v -0.500000 0.370968 0.177419
v 0.500000 0.370968 0.177419
v -0.500000 0.370968 0.145161
v 0.500000 0.370968 0.145161
v -0.500000 0.370968 0.112903
v 0.500000 0.370968 0.112903
v -0.500000 0.370968 0.080645
v 0.500000 0.370968 0.080645
v -0.500000 0.370968 0.048387
v 0.500000 0.370968 0.048387
v -0.500000 0.370968 0.016129
v 0.500000 0.370968 0.016129
v -0.500000 0.370968 -0.016129
v 0.500000 0.370968 -0.016129
v -0.500000 0.370968 -0.048387
v 0.500000 0.370968 -0.048387
v -0.500000 0.370968 -0.080645
v 0.500000 0.370968 -0.080645
v -0.500000 0.370968 -0.112903
v 0.500000 0.370968 -0.112903
v -0.500000 0.370968 -0.145161
v 0.500000 0.370968 -0.145161
v -0.500000 0.370968 -0.177419
v 0.500000 0.370968 -0.177419
v -0.500000 0.370968 -0.209677
v 0.500000 0.370968 -0.209677
v -0.500000 0.370968 -0.241935
v 0.500000 0.370968 -0.241935
v -0.500000 0.370968 -0.274194
v 0.500000 0.370968 -0.274194
v -0.500000 0.370968 -0.306452
v 0.500000 0.370968 -0.306452
v -0.500000 0.370968 -0.338710
v 0.500000 0.370968 -0.338710
v -0.500000 0.370968 -0.370968
v 0.500000 0.370968 -0.370968
v -0.500000 0.370968 -0.403226
v 0.500000 0.370968 -0.403226
v -0.500000 0.370968 -0.435484
v 0.500000 0.370968 -0.435484
v -0.500000 0.370968 -0.467742
v 0.500000 0.370968 -0.467742
v -0.500000 0.370968 -0.500000
v -0.467742 0.370968 -0.500000
v -0.435484 0.370968 -0.500000
v -0.403226 0.370968 -0.500000
v -0.370968 0.370968 -0.500000
v -0.338710 0.370968 -0.500000
v -0.306452 0.370968 -0.500000
v -0.274194 0.370968 -0.500000
v -0.241935 0.370968 -0.500000
v -0.209677 0.370968 -0.500000
v -0.177419 0.370968 -0.500000
v -0.145161 0.370968 -0.500000
v -0.112903 0.370968 -0.500000
v -0.080645 0.370968 -0.500000
v -0.048387 0.370968 -0.500000
v -0.016129 0.370968 -0.500000
v 0.016129 0.370968 -0.500000
v 0.048387 0.370968 -0.500000
v 0.080645 0.370968 -0.500000
v 0.112903 0.370968 -0.500000
v 0.145161 0.370968 -0.500000
v 0.177419 0.370968 -0.500000
v 0.209677 0.370968 -0.500000
v 0.241935 0.370968 -0.500000
v 0.274194 0.370968 -0.500000
v 0.306452 0.370968 -0.500000
v 0.338710 0.370968 -0.500000
v 0.370968 0.370968 -0.500000
v 0.403226 0.370968 -0.500000
v 0.435484 0.370968 -0.500000
v 0.467742 0.370968 -0.500000
v 0.500000 0.370968 -0.500000
v -0.500000 0.403226 0.500000
v -0.467742 0.403226 0.500000
v -0.435484 0.403226 0.500000
v -0.403226 0.403226 0.500000
v -0.370968 0.403226 0.500000
v -0.338710 0.403226 0.500000
v -0.306452 0.403226 0.500000
v -0.274194 0.403226 0.500000
v -0.241935 0.403226 0.500000
v -0.209677 0.403226 0.500000
v -0.177419 0.403226 0.500000
v -0.145161 0.403226 0.500000
v -0.112903 0.403226 0.500000
v -0.080645 0.403226 0.500000
v -0.048387 0.403226 0.500000
v -0.016129 0.403226 0.500000
v 0.016129 0.403226 0.500000
v 0.048387 0.403226 0.500000
v 0.080645 0.403226 0.500000
v 0.112903 0.403226 0.500000
v 0.145161 0.403226 0.500000
v 0.177419 0.403226 0.500000
v 0.209677 0.403226 0.500000
v 0.241935 0.403226 0.500000
v 0.274194 0.403226 0.500000
v 0.306452 0.403226 0.500000
v 0.338710 0.403226 0.500000
v 0.370968 0.403226 0.500000
v 0.403226 0.403226 0.500000
v 0.435484 0.403226 0.500000
v 0.467742 0.403226 0.500000
v 0.500000 0.403226 0.500000
v -0.500000 0.403226 0.467742
v 0.500000 0.403226 0.467742
v -0.500000 0.403226 0.435484
v 0.500000 0.403226 0.435484
v -0.500000 0.403226 0.403226
v 0.500000 0.403226 0.403226
v -0.500000 0.403226 0.370968
v 0.500000 0.403226 0.370968
v -0.500000 0.403226 0.338710
v 0.500000 0.403226 0.338710
v -0.500000 0.403226 0.306452
v 0.500000 0.403226 0.306452
v -0.500000 0.403226 0.274194
v 0.500000 0.403226 0.274194
v -0.500000 0.403226 0.241935
v 0.500000 0.403226 0.241935
v -0.500000 0.403226 0.209677
v 0.500000 0.403226 0.209677
v -0.500000 0.403226 0.177419
v 0.500000 0.403226 0.177419
v -0.500000 0.403226 0.145161
v 0.500000 0.403226 0.145161
v -0.500000 0.403226 0.112903
v 0.500000 0.403226 0.112903
v -0.500000 0.403226 0.080645
v 0.500000 0.403226 0.080645
v -0.500000 0.403226 0.048387
v 0.500000 0.403226 0.048387
v -0.500000 0.403226 0.016129
v 0.500000 0.403226 0.016129
v -0.500000 0.403226 -0.016129
v 0.500000 0.403226 -0.016129
v -0.500000 0.403226 -0.048387
v 0.500000 0.403226 -0.048387
v -0.500000 0.403226 -0.080645
v 0.500000 0.403226 -0.080645
v -0.500000 0.403226 -0.112903
v 0.500000 0.403226 -0.112903
v -0.500000 0.403226 -0.145161
v 0.500000 0.403226 -0.145161
v -0.500000 0.403226 -0.177419
v 0.500000 0.403226 -0.177419
v -0.500000 0.403226 -0.209677
v 0.500000 0.403226 -0.209677
v -0.500000 0.403226 -0.241935
v 0.500000 0.403226 -0.241935
v -0.500000 0.403226 -0.274194
v 0.500000 0.403226 -0.274194
v -0.500000 0.403226 -0.306452
v 0.500000 0.403226 -0.306452
v -0.500000 0.403226 -0.338710
v 0.500000 0.403226 -0.338710
v -0.500000 0.403226 -0.370968
v 0.500000 0.403226 -0.370968
v -0.500000 0.403226 -0.403226
v 0.500000 0.403226 -0.403226
v -0.500000 0.403226 -0.435484
v 0.500000 0.403226 -0.435484
v -0.500000 0.403226 -0.467742
v 0.500000 0.403226 -0.467742
v -0.500000 0.403226 -0.500000
v -0.467742 0.403226 -0.500000
v -0.435484 0.403226 -0.500000
v -0.403226 0.403226 -0.500000
v -0.370968 0.403226 -0.500000
v -0.338710 0.403226 -0.500000
v -0.306452 0.403226 -0.500000
v -0.274194 0.403226 -0.500000
v -0.241935 0.403226 -0.500000
v -0.209677 0.403226 -0.500000
v -0.177419 0.403226 -0.500000
v -0.145161 0.403226 -0.500000
v -0.112903 0.403226 -0.500000
v -0.080645 0.403226 -0.500000
v -0.048387 0.403226 -0.500000
v -0.016129 0.403226 -0.500000
v 0.016129 0.403226 -0.500000
v 0.048387 0.403226 -0.500000
v 0.080645 0.403226 -0.500000
v 0.112903 0.403226 -0.500000
v 0.145161 0.403226 -0.500000
v 0.177419 0.403226 -0.500000
v 0.209677 0.403226 -0.500000
v 0.241935 0.403226 -0.500000
v 0.274194 0.403226 -0.500000
v 0.306452 0.403226 -0.500000
v 0.338710 0.403226 -0.500000
v 0.370968 0.403226 -0.500000
v 0.403226 0.403226 -0.500000
v 0.435484 0.403226 -0.500000
v 0.467742 0.403226 -0.500000
v 0.500000 0.403226 -0.500000
v -0.500000 0.435484 0.500000
v -0.467742 0.435484 0.500000
v -0.435484 0.435484 0.500000
v -0.403226 0.435484 0.500000
v -0.370968 0.435484 0.500000
v -0.338710 0.435484 0.500000
v -0.306452 0.435484 0.500000
v -0.274194 0.435484 0.500000
v -0.241935 0.435484 0.500000
v -0.209677 0.435484 0.500000
v -0.177419 0.435484 0.500000
v -0.145161 0.435484 0.500000
v -0.112903 0.435484 0.500000
v -0.080645 0.435484 0.500000
v -0.048387 0.435484 0.500000
v -0.016129 0.435484 0.500000
v 0.016129 0.435484 0.500000
v 0.048387 0.435484 0.500000
v 0.080645 0.435484 0.500000
v 0.112903 0.435484 0.500000
v 0.145161 0.435484 0.500000
v 0.177419 0.435484 0.500000
v 0.209677 0.435484 0.500000
v 0.241935 0.435484 0.500000
v 0.274194 0.435484 0.500000
v 0.306452 0.435484 0.500000
v 0.338710 0.435484 0.500000
v 0.370968 0.435484 0.500000
v 0.403226 0.435484 0.500000
v 0.435484 0.435484 0.500000
v 0.467742 0.435484 0.500000
v 0.500000 0.435484 0.500000
v -0.500000 0.435484 0.467742
v 0.500000 0.435484 0.467742
v -0.500000 0.435484 0.435484
v 0.500000 0.435484 0.435484
v -0.500000 0.435484 0.403226
v 0.500000 0.435484 0.403226
v -0.500000 0.435484 0.370968
v 0.500000 0.435484 0.370968
v -0.500000 0.435484 0.338710
v 0.500000 0.435484 0.338710
v -0.500000 0.435484 0.306452
v 0.500000 0.435484 0.306452
v -0.500000 0.435484 0.274194
v 0.500000 0.435484 0.274194
v -0.500000 0.435484 0.241935
v 0.500000 0.435484 0.241935
v -0.500000 0.435484 0.209677
v 0.500000 0.435484 0.209677
v -0.500000 0.435484 0.177419
v 0.500000 0.435484 0.177419
v -0.500000 0.435484 0.145161
v 0.500000 0.435484 0.145161
v -0.500000 0.435484 0.112903
v 0.500000 0.435484 0.112903
v -0.500000 0.435484 0.080645
v 0.500000 0.435484 0.080645
v -0.500000 0.435484 0.048387
v 0.500000 0.435484 0.048387
v -0.500000 0.435484 0.016129
v 0.500000 0.435484 0.016129
v -0.500000 0.435484 -0.016129
v 0.500000 0.435484 -0.016129
v -0.500000 0.435484 -0.048387
v 0.500000 0.435484 -0.048387
v -0.500000 0.435484 -0.080645
v 0.500000 0.435484 -0.080645
v -0.500000 0.435484 -0.112903
v 0.500000 0.435484 -0.112903
v -0.500000 0.435484 -0.145161
v 0.500000 0.435484 -0.145161
v -0.500000 0.435484 -0.177419
v 0.500000 0.435484 -0.177419
v -0.500000 0.435484 -0.209677
v 0.500000 0.435484 -0.209677
v -0.500000 0.435484 -0.241935
v 0.500000 0.435484 -0.241935
v -0.500000 0.435484 -0.274194
v 0.500000 0.435484 -0.274194
v -0.500000 0.435484 -0.306452
v 0.500000 0.435484 -0.306452
v -0.500000 0.435484 -0.338710
v 0.500000 0.435484 -0.338710
v -0.500000 0.435484 -0.370968
v 0.500000 0.435484 -0.370968
v -0.500000 0.435484 -0.403226
v 0.500000 0.435484 -0.403226
v -0.500000 0.435484 -0.435484
v 0.500000 0.435484 -0.435484
v -0.500000 0.435484 -0.467742
v 0.500000 0.435484 -0.467742
v -0.500000 0.435484 -0.500000
v -0.467742 0.435484 -0.500000
v -0.435484 0.435484 -0.500000
v -0.403226 0.435484 -0.500000
v -0.370968 0.435484 -0.500000
v -0.338710 0.435484 -0.500000
v -0.306452 0.435484 -0.500000
v -0.274194 0.435484 -0.500000
v -0.241935 0.435484 -0.500000
v -0.209677 0.435484 -0.500000
v -0.177419 0.435484 -0.500000
v -0.145161 0.435484 -0.500000
v -0.112903 0.435484 -0.500000
v -0.080645 0.435484 -0.500000
v -0.048387 0.435484 -0.500000
v -0.016129 0.435484 -0.500000
v 0.016129 0.435484 -0.500000
v 0.048387 0.435484 -0.500000
v 0.080645 0.435484 -0.500000
v 0.112903 0.435484 -0.500000
v 0.145161 0.435484 -0.500000
v 0.177419 0.435484 -0.500000
v 0.209677 0.435484 -0.500000
v 0.241935 0.435484 -0.500000
v 0.274194 0.435484 -0.500000
v 0.306452 0.435484 -0.500000
v 0.338710 0.435484 -0.500000
v 0.370968 0.435484 -0.500000
v 0.403226 0.435484 -0.500000
v 0.435484 0.435484 -0.500000
v 0.467742 0.435484 -0.500000
v 0.500000 0.435484 -0.500000
v -0.500000 0.467742 0.500000
v -0.467742 0.467742 0.500000
v -0.435484 0.467742 0.500000
v -0.403226 0.467742 0.500000
v -0.370968 0.467742 0.500000
v -0.338710 0.467742 0.500000
v -0.306452 0.467742 0.500000
v -0.274194 0.467742 0.500000
v -0.241935 0.467742 0.500000
v -0.209677 0.467742 0.500000
v -0.177419 0.467742 0.500000
v -0.145161 0.467742 0.500000
v -0.112903 0.467742 0.500000
v -0.080645 0.467742 0.500000
v -0.048387 0.467742 0.500000
v -0.016129 0.467742 0.500000
v 0.016129 0.467742 0.500000
v 0.048387 0.467742 0.500000
v 0.080645 0.467742 0.500000
v 0.112903 0.467742 0.500000
v 0.145161 0.467742 0.500000
v 0.177419 0.467742 0.500000
v 0.209677 0.467742 0.500000
v 0.241935 0.467742 0.500000
v 0.274194 0.467742 0.500000
v 0.306452 0.467742 0.500000
v 0.338710 0.467742 0.500000
v 0.370968 0.467742 0.500000
v 0.403226 0.467742 0.500000
v 0.435484 0.467742 0.500000
v 0.467742 0.467742 0.500000
v 0.500000 0.467742 0.500000
v -0.500000 0.467742 0.467742
v 0.500000 0.467742 0.467742
v -0.500000 0.467742 0.435484
v 0.500000 0.467742 0.435484
v -0.500000 0.467742 0.403226
v 0.500000 0.467742 0.403226
v -0.500000 0.467742 0.370968
v 0.500000 0.467742 0.370968
v -0.500000 0.467742 0.338710
v 0.500000 0.467742 0.338710
v -0.500000 0.467742 0.306452
v 0.500000 0.467742 0.306452
v -0.500000 0.467742 0.274194
v 0.500000 0.467742 0.274194
v -0.500000 0.467742 0.241935
v 0.500000 0.467742 0.241935
v -0.500000 0.467742 0.209677
v 0.500000 0.467742 0.209677
v -0.500000 0.467742 0.177419
v 0.500000 0.467742 0.177419
v -0.500000 0.467742 0.145161
v 0.500000 0.467742 0.145161
v -0.500000 0.467742 0.112903
v 0.500000 0.467742 0.112903
v -0.500000 0.467742 0.080645
v 0.500000 0.467742 0.080645
v -0.500000 0.467742 0.048387
v 0.500000 0.467742 0.048387
v -0.500000 0.467742 0.016129
v 0.500000 0.467742 0.016129
v -0.500000 0.467742 -0.016129
v 0.500000 0.467742 -0.016129
v -0.500000 0.467742 -0.048387
v 0.500000 0.467742 -0.048387
v -0.500000 0.467742 -0.080645
v 0.500000 0.467742 -0.080645
v -0.500000 0.467742 -0.112903
v 0.500000 0.467742 -0.112903
v -0.500000 0.467742 -0.145161
v 0.500000 0.467742 -0.145161
v -0.500000 0.467742 -0.177419
v 0.500000 0.467742 -0.177419
v -0.500000 0.467742 -0.209677
v 0.500000 0.467742 -0.209677
v -0.500000 0.467742 -0.241935
v 0.500000 0.467742 -0.241935
v -0.500000 0.467742 -0.274194
v 0.500000 0.467742 -0.274194
v -0.500000 0.467742 -0.306452
v 0.500000 0.467742 -0.306452
v -0.500000 0.467742 -0.338710
v 0.500000 0.467742 -0.338710
v -0.500000 0.467742 -0.370968
v 0.500000 0.467742 -0.370968
v -0.500000 0.467742 -0.403226
v 0.500000 0.467742 -0.403226
v -0.500000 0.467742 -0.435484
v 0.500000 0.467742 -0.435484
v -0.500000 0.467742 -0.467742
v 0.500000 0.467742 -0.467742
v -0.500000 0.467742 -0.500000
v -0.467742 0.467742 -0.500000
v -0.435484 0.467742 -0.500000
v -0.403226 0.467742 -0.500000
v -0.370968 0.467742 -0.500000
v -0.338710 0.467742 -0.500000
v -0.306452 0.467742 -0.500000
v -0.274194 0.467742 -0.500000
v -0.241935 0.467742 -0.500000
v -0.209677 0.467742 -0.500000
v -0.177419 0.467742 -0.500000
v -0.145161 0.467742 -0.500000
v -0.112903 0.467742 -0.500000
v -0.080645 0.467742 -0.500000
v -0.048387 0.467742 -0.500000
v -0.016129 0.467742 -0.500000
v 0.016129 0.467742 -0.500000
v 0.048387 0.467742 -0.500000
v 0.080645 0.467742 -0.500000
v 0.112903 0.467742 -0.500000
v 0.145161 0.467742 -0.500000
v 0.177419 0.467742 -0.500000
v 0.209677 0.467742 -0.500000
v 0.241935 0.467742 -0.500000
v 0.274194 0.467742 -0.500000
v 0.306452 0.467742 -0.500000
v 0.338710 0.467742 -0.500000
v 0.370968 0.467742 -0.500000
v 0.403226 0.467742 -0.500000
v 0.435484 0.467742 -0.500000
v 0.467742 0.467742 -0.500000
v 0.500000 0.467742 -0.500000
v -0.500000 0.500000 0.500000
v -0.467742 0.500000 0.500000
v -0.435484 0.500000 0.500000
v -0.403226 0.500000 0.500000
v -0.370968 0.500000 0.500000
v -0.338710 0.500000 0.500000
v -0.306452 0.500000 0.500000
v -0.274194 0.500000 0.500000
v -0.241935 0.500000 0.500000
v -0.209677 0.500000 0.500000
v -0.177419 0.500000 0.500000
v -0.145161 0.500000 0.500000
v -0.112903 0.500000 0.500000
v -0.080645 0.500000 0.500000
v -0.048387 0.500000 0.500000
v -0.016129 0.500000 0.500000
v 0.016129 0.500000 0.500000
v 0.048387 0.500000 0.500000
v 0.080645 0.500000 0.500000
v 0.112903 0.500000 0.500000
v 0.145161 0.500000 0.500000
v 0.177419 0.500000 0.500000
v 0.209677 0.500000 0.500000
v 0.241935 0.500000 0.500000
v 0.274194 0.500000 0.500000
v 0.306452 0.500000 0.500000
v 0.338710 0.500000 0.500000
v 0.370968 0.500000 0.500000
v 0.403226 0.500000 0.500000
v 0.435484 0.500000 0.500000
v 0.467742 0.500000 0.500000
v 0.500000 0.500000 0.500000
v -0.500000 0.500000 0.467742
v -0.467742 0.500000 0.467742
v -0.435484 0.500000 0.467742
v -0.403226 0.500000 0.467742
v -0.370968 0.500000 0.467742
v -0.338710 0.500000 0.467742
v -0.306452 0.500000 0.467742
v -0.274194 0.500000 0.467742
v -0.241935 0.500000 0.467742
v -0.209677 0.500000 0.467742
v -0.177419 0.500000 0.467742
v -0.145161 0.500000 0.467742
v -0.112903 0.500000 0.467742
v -0.080645 0.500000 0.467742
v -0.048387 0.500000 0.467742
v -0.016129 0.500000 0.467742
v 0.016129 0.500000 0.467742
v 0.048387 0.500000 0.467742
v 0.080645 0.500000 0.467742
v 0.112903 0.500000 0.467742
v 0.145161 0.500000 0.467742
v 0.177419 0.500000 0.467742
v 0.209677 0.500000 0.467742
v 0.241935 0.500000 0.467742
v 0.274194 0.500000 0.467742
v 0.306452 0.500000 0.467742
v 0.338710 0.500000 0.467742
v 0.370968 0.500000 0.467742
v 0.403226 0.500000 0.467742
v 0.435484 0.500000 0.467742
v 0.467742 0.500000 0.467742
v 0.500000 0.500000 0.467742
v -0.500000 0.500000 0.435484
v -0.467742 0.500000 0.435484
v -0.435484 0.500000 0.435484
v -0.403226 0.500000 0.435484
v -0.370968 0.500000 0.435484
v -0.338710 0.500000 0.435484
v -0.306452 0.500000 0.435484
v -0.274194 0.500000 0.435484
v -0.241935 0.500000 0.435484
v -0.209677 0.500000 0.435484
v -0.177419 0.500000 0.435484
v -0.145161 0.500000 0.435484
v -0.112903 0.500000 0.435484
v -0.080645 0.500000 0.435484
v -0.048387 0.500000 0.435484
v -0.016129 0.500000 0.435484
v 0.016129 0.500000 0.435484
v 0.048387 0.500000 0.435484
v 0.080645 0.500000 0.435484
v 0.112903 0.500000 0.435484
v 0.145161 0.500000 0.435484
v 0.177419 0.500000 0.435484
v 0.209677 0.500000 0.435484
v 0.241935 0.500000 0.435484
v 0.274194 0.500000 0.435484
v 0.306452 0.500000 0.435484
v 0.338710 0.500000 0.435484
v 0.370968 0.500000 0.435484
v 0.403226 0.500000 0.435484
v 0.435484 0.500000 0.435484
v 0.467742 0.500000 0.435484
v 0.500000 0.500000 0.435484
v -0.500000 0.500000 0.403226
v -0.467742 0.500000 0.403226
v -0.435484 0.500000 0.403226
v -0.403226 0.500000 0.403226
v -0.370968 0.500000 0.403226
v -0.338710 0.500000 0.403226
v -0.306452 0.500000 0.403226
v -0.274194 0.500000 0.403226
v -0.241935 0.500000 0.403226
v -0.209677 0.500000 0.403226
v -0.177419 0.500000 0.403226
v -0.145161 0.500000 0.403226
v -0.112903 0.500000 0.403226
v -0.080645 0.500000 0.403226
v -0.048387 0.500000 0.403226
v -0.016129 0.500000 0.403226
v 0.016129 0.500000 0.403226
v 0.048387 0.500000 0.403226
v 0.080645 0.500000 0.403226
v 0.112903 0.500000 0.403226
v 0.145161 0.500000 0.403226
v 0.177419 0.500000 0.403226
v 0.209677 0.500000 0.403226
v 0.241935 0.500000 0.403226
v 0.274194 0.500000 0.403226
v 0.306452 0.500000 0.403226
v 0.338710 0.500000 0.403226
v 0.370968 0.500000 0.403226
v 0.403226 0.500000 0.403226
v 0.435484 0.500000 0.403226
v 0.467742 0.500000 0.403226
v 0.500000 0.500000 0.403226
v -0.500000 0.500000 0.370968
v -0.467742 0.500000 0.370968
v -0.435484 0.500000 0.370968
v -0.403226 0.500000 0.370968
v -0.370968 0.500000 0.370968
v -0.338710 0.500000 0.370968
v -0.306452 0.500000 0.370968
v -0.274194 0.500000 0.370968
v -0.241935 0.500000 0.370968
v -0.209677 0.500000 0.370968
v -0.177419 0.500000 0.370968
v -0.145161 0.500000 0.370968
v -0.112903 0.500000 0.370968
v -0.080645 0.500000 0.370968
v -0.048387 0.500000 0.370968
v -0.016129 0.500000 0.370968
v 0.016129 0.500000 0.370968
v 0.048387 0.500000 0.370968
v 0.080645 0.500000 0.370968
v 0.112903 0.500000 0.370968
v 0.145161 0.500000 0.370968
v 0.177419 0.500000 0.370968
v 0.209677 0.500000 0.370968
v 0.241935 0.500000 0.370968
v 0.274194 0.500000 0.370968
v 0.306452 0.500000 0.370968
v 0.338710 0.500000 0.370968
v 0.370968 0.500000 0.370968
v 0.403226 0.500000 0.370968
v 0.435484 0.500000 0.370968
v 0.467742 0.500000 0.370968
v 0.500000 0.500000 0.370968
v -0.500000 0.500000 0.338710
v -0.467742 0.500000 0.338710
v -0.435484 0.500000 0.338710
v -0.403226 0.500000 0.338710
v -0.370968 0.500000 0.338710
v -0.338710 0.500000 0.338710
v -0.306452 0.500000 0.338710
v -0.274194 0.500000 0.338710
v -0.241935 0.500000 0.338710
v -0.209677 0.500000 0.338710
v -0.177419 0.500000 0.338710
v -0.145161 0.500000 0.338710
v -0.112903 0.500000 0.338710
v -0.080645 0.500000 0.338710
v -0.048387 0.500000 0.338710
v -0.016129 0.500000 0.338710
v 0.016129 0.500000 0.338710
v 0.048387 0.500000 0.338710
v 0.080645 0.500000 0.338710
v 0.112903 0.500000 0.338710
v 0.145161 0.500000 0.338710
v 0.177419 0.500000 0.338710
v 0.209677 0.500000 0.338710
v 0.241935 0.500000 0.338710
v 0.274194 0.500000 0.338710
v 0.306452 0.500000 0.338710
v 0.338710 0.500000 0.338710
v 0.370968 0.500000 0.338710
v 0.403226 0.500000 0.338710
v 0.435484 0.500000 0.338710
v 0.467742 0.500000 0.338710
v 0.500000 0.500000 0.338710
v -0.500000 0.500000 0.306452
v -0.467742 0.500000 0.306452
v -0.435484 0.500000 0.306452
v -0.403226 0.500000 0.306452
v -0.370968 0.500000 0.306452
v -0.338710 0.500000 0.306452
v -0.306452 0.500000 0.306452
v -0.274194 0.500000 0.306452
v -0.241935 0.500000 0.306452
v -0.209677 0.500000 0.306452
v -0.177419 0.500000 0.306452
v -0.145161 0.500000 0.306452
v -0.112903 0.500000 0.306452
v -0.080645 0.500000 0.306452
v -0.048387 0.500000 0.306452
v -0.016129 0.500000 0.306452
v 0.016129 0.500000 0.306452
v 0.048387 0.500000 0.306452
v 0.080645 0.500000 0.306452
v 0.112903 0.500000 0.306452
v 0.145161 0.500000 0.306452
v 0.177419 0.500000 0.306452
v 0.209677 0.500000 0.306452
v 0.241935 0.500000 0.306452
v 0.274194 0.500000 0.306452
v 0.306452 0.500000 0.306452
v 0.338710 0.500000 0.306452
v 0.370968 0.500000 0.306452
v 0.403226 0.500000 0.306452
v 0.435484 0.500000 0.306452
v 0.467742 0.500000 0.306452
v 0.500000 0.500000 0.306452
v -0.500000 0.500000 0.274194
v -0.467742 0.500000 0.274194
v -0.435484 0.500000 0.274194
v -0.403226 0.500000 0.274194
v -0.370968 0.500000 0.274194
v -0.338710 0.500000 0.274194
v -0.306452 0.500000 0.274194
v -0.274194 0.500000 0.274194
v -0.241935 0.500000 0.274194
v -0.209677 0.500000 0.274194
v -0.177419 0.500000 0.274194
v -0.145161 0.500000 0.274194
v -0.112903 0.500000 0.274194
v -0.080645 0.500000 0.274194
v -0.048387 0.500000 0.274194
v -0.016129 0.500000 0.274194
v 0.016129 0.500000 0.274194
v 0.048387 0.500000 0.274194
v 0.080645 0.500000 0.274194
v 0.112903 0.500000 0.274194
v 0.145161 0.500000 0.274194
v 0.177419 0.500000 0.274194
v 0.209677 0.500000 0.274194
v 0.241935 0.500000 0.274194
v 0.274194 0.500000 0.274194
v 0.306452 0.500000 0.274194
v 0.338710 0.500000 0.274194
v 0.370968 0.500000 0.274194
v 0.403226 0.500000 0.274194
v 0.435484 0.500000 0.274194
v 0.467742 0.500000 0.274194
v 0.500000 0.500000 0.274194
v -0.500000 0.500000 0.241935
v -0.467742 0.500000 0.241935
v -0.435484 0.500000 0.241935
v -0.403226 0.500000 0.241935
v -0.370968 0.500000 0.241935
v -0.338710 0.500000 0.241935
v -0.306452 0.500000 0.241935
v -0.274194 0.500000 0.241935
v -0.241935 0.500000 0.241935
v -0.209677 0.500000 0.241935
v -0.177419 0.500000 0.241935
v -0.145161 0.500000 0.241935
v -0.112903 0.500000 0.241935
v -0.080645 0.500000 0.241935
v -0.048387 0.500000 0.241935
v -0.016129 0.500000 0.241935
v 0.016129 0.500000 0.241935
v 0.048387 0.500000 0.241935
v 0.080645 0.500000 0.241935
v 0.112903 0.500000 0.241935
v 0.145161 0.500000 0.241935
v 0.177419 0.500000 0.241935
v 0.209677 0.500000 0.241935
v 0.241935 0.500000 0.241935
v 0.274194 0.500000 0.241935
v 0.306452 0.500000 0.241935
v 0.338710 0.500000 0.241935
v 0.370968 0.500000 0.241935
v 0.403226 0.500000 0.241935
v 0.435484 0.500000 0.241935
v 0.467742 0.500000 0.241935
v 0.500000 0.500000 0.241935
v -0.500000 0.500000 0.209677
v -0.467742 0.500000 0.209677
v -0.435484 0.500000 0.209677
v -0.403226 0.500000 0.209677
v -0.370968 0.500000 0.209677
v -0.338710 0.500000 0.209677
v -0.306452 0.500000 0.209677
v -0.274194 0.500000 0.209677
v -0.241935 0.500000 0.209677
v -0.209677 0.500000 0.209677
v -0.177419 0.500000 0.209677
v -0.145161 0.500000 0.209677
v -0.112903 0.500000 0.209677
v -0.080645 0.500000 0.209677
v -0.048387 0.500000 0.209677
v -0.016129 0.500000 0.209677
v 0.016129 0.500000 0.209677
v 0.048387 0.500000 0.209677
v 0.080645 0.500000 0.209677
v 0.112903 0.500000 0.209677
v 0.145161 0.500000 0.209677
v 0.177419 0.500000 0.209677
v 0.209677 0.500000 0.209677
v 0.241935 0.500000 0.209677
v 0.274194 0.500000 0.209677
v 0.306452 0.500000 0.209677
v 0.338710 0.500000 0.209677
v 0.370968 0.500000 0.209677
v 0.403226 0.500000 0.209677
v 0.435484 0.500000 0.209677
v 0.467742 0.500000 0.209677
v 0.500000 0.500000 0.209677
v -0.500000 0.500000 0.177419
v -0.467742 0.500000 0.177419
v -0.435484 0.500000 0.177419
v -0.403226 0.500000 0.177419
v -0.370968 0.500000 0.177419
v -0.338710 0.500000 0.177419
v -0.306452 0.500000 0.177419
v -0.274194 0.500000 0.177419
v -0.241935 0.500000 0.177419
v -0.209677 0.500000 0.177419
v -0.177419 0.500000 0.177419
v -0.145161 0.500000 0.177419
v -0.112903 0.500000 0.177419
v -0.080645 0.500000 0.177419
v -0.048387 0.500000 0.177419
v -0.016129 0.500000 0.177419
v 0.016129 0.500000 0.177419
v 0.048387 0.500000 0.177419
v 0.080645 0.500000 0.177419
v 0.112903 0.500000 0.177419
v 0.145161 0.500000 0.177419
v 0.177419 0.500000 0.177419
v 0.209677 0.500000 0.177419
v 0.241935 0.500000 0.177419
v 0.274194 0.500000 0.177419
v 0.306452 0.500000 0.177419
v 0.338710 0.500000 0.177419
v 0.370968 0.500000 0.177419
v 0.403226 0.500000 0.177419
v 0.435484 0.500000 0.177419
v 0.467742 0.500000 0.177419
v 0.500000 0.500000 0.177419
v -0.500000 0.500000 0.145161
v -0.467742 0.500000 0.145161
v -0.435484 0.500000 0.145161
v -0.403226 0.500000 0.145161
v -0.370968 0.500000 0.145161
v -0.338710 0.500000 0.145161
v -0.306452 0.500000 0.145161
v -0.274194 0.500000 0.145161
v -0.241935 0.500000 0.145161
v -0.209677 0.500000 0.145161
v -0.177419 0.500000 0.145161
v -0.145161 0.500000 0.145161
v -0.112903 0.500000 0.145161
v -0.080645 0.500000 0.145161
v -0.048387 0.500000 0.145161
v -0.016129 0.500000 0.145161
v 0.016129 0.500000 0.145161
v 0.048387 0.500000 0.145161
v 0.080645 0.500000 0.145161
v 0.112903 0.500000 0.145161
v 0.145161 0.500000 0.145161
v 0.177419 0.500000 0.145161
v 0.209677 0.500000 0.145161
v 0.241935 0.500000 0.145161
v 0.274194 0.500000 0.145161
v 0.306452 0.500000 0.145161
v 0.338710 0.500000 0.145161
v 0.370968 0.500000 0.145161
v 0.403226 0.500000 0.145161
v 0.435484 0.500000 0.145161
v 0.467742 0.500000 0.145161
v 0.500000 0.500000 0.145161
v -0.500000 0.500000 0.112903
v -0.467742 0.500000 0.112903
v -0.435484 0.500000 0.112903
v -0.403226 0.500000 0.112903
v -0.370968 0.500000 0.112903
v -0.338710 0.500000 0.112903
v -0.306452 0.500000 0.112903
v -0.274194 0.500000 0.112903
v -0.241935 0.500000 0.112903
v -0.209677 0.500000 0.112903
v -0.177419 0.500000 0.112903
v -0.145161 0.500000 0.112903
v -0.112903 0.500000 0.112903
v -0.080645 0.500000 0.112903
v -0.048387 0.500000 0.112903
v -0.016129 0.500000 0.112903
v 0.016129 0.500000 0.112903
v 0.048387 0.500000 0.112903
v 0.080645 0.500000 0.112903
v 0.112903 0.500000 0.112903
v 0.145161 0.500000 0.112903
v 0.177419 0.500000 0.112903
v 0.209677 0.500000 0.112903
v 0.241935 0.500000 0.112903
v 0.274194 0.500000 0.112903
v 0.306452 0.500000 0.112903
v 0.338710 0.500000 0.112903
v 0.370968 0.500000 0.112903
v 0.403226 0.500000 0.112903
v 0.435484 0.500000 0.112903
v 0.467742 0.500000 0.112903
v 0.500000 0.500000 0.112903
v -0.500000 0.500000 0.080645
v -0.467742 0.500000 0.080645
v -0.435484 0.500000 0.080645
v -0.403226 0.500000 0.080645
v -0.370968 0.500000 0.080645
v -0.338710 0.500000 0.080645
v -0.306452 0.500000 0.080645
v -0.274194 0.500000 0.080645
v -0.241935 0.500000 0.080645
v -0.209677 0.500000 0.080645
v -0.177419 0.500000 0.080645
v -0.145161 0.500000 0.080645
v -0.112903 0.500000 0.080645
v -0.080645 0.500000 0.080645
v -0.048387 0.500000 0.080645
v -0.016129 0.500000 0.080645
v 0.016129 0.500000 0.080645
v 0.048387 0.500000 0.080645
v 0.080645 0.500000 0.080645
v 0.112903 0.500000 0.080645
v 0.145161 0.500000 0.080645
v 0.177419 0.500000 0.080645
v 0.209677 0.500000 0.080645
v 0.241935 0.500000 0.080645
v 0.274194 0.500000 0.080645
v 0.306452 0.500000 0.080645
v 0.338710 0.500000 0.080645
v 0.370968 0.500000 0.080645
v 0.403226 0.500000 0.080645
v 0.435484 0.500000 0.080645
v 0.467742 0.500000 0.080645
v 0.500000 0.500000 0.080645
v -0.500000 0.500000 0.048387
v -0.467742 0.500000 0.048387
v -0.435484 0.500000 0.048387
v -0.403226 0.500000 0.048387
v -0.370968 0.500000 0.048387
v -0.338710 0.500000 0.048387
v -0.306452 0.500000 0.048387
v -0.274194 0.500000 0.048387
v -0.241935 0.500000 0.048387
v -0.209677 0.500000 0.048387
v -0.177419 0.500000 0.048387
v -0.145161 0.500000 0.048387
v -0.112903 0.500000 0.048387
v -0.080645 0.500000 0.048387
v -0.048387 0.500000 0.048387
v -0.016129 0.500000 0.048387
v 0.016129 0.500000 0.048387
v 0.048387 0.500000 0.048387
v 0.080645 0.500000 0.048387
v 0.112903 0.500000 0.048387
v 0.145161 0.500000 0.048387
v 0.177419 0.500000 0.048387
v 0.209677 0.500000 0.048387
v 0.241935 0.500000 0.048387
v 0.274194 0.500000 0.048387
v 0.306452 0.500000 0.048387
v 0.338710 0.500000 0.048387
v 0.370968 0.500000 0.048387
v 0.403226 0.500000 0.048387
v 0.435484 0.500000 0.048387
v 0.467742 0.500000 0.048387
v 0.500000 0.500000 0.048387
v -0.500000 0.500000 0.016129
v -0.467742 0.500000 0.016129
v -0.435484 0.500000 0.016129
v -0.403226 0.500000 0.016129
v -0.370968 0.500000 0.016129
v -0.338710 0.500000 0.016129
v -0.306452 0.500000 0.016129
v -0.274194 0.500000 0.016129
v -0.241935 0.500000 0.016129
v -0.209677 0.500000 0.016129
v -0.177419 0.500000 0.016129
v -0.145161 0.500000 0.016129
v -0.112903 0.500000 0.016129
v -0.080645 0.500000 0.016129
v -0.048387 0.500000 0.016129
v -0.016129 0.500000 0.016129
v 0.016129 0.500000 0.016129
v 0.048387 0.500000 0.016129
v 0.080645 0.500000 0.016129
v 0.112903 0.500000 0.016129
v 0.145161 0.500000 0.016129
v 0.177419 0.500000 0.016129
v 0.209677 0.500000 0.016129
v 0.241935 0.500000 0.016129
v 0.274194 0.500000 0.016129
v 0.306452 0.500000 0.016129
v 0.338710 0.500000 0.016129
v 0.370968 0.500000 0.016129
v 0.403226 0.500000 0.016129
v 0.435484 0.500000 0.016129
v 0.467742 0.500000 0.016129
v 0.500000 0.500000 0.016129
v -0.500000 0.500000 -0.016129
v -0.467742 0.500000 -0.016129
v -0.435484 0.500000 -0.016129
v -0.403226 0.500000 -0.016129
v -0.370968 0.500000 -0.016129
v -0.338710 0.500000 -0.016129
v -0.306452 0.500000 -0.016129
v -0.274194 0.500000 -0.016129
v -0.241935 0.500000 -0.016129
v -0.209677 0.500000 -0.016129
v -0.177419 0.500000 -0.016129
v -0.145161 0.500000 -0.016129
v -0.112903 0.500000 -0.016129
v -0.080645 0.500000 -0.016129
v -0.048387 0.500000 -0.016129
v -0.016129 0.500000 -0.016129
v 0.016129 0.500000 -0.016129
v 0.048387 0.500000 -0.016129
v 0.080645 0.500000 -0.016129
v 0.112903 0.500000 -0.016129
v 0.145161 0.500000 -0.016129
v 0.177419 0.500000 -0.016129
v 0.209677 0.500000 -0.016129
v 0.241935 0.500000 -0.016129
v 0.274194 0.500000 -0.016129
v 0.306452 0.500000 -0.016129
v 0.338710 0.500000 -0.016129
v 0.370968 0.500000 -0.016129
v 0.403226 0.500000 -0.016129
v 0.435484 0.500000 -0.016129
v 0.467742 0.500000 -0.016129
v 0.500000 0.500000 -0.016129
v -0.500000 0.500000 -0.048387
v -0.467742 0.500000 -0.048387
v -0.435484 0.500000 -0.048387
v -0.403226 0.500000 -0.048387
v -0.370968 0.500000 -0.048387
v -0.338710 0.500000 -0.048387
v -0.306452 0.500000 -0.048387
v -0.274194 0.500000 -0.048387
v -0.241935 0.500000 -0.048387
v -0.209677 0.500000 -0.048387
v -0.177419 0.500000 -0.048387
v -0.145161 0.500000 -0.048387
v -0.112903 0.500000 -0.048387
v -0.080645 0.500000 -0.048387
v -0.048387 0.500000 -0.048387
v -0.016129 0.500000 -0.048387
v 0.016129 0.500000 -0.048387
v 0.048387 0.500000 -0.048387
v 0.080645 0.500000 -0.048387
v 0.112903 0.500000 -0.048387
v 0.145161 0.500000 -0.048387
v 0.177419 0.500000 -0.048387
v 0.209677 0.500000 -0.048387
v 0.241935 0.500000 -0.048387
v 0.274194 0.500000 -0.048387
v 0.306452 0.500000 -0.048387
v 0.338710 0.500000 -0.048387
v 0.370968 0.500000 -0.048387
v 0.403226 0.500000 -0.048387
v 0.435484 0.500000 -0.048387
v 0.467742 0.500000 -0.048387
v 0.500000 0.500000 -0.048387
v -0.500000 0.500000 -0.080645
v -0.467742 0.500000 -0.080645
v -0.435484 0.500000 -0.080645
v -0.403226 0.500000 -0.080645
v -0.370968 0.500000 -0.080645
v -0.338710 0.500000 -0.080645
v -0.306452 0.500000 -0.080645
v -0.274194 0.500000 -0.080645
v -0.241935 0.500000 -0.080645
v -0.209677 0.500000 -0.080645
v -0.177419 0.500000 -0.080645
v -0.145161 0.500000 -0.080645
v -0.112903 0.500000 -0.080645
v -0.080645 0.500000 -0.080645
v -0.048387 0.500000 -0.080645
v -0.016129 0.500000 -0.080645
v 0.016129 0.500000 -0.080645
v 0.048387 0.500000 -0.080645
v 0.080645 0.500000 -0.080645
v 0.112903 0.500000 -0.080645
v 0.145161 0.500000 -0.080645
v 0.177419 0.500000 -0.080645
v 0.209677 0.500000 -0.080645
v 0.241935 0.500000 -0.080645
v 0.274194 0.500000 -0.080645
v 0.306452 0.500000 -0.080645
v 0.338710 0.500000 -0.080645
v 0.370968 0.500000 -0.080645
v 0.403226 0.500000 -0.080645
v 0.435484 0.500000 -0.080645
v 0.467742 0.500000 -0.080645
v 0.500000 0.500000 -0.080645
v -0.500000 0.500000 -0.112903
v -0.467742 0.500000 -0.112903
v -0.435484 0.500000 -0.112903
v -0.403226 0.500000 -0.112903
v -0.370968 0.500000 -0.112903
v -0.338710 0.500000 -0.112903
v -0.306452 0.500000 -0.112903
v -0.274194 0.500000 -0.112903
v -0.241935 0.500000 -0.112903
v -0.209677 0.500000 -0.112903
v -0.177419 0.500000 -0.112903
v -0.145161 0.500000 -0.112903
v -0.112903 0.500000 -0.112903
v -0.080645 0.500000 -0.112903
v -0.048387 0.500000 -0.112903
v -0.016129 0.500000 -0.112903
v 0.016129 0.500000 -0.112903
v 0.048387 0.500000 -0.112903
v 0.080645 0.500000 -0.112903
v 0.112903 0.500000 -0.112903
v 0.145161 0.500000 -0.112903
v 0.177419 0.500000 -0.112903
v 0.209677 0.500000 -0.112903
v 0.241935 0.500000 -0.112903
v 0.274194 0.500000 -0.112903
v 0.306452 0.500000 -0.112903
v 0.338710 0.500000 -0.112903
v 0.370968 0.500000 -0.112903
v 0.403226 0.500000 -0.112903
v 0.435484 0.500000 -0.112903
v 0.467742 0.500000 -0.112903
v 0.500000 0.500000 -0.112903
v -0.500000 0.500000 -0.145161
v -0.467742 0.500000 -0.145161
v -0.435484 0.500000 -0.145161
v -0.403226 0.500000 -0.145161
v -0.370968 0.500000 -0.145161
v -0.338710 0.500000 -0.145161
v -0.306452 0.500000 -0.145161
v -0.274194 0.500000 -0.145161
v -0.241935 0.500000 -0.145161
v -0.209677 0.500000 -0.145161
v -0.177419 0.500000 -0.145161
v -0.145161 0.500000 -0.145161
v -0.112903 0.500000 -0.145161
v -0.080645 0.500000 -0.145161
v -0.048387 0.500000 -0.145161
v -0.016129 0.500000 -0.145161
v 0.016129 0.500000 -0.145161
v 0.048387 0.500000 -0.145161
v 0.080645 0.500000 -0.145161
v 0.112903 0.500000 -0.145161
v 0.145161 0.500000 -0.145161
v 0.177419 0.500000 -0.145161
v 0.209677 0.500000 -0.145161
v 0.241935 0.500000 -0.145161
v 0.274194 0.500000 -0.145161
v 0.306452 0.500000 -0.145161
v 0.338710 0.500000 -0.145161
v 0.370968 0.500000 -0.145161
v 0.403226 0.500000 -0.145161
v 0.435484 0.500000 -0.145161
v 0.467742 0.500000 -0.145161
v 0.500000 0.500000 -0.145161
v -0.500000 0.500000 -0.177419
v -0.467742 0.500000 -0.177419
v -0.435484 0.500000 -0.177419
v -0.403226 0.500000 -0.177419
v -0.370968 0.500000 -0.177419
v -0.338710 0.500000 -0.177419
v -0.306452 0.500000 -0.177419
v -0.274194 0.500000 -0.177419
v -0.241935 0.500000 -0.177419
v -0.209677 0.500000 -0.177419
v -0.177419 0.500000 -0.177419
v -0.145161 0.500000 -0.177419
v -0.112903 0.500000 -0.177419
v -0.080645 0.500000 -0.177419
v -0.048387 0.500000 -0.177419
v -0.016129 0.500000 -0.177419
v 0.016129 0.500000 -0.177419
v 0.048387 0.500000 -0.177419
v 0.080645 0.500000 -0.177419
v 0.112903 0.500000 -0.177419
v 0.145161 0.500000 -0.177419
v 0.177419 0.500000 -0.177419
v 0.209677 0.500000 -0.177419
v 0.241935 0.500000 -0.177419
v 0.274194 0.500000 -0.177419
v 0.306452 0.500000 -0.177419
v 0.338710 0.500000 -0.177419
v 0.370968 0.500000 -0.177419
v 0.403226 0.500000 -0.177419
v 0.435484 0.500000 -0.177419
v 0.467742 0.500000 -0.177419
v 0.500000 0.500000 -0.177419
v -0.500000 0.500000 -0.209677
v -0.467742 0.500000 -0.209677
v -0.435484 0.500000 -0.209677
v -0.403226 0.500000 -0.209677
v -0.370968 0.500000 -0.209677
v -0.338710 0.500000 -0.209677
v -0.306452 0.500000 -0.209677
v -0.274194 0.500000 -0.209677
v -0.241935 0.500000 -0.209677
v -0.209677 0.500000 -0.209677
v -0.177419 0.500000 -0.209677
v -0.145161 0.500000 -0.209677
v -0.112903 0.500000 -0.209677
v -0.080645 0.500000 -0.209677
v -0.048387 0.500000 -0.209677
v -0.016129 0.500000 -0.209677
v 0.016129 0.500000 -0.209677
v 0.048387 0.500000 -0.209677
v 0.080645 0.500000 -0.209677
v 0.112903 0.500000 -0.209677
v 0.145161 0.500000 -0.209677
v 0.177419 0.500000 -0.209677
v 0.209677 0.500000 -0.209677
v 0.241935 0.500000 -0.209677
v 0.274194 0.500000 -0.209677
v 0.306452 0.500000 -0.209677
v 0.338710 0.500000 -0.209677
v 0.370968 0.500000 -0.209677
v 0.403226 0.500000 -0.209677
v 0.435484 0.500000 -0.209677
v 0.467742 0.500000 -0.209677
v 0.500000 0.500000 -0.209677
v -0.500000 0.500000 -0.241935
v -0.467742 0.500000 -0.241935
v -0.435484 0.500000 -0.241935
v -0.403226 0.500000 -0.241935
v -0.370968 0.500000 -0.241935
v -0.338710 0.500000 -0.241935
v -0.306452 0.500000 -0.241935
v -0.274194 0.500000 -0.241935
v -0.241935 0.500000 -0.241935
v -0.209677 0.500000 -0.241935
v -0.177419 0.500000 -0.241935
v -0.145161 0.500000 -0.241935
v -0.112903 0.500000 -0.241935
v -0.080645 0.500000 -0.241935
v -0.048387 0.500000 -0.241935
v -0.016129 0.500000 -0.241935
v 0.016129 0.500000 -0.241935
v 0.048387 0.500000 -0.241935
v 0.080645 0.500000 -0.241935
v 0.112903 0.500000 -0.241935
v 0.145161 0.500000 -0.241935
v 0.177419 0.500000 -0.241935
v 0.209677 0.500000 -0.241935
v 0.241935 0.500000 -0.241935
v 0.274194 0.500000 -0.241935
v 0.306452 0.500000 -0.241935
v 0.338710 0.500000 -0.241935
v 0.370968 0.500000 -0.241935
v 0.403226 0.500000 -0.241935
v 0.435484 0.500000 -0.241935
v 0.467742 0.500000 -0.241935
v 0.500000 0.500000 -0.241935
v -0.500000 0.500000 -0.274194
v -0.467742 0.500000 -0.274194
v -0.435484 0.500000 -0.274194
v -0.403226 0.500000 -0.274194
v -0.370968 0.500000 -0.274194
v -0.338710 0.500000 -0.274194
v -0.306452 0.500000 -0.274194
v -0.274194 0.500000 -0.274194
v -0.241935 0.500000 -0.274194
v -0.209677 0.500000 -0.274194
v -0.177419 0.500000 -0.274194
v -0.145161 0.500000 -0.274194
v -0.112903 0.500000 -0.274194
v -0.080645 0.500000 -0.274194
v -0.048387 0.500000 -0.274194
v -0.016129 0.500000 -0.274194
v 0.016129 0.500000 -0.274194
v 0.048387 0.500000 -0.274194
v 0.080645 0.500000 -0.274194
v 0.112903 0.500000 -0.274194
v 0.145161 0.500000 -0.274194
v 0.177419 0.500000 -0.274194
v 0.209677 0.500000 -0.274194
v 0.241935 0.500000 -0.274194
v 0.274194 0.500000 -0.274194
v 0.306452 0.500000 -0.274194
v 0.338710 0.500000 -0.274194
v 0.370968 0.500000 -0.274194
v 0.403226 0.500000 -0.274194
v 0.435484 0.500000 -0.274194
v 0.467742 0.500000 -0.274194
v 0.500000 0.500000 -0.274194
v -0.500000 0.500000 -0.306452
v -0.467742 0.500000 -0.306452
v -0.435484 0.500000 -0.306452
v -0.403226 0.500000 -0.306452
v -0.370968 0.500000 -0.306452
v -0.338710 0.500000 -0.306452
v -0.306452 0.500000 -0.306452
v -0.274194 0.500000 -0.306452
v -0.241935 0.500000 -0.306452
v -0.209677 0.500000 -0.306452
v -0.177419 0.500000 -0.306452
v -0.145161 0.500000 -0.306452
v -0.112903 0.500000 -0.306452
v -0.080645 0.500000 -0.306452
v -0.048387 0.500000 -0.306452
v -0.016129 0.500000 -0.306452
v 0.016129 0.500000 -0.306452
v 0.048387 0.500000 -0.306452
v 0.080645 0.500000 -0.306452
v 0.112903 0.500000 -0.306452
v 0.145161 0.500000 -0.306452
v 0.177419 0.500000 -0.306452
v 0.209677 0.500000 -0.306452
v 0.241935 0.500000 -0.306452
v 0.274194 0.500000 -0.306452
v 0.306452 0.500000 -0.306452
v 0.338710 0.500000 -0.306452
v 0.370968 0.500000 -0.306452
v 0.403226 0.500000 -0.306452
v 0.435484 0.500000 -0.306452
v 0.467742 0.500000 -0.306452
v 0.500000 0.500000 -0.306452
v -0.500000 0.500000 -0.338710
v -0.467742 0.500000 -0.338710
v -0.435484 0.500000 -0.338710
v -0.403226 0.500000 -0.338710
v -0.370968 0.500000 -0.338710
v -0.338710 0.500000 -0.338710
v -0.306452 0.500000 -0.338710
v -0.274194 0.500000 -0.338710
v -0.241935 0.500000 -0.338710
v -0.209677 0.500000 -0.338710
v -0.177419 0.500000 -0.338710
v -0.145161 0.500000 -0.338710
v -0.112903 0.500000 -0.338710
v -0.080645 0.500000 -0.338710
v -0.048387 0.500000 -0.338710
v -0.016129 0.500000 -0.338710
v 0.016129 0.500000 -0.338710
v 0.048387 0.500000 -0.338710
v 0.080645 0.500000 -0.338710
v 0.112903 0.500000 -0.338710
v 0.145161 0.500000 -0.338710
v 0.177419 0.500000 -0.338710
v 0.209677 0.500000 -0.338710
v 0.241935 0.500000 -0.338710
v 0.274194 0.500000 -0.338710
v 0.306452 0.500000 -0.338710
v 0.338710 0.500000 -0.338710
v 0.370968 0.500000 -0.338710
v 0.403226 0.500000 -0.338710
v 0.435484 0.500000 -0.338710
v 0.467742 0.500000 -0.338710
v 0.500000 0.500000 -0.338710
v -0.500000 0.500000 -0.370968
v -0.467742 0.500000 -0.370968
v -0.435484 0.500000 -0.370968
v -0.403226 0.500000 -0.370968
v -0.370968 0.500000 -0.370968
v -0.338710 0.500000 -0.370968
v -0.306452 0.500000 -0.370968
v -0.274194 0.500000 -0.370968
v -0.241935 0.500000 -0.370968
v -0.209677 0.500000 -0.370968
v -0.177419 0.500000 -0.370968
v -0.145161 0.500000 -0.370968
v -0.112903 0.500000 -0.370968
v -0.080645 0.500000 -0.370968
v -0.048387 0.500000 -0.370968
v -0.016129 0.500000 -0.370968
v 0.016129 0.500000 -0.370968
v 0.048387 0.500000 -0.370968
v 0.080645 0.500000 -0.370968
v 0.112903 0.500000 -0.370968
v 0.145161 0.500000 -0.370968
v 0.177419 0.500000 -0.370968
v 0.209677 0.500000 -0.370968
v 0.241935 0.500000 -0.370968
v 0.274194 0.500000 -0.370968
v 0.306452 0.500000 -0.370968
v 0.338710 0.500000 -0.370968
v 0.370968 0.500000 -0.370968
v 0.403226 0.500000 -0.370968
v 0.435484 0.500000 -0.370968
v 0.467742 0.500000 -0.370968
v 0.500000 0.500000 -0.370968
v -0.500000 0.500000 -0.403226
v -0.467742 0.500000 -0.403226
v -0.435484 0.500000 -0.403226
v -0.403226 0.500000 -0.403226
v -0.370968 0.500000 -0.403226
v -0.338710 0.500000 -0.403226
v -0.306452 0.500000 -0.403226
v -0.274194 0.500000 -0.403226
v -0.241935 0.500000 -0.403226
v -0.209677 0.500000 -0.403226
v -0.177419 0.500000 -0.403226
v -0.145161 0.500000 -0.403226
v -0.112903 0.500000 -0.403226
v -0.080645 0.500000 -0.403226
v -0.048387 0.500000 -0.403226
v -0.016129 0.500000 -0.403226
v 0.016129 0.500000 -0.403226
v 0.048387 0.500000 -0.403226
v 0.080645 0.500000 -0.403226
v 0.112903 0.500000 -0.403226
v 0.145161 0.500000 -0.403226
v 0.177419 0.500000 -0.403226
v 0.209677 0.500000 -0.403226
v 0.241935 0.500000 -0.403226
v 0.274194 0.500000 -0.403226
v 0.306452 0.500000 -0.403226
v 0.338710 0.500000 -0.403226
v 0.370968 0.500000 -0.403226
v 0.403226 0.500000 -0.403226
v 0.435484 0.500000 -0.403226
v 0.467742 0.500000 -0.403226
v 0.500000 0.500000 -0.403226
v -0.500000 0.500000 -0.435484
v -0.467742 0.500000 -0.435484
v -0.435484 0.500000 -0.435484
v -0.403226 0.500000 -0.435484
v -0.370968 0.500000 -0.435484
v -0.338710 0.500000 -0.435484
v -0.306452 0.500000 -0.435484
v -0.274194 0.500000 -0.435484
v -0.241935 0.500000 -0.435484
v -0.209677 0.500000 -0.435484
v -0.177419 0.500000 -0.435484
v -0.145161 0.500000 -0.435484
v -0.112903 0.500000 -0.435484
v -0.080645 0.500000 -0.435484
v -0.048387 0.500000 -0.435484
v -0.016129 0.500000 -0.435484
v 0.016129 0.500000 -0.435484
v 0.048387 0.500000 -0.435484
v 0.080645 0.500000 -0.435484
v 0.112903 0.500000 -0.435484
v 0.145161 0.500000 -0.435484
v 0.177419 0.500000 -0.435484
v 0.209677 0.500000 -0.435484
v 0.241935 0.500000 -0.435484
v 0.274194 0.500000 -0.435484
v 0.306452 0.500000 -0.435484
v 0.338710 0.500000 -0.435484
v 0.370968 0.500000 -0.435484
v 0.403226 0.500000 -0.435484
v 0.435484 0.500000 -0.435484
v 0.467742 0.500000 -0.435484
v 0.500000 0.500000 -0.435484
v -0.500000 0.500000 -0.467742
v -0.467742 0.500000 -0.467742
v -0.435484 0.500000 -0.467742
v -0.403226 0.500000 -0.467742
v -0.370968 0.500000 -0.467742
v -0.338710 0.500000 -0.467742
v -0.306452 0.500000 -0.467742
v -0.274194 0.500000 -0.467742
v -0.241935 0.500000 -0.467742
v -0.209677 0.500000 -0.467742
v -0.177419 0.500000 -0.467742
v -0.145161 0.500000 -0.467742
v -0.112903 0.500000 -0.467742
v -0.080645 0.500000 -0.467742
v -0.048387 0.500000 -0.467742
v -0.016129 0.500000 -0.467742
v 0.016129 0.500000 -0.467742
v 0.048387 0.500000 -0.467742
v 0.080645 0.500000 -0.467742
v 0.112903 0.500000 -0.467742
v 0.145161 0.500000 -0.467742
v 0.177419 0.500000 -0.467742
v 0.209677 0.500000 -0.467742
v 0.241935 0.500000 -0.467742
v 0.274194 0.500000 -0.467742
v 0.306452 0.500000 -0.467742
v 0.338710 0.500000 -0.467742
v 0.370968 0.500000 -0.467742
v 0.403226 0.500000 -0.467742
v 0.435484 0.500000 -0.467742
v 0.467742 0.500000 -0.467742
v 0.500000 0.500000 -0.467742
v -0.500000 0.500000 -0.500000
v -0.467742 0.500000 -0.500000
v -0.435484 0.500000 -0.500000
v -0.403226 0.500000 -0.500000
v -0.370968 0.500000 -0.500000
v -0.338710 0.500000 -0.500000
v -0.306452 0.500000 -0.500000
v -0.274194 0.500000 -0.500000
v -0.241935 0.500000 -0.500000
v -0.209677 0.500000 -0.500000
v -0.177419 0.500000 -0.500000
v -0.145161 0.500000 -0.500000
v -0.112903 0.500000 -0.500000
v -0.080645 0.500000 -0.500000
v -0.048387 0.500000 -0.500000
v -0.016129 0.500000 -0.500000
v 0.016129 0.500000 -0.500000
v 0.048387 0.500000 -0.500000
v 0.080645 0.500000 -0.500000
v 0.112903 0.500000 -0.500000
v 0.145161 0.500000 -0.500000
v 0.177419 0.500000 -0.500000
v 0.209677 0.500000 -0.500000
v 0.241935 0.500000 -0.500000
v 0.274194 0.500000 -0.500000
v 0.306452 0.500000 -0.500000
v 0.338710 0.500000 -0.500000
v 0.370968 0.500000 -0.500000
v 0.403226 0.500000 -0.500000
v 0.435484 0.500000 -0.500000
v 0.467742 0.500000 -0.500000
v 0.500000 0.500000 -0.500000
vn -0.0000 -1.0000 -0.0000
vn -0.0000 -0.0000 1.0000
vn -0.0000 1.0000 -0.0000
vn -0.0000 -0.0000 -1.0000
vn -1.0000 -0.0000 -0.0000
vn 1.0000 -0.0000 -0.0000
s 0
f 33//1 2//1 1//1
f 34//1 3//1 2//1
f 35//1 4//1 3//1
f 36//1 5//1 4//1
f 37//1 6//1 5//1
f 38//1 7//1 6//1
f 39//1 8//1 7//1
f 40//1 9//1 8//1
f 41//1 10//1 9//1
f 42//1 11//1 10//1
f 43//1 12//1 11//1
f 44//1 13//1 12//1
f 45//1 14//1 13//1
f 46//1 15//1 14//1
f 47//1 16//1 15//1
f 48//1 17//1 16//1
f 49//1 18//1 17//1
f 50//1 19//1 18//1
f 51//1 20//1 19//1
f 52//1 21//1 20//1
f 53//1 22//1 21//1
f 54//1 23//1 22//1
f 55//1 24//1 23//1
f 56//1 25//1 24//1
f 57//1 26//1 25//1
f 58//1 27//1 26//1
f 59//1 28//1 27//1
f 60//1 29//1 28//1
f 61//1 30//1 29//1
f 62//1 31//1 30//1
f 63//1 32//1 31//1
f 65//1 34//1 33//1
f 66//1 35//1 34//1
f 67//1 36//1 35//1
f 68//1 37//1 36//1
f 69//1 38//1 37//1
f 70//1 39//1 38//1
f 71//1 40//1 39//1
f 72//1 41//1 40//1
f 73//1 42//1 41//1
f 74//1 43//1 42//1
f 75//1 44//1 43//1
f 76//1 45//1 44//1
f 77//1 46//1 45//1
f 78//1 47//1 46//1
f 79//1 48//1 47//1
f 80//1 49//1 48//1
f 81//1 50//1 49//1
f 82//1 51//1 50//1
f 83//1 52//1 51//1
f 84//1 53//1 52//1
f 85//1 54//1 53//1
f 86//1 55//1 54//1
f 87//1 56//1 55//1
f 88//1 57//1 56//1
f 89//1 58//1 57//1
f 90//1 59//1 58//1
f 91//1 60//1 59//1
f 92//1 61//1 60//1
f 93//1 62//1 61//1
f 94//1 63//1 62//1
f 95//1 64//1 63//1
f 97//1 66//1 65//1
f 98//1 67//1 66//1
f 99//1 68//1 67//1
f 100//1 69//1 68//1
f 101//1 70//1 69//1
f 102//1 71//1 70//1
f 103//1 72//1 71//1
f 104//1 73//1 72//1
f 105//1 74//1 73//1
f 106//1 75//1 74//1
f 107//1 76//1 75//1
f 108//1 77//1 76//1
f 109//1 78//1 77//1
f 110//1 79//1 78//1
f 111//1 80//1 79//1
f 112//1 81//1 80//1
f 113//1 82//1 81//1
f 114//1 83//1 82//1
f 115//1 84//1 83//1
f 116//1 85//1 84//1
f 117//1 86//1 85//1
f 118//1 87//1 86//1
f 119//1 88//1 87//1
f 120//1 89//1 88//1
f 121//1 90//1 89//1
f 122//1 91//1 90//1
f 123//1 92//1 91//1
f 124//1 93//1 92//1
f 125//1 94//1 93//1
f 126//1 95//1 94//1
f 127//1 96//1 95//1
f 129//1 98//1 97//1
f 130//1 99//1 98//1
f 131//1 100//1 99//1
f 132//1 101//1 100//1
f 133//1 102//1 101//1
f 134//1 103//1 102//1
f 135//1 104//1 103//1
f 136//1 105//1 104//1
f 137//1 106//1 105//1
f 138//1 107//1 106//1
f 139//1 108//1 107//1
f 140//1 109//1 108//1
f 141//1 110//1 109//1
f 142//1 111//1 110//1
f 143//1 112//1 111//1
f 144//1 113//1 112//1
f 145//1 114//1 113//1
f 146//1 115//1 114//1
f 147//1 116//1 115//1
f 148//1 117//1 116//1
f 149//1 118//1 117//1
f 150//1 119//1 118//1
f 151//1 120//1 119//1
f 152//1 121//1 120//1
f 153//1 122//1 121//1
f 154//1 123//1 122//1
f 155//1 124//1 123//1
f 156//1 125//1 124//1
f 157//1 126//1 125//1
f 158//1 127//1 126//1
f 159//1 128//1 127//1
f 161//1 130//1 129//1
f 162//1 131//1 130//1
f 163//1 132//1 131//1
f 164//1 133//1 132//1
f 165//1 134//1 133//1
f 166//1 135//1 134//1
f 167//1 136//1 135//1
f 168//1 137//1 136//1
f 169//1 138//1 137//1
f 170//1 139//1 138//1
f 171//1 140//1 139//1
f 172//1 141//1 140//1
f 173//1 142//1 141//1
f 174//1 143//1 142//1
f 175//1 144//1 143//1
f 176//1 145//1 144//1
f 177//1 146//1 145//1
f 178//1 147//1 146//1
f 179//1 148//1 147//1
f 180//1 149//1 148//1
f 181//1 150//1 149//1
f 182//1 151//1 150//1
f 183//1 152//1 151//1
f 184//1 153//1 152//1
f 185//1 154//1 153//1
f 186//1 155//1 154//1
f 187//1 156//1 155//1
f 188//1 157//1 156//1
f 189//1 158//1 157//1
f 190//1 159//1 158//1
f 191//1 160//1 159//1
f 193//1 162//1 161//1
f 194//1 163//1 162//1
f 195//1 164//1 163//1
f 196//1 165//1 164//1
f 197//1 166//1 165//1
f 198//1 167//1 166//1
f 199//1 168//1 167//1
f 200//1 169//1 168//1
f 201//1 170//1 169//1
f 202//1 171//1 170//1
f 203//1 172//1 171//1
f 204//1 173//1 172//1
f 205//1 174//1 173//1
f 206//1 175//1 174//1
f 207//1 176//1 175//1
f 208//1 177//1 176//1
f 209//1 178//1 177//1
f 210//1 179//1 178//1
f 211//1 180//1 179//1
f 212//1 181//1 180//1
f 213//1 182//1 181//1
f 214//1 183//1 182//1
f 215//1 184//1 183//1
f 216//1 185//1 184//1
f 217//1 186//1 185//1
f 218//1 187//1 186//1
f 219//1 188//1 187//1
f 220//1 189//1 188//1
f 221//1 190//1 189//1
f 222//1 191//1 190//1
f 223//1 192//1 191//1
f 225//1 194//1 193//1
f 226//1 195//1 194//1
f 227//1 196//1 195//1
f 228//1 197//1 196//1
f 229//1 198//1 197//1
f 230//1 199//1 198//1
f 231//1 200//1 199//1
f 232//1 201//1 200//1
f 233//1 202//1 201//1
f 234//1 203//1 202//1
f 235//1 204//1 203//1
f 236//1 205//1 204//1
f 237//1 206//1 205//1
f 238//1 207//1 206//1
f 239//1 208//1 207//1
f 240//1 209//1 208//1
f 241//1 210//1 209//1
f 242//1 211//1 210//1
f 243//1 212//1 211//1
f 244//1 213//1 212//1
f 245//1 214//1 213//1
f 246//1 215//1 214//1
f 247//1 216//1 215//1
f 248//1 217//1 216//1
f 249//1 218//1 217//1
f 250//1 219//1 218//1
f 251//1 220//1 219//1
f 252//1 221//1 220//1
f 253//1 222//1 221//1
f 254//1 223//1 222//1
f 255//1 224//1 223//1
f 257//1 226//1 225//1
f 258//1 227//1 226//1
f 259//1 228//1 227//1
f 260//1 229//1 228//1
f 261//1 230//1 229//1
f 262//1 231//1 230//1
f 263//1 232//1 231//1
f 264//1 233//1 232//1
f 265//1 234//1 233//1
f 266//1 235//1 234//1
f 267//1 236//1 235//1
f 268//1 237//1 236//1
f 269//1 238//1 237//1
f 270//1 239//1 238//1
f 271//1 240//1 239//1
f 272//1 241//1 240//1
f 273//1 242//1 241//1
f 274//1 243//1 242//1
f 275//1 244//1 243//1
f 276//1 245//1 244//1
f 277//1 246//1 245//1
f 278//1 247//1 246//1
f 279//1 248//1 247//1
f 280//1 249//1 248//1
f 281//1 250//1 249//1
f 282//1 251//1 250//1
f 283//1 252//1 251//1
f 284//1 253//1 252//1
f 285//1 254//1 253//1
f 286//1 255//1 254//1
f 287//1 256//1 255//1
f 289//1 258//1 257//1
f 290//1 259//1 258//1
f 291//1 260//1 259//1
f 292//1 261//1 260//1
f 293//1 262//1 261//1
f 294//1 263//1 262//1
f 295//1 264//1 263//1
f 296//1 265//1 264//1
f 297//1 266//1 265//1
f 298//1 267//1 266//1
f 299//1 268//1 267//1
f 300//1 269//1 268//1
f 301//1 270//1 269//1
f 302//1 271//1 270//1
f 303//1 272//1 271//1
f 304//1 273//1 272//1
f 305//1 274//1 273//1
f 306//1 275//1 274//1
f 307//1 276//1 275//1
f 308//1 277//1 276//1
f 309//1 278//1 277//1
f 310//1 279//1 278//1
f 311//1 280//1 279//1
f 312//1 281//1 280//1
f 313//1 282//1 281//1
f 314//1 283//1 282//1
f 315//1 284//1 283//1
f 316//1 285//1 284//1
f 317//1 286//1 285//1
f 318//1 287//1 286//1
f 319//1 288//1 287//1
f 321//1 290//1 289//1
f 322//1 291//1 290//1
f 323//1 292//1 291//1
f 324//1 293//1 292//1
f 325//1 294//1 293//1
f 326//1 295//1 294//1
f 327//1 296//1 295//1
f 328//1 297//1 296//1
f 329//1 298//1 297//1
f 330//1 299//1 298//1
f 331//1 300//1 299//1
f 332//1 301//1 300//1
f 333//1 302//1 301//1
f 334//1 303//1 302//1
f 335//1 304//1 303//1
f 336//1 305//1 304//1
f 337//1 306//1 305//1
f 338//1 307//1 306//1
f 339//1 308//1 307//1
f 340//1 309//1 308//1
f 341//1 310//1 309//1
f 342//1 311//1 310//1
f 343//1 312//1 311//1
f 344//1 313//1 312//1
f 345//1 314//1 313//1
f 346//1 315//1 314//1
f 347//1 316//1 315//1
f 348//1 317//1 316//1
f 349//1 318//1 317//1
f 350//1 319//1 318//1
f 351//1 320//1 319//1
f 353//1 322//1 321//1
f 354//1 323//1 322//1
f 355//1 324//1 323//1
f 356//1 325//1 324//1
f 357//1 326//1 325//1
f 358//1 327//1 326//1
f 359//1 328//1 327//1
f 360//1 329//1 328//1
f 361//1 330//1 329//1
f 362//1 331//1 330//1
f 363//1 332//1 331//1
f 364//1 333//1 332//1
f 365//1 334//1 333//1
f 366//1 335//1 334//1
f 367//1 336//1 335//1
f 368//1 337//1 336//1
f 369//1 338//1 337//1
f 370//1 339//1 338//1
f 371//1 340//1 339//1
f 372//1 341//1 340//1
f 373//1 342//1 341//1
f 374//1 343//1 342//1
f 375//1 344//1 343//1
f 376//1 345//1 344//1
f 377//1 346//1 345//1
f 378//1 347//1 346//1
f 379//1 348//1 347//1
f 380//1 349//1 348//1
f 381//1 350//1 349//1
f 382//1 351//1 350//1
f 383//1 352//1 351//1
f 385//1 354//1 353//1
f 386//1 355//1 354//1
f 387//1 356//1 355//1
f 388//1 357//1 356//1
f 389//1 358//1 357//1
f 390//1 359//1 358//1
f 391//1 360//1 359//1
f 392//1 361//1 360//1
f 393//1 362//1 361//1
f 394//1 363//1 362//1
f 395//1 364//1 363//1
f 396//1 365//1 364//1
f 397//1 366//1 365//1
f 398//1 367//1 366//1
f 399//1 368//1 367//1
f 400//1 369//1 368//1
f 401//1 370//1 369//1
f 402//1 371//1 370//1
f 403//1 372//1 371//1
f 404//1 373//1 372//1
f 405//1 374//1 373//1
f 406//1 375//1 374//1
f 407//1 376//1 375//1
f 408//1 377//1 376//1
f 409//1 378//1 377//1
f 410//1 379//1 378//1
f 411//1 380//1 379//1
f 412//1 381//1 380//1
f 413//1 382//1 381//1
f 414//1 383//1 382//1
f 415//1 384//1 383//1
f 417//1 386//1 385//1
f 418//1 387//1 386//1
f 419//1 388//1 387//1
f 420//1 389//1 388//1
f 421//1 390//1 389//1
f 422//1 391//1 390//1
f 423//1 392//1 391//1
f 424//1 393//1 392//1
f 425//1 394//1 393//1
f 426//1 395//1 394//1
f 427//1 396//1 395//1
f 428//1 397//1 396//1
f 429//1 398//1 397//1
f 430//1 399//1 398//1
f 431//1 400//1 399//1
f 432//1 401//1 400//1
f 433//1 402//1 401//1
f 434//1 403//1 402//1
f 435//1 404//1 403//1
f 436//1 405//1 404//1
f 437//1 406//1 405//1
f 438//1 407//1 406//1
f 439//1 408//1 407//1
f 440//1 409//1 408//1
f 441//1 410//1 409//1
f 442//1 411//1 410//1
f 443//1 412//1 411//1
f 444//1 413//1 412//1
f 445//1 414//1 413//1
f 446//1 415//1 414//1
f 447//1 416//1 415//1
f 449//1 418//1 417//1
f 450//1 419//1 418//1
f 451//1 420//1 419//1
f 452//1 421//1 420//1
f 453//1 422//1 421//1
f 454//1 423//1 422//1
f 455//1 424//1 423//1
f 456//1 425//1 424//1
f 457//1 426//1 425//1
f 458//1 427//1 426//1
f 459//1 428//1 427//1
f 460//1 429//1 428//1
f 461//1 430//1 429//1
f 462//1 431//1 430//1
f 463//1 432//1 431//1
f 464//1 433//1 432//1
f 465//1 434//1 433//1
f 466//1 435//1 434//1
f 467//1 436//1 435//1
f 468//1 437//1 436//1
f 469//1 438//1 437//1
f 470//1 439//1 438//1
f 471//1 440//1 439//1
f 472//1 441//1 440//1
f 473//1 442//1 441//1
f 474//1 443//1 442//1
f 475//1 444//1 443//1
f 476//1 445//1 444//1
f 477//1 446//1 445//1
f 478//1 447//1 446//1
f 479//1 448//1 447//1
f 481//1 450//1 449//1
f 482//1 451//1 450//1
f 483//1 452//1 451//1
f 484//1 453//1 452//1
f 485//1 454//1 453//1
f 486//1 455//1 454//1
f 487//1 456//1 455//1
f 488//1 457//1 456//1
f 489//1 458//1 457//1
f 490//1 459//1 458//1
f 491//1 460//1 459//1
f 492//1 461//1 460//1
f 493//1 462//1 461//1
f 494//1 463//1 462//1
f 495//1 464//1 463//1
f 496//1 465//1 464//1
f 497//1 466//1 465//1
f 498//1 467//1 466//1
f 499//1 468//1 467//1
f 500//1 469//1 468//1
f 501//1 470//1 469//1
f 502//1 471//1 470//1
f 503//1 472//1 471//1
f 504//1 473//1 472//1
f 505//1 474//1 473//1
f 506//1 475//1 474//1
f 507//1 476//1 475//1
f 508//1 477//1 476//1
f 509//1 478//1 477//1
f 510//1 479//1 478//1
f 511//1 480//1 479//1
f 513//1 482//1 481//1
f 514//1 483//1 482//1
f 515//1 484//1 483//1
f 516//1 485//1 484//1
f 517//1 486//1 485//1
f 518//1 487//1 486//1
f 519//1 488//1 487//1
f 520//1 489//1 488//1
f 521//1 490//1 489//1
f 522//1 491//1 490//1
f 523//1 492//1 491//1
f 524//1 493//1 492//1
f 525//1 494//1 493//1
f 526//1 495//1 494//1
f 527//1 496//1 495//1
f 528//1 497//1 496//1
f 529//1 498//1 497//1
f 530//1 499//1 498//1
f 531//1 500//1 499//1
f 532//1 501//1 500//1
f 533//1 502//1 501//1
f 534//1 503//1 502//1
f 535//1 504//1 503//1
f 536//1 505//1 504//1
f 537//1 506//1 505//1
f 538//1 507//1 506//1
f 539//1 508//1 507//1
f 540//1 509//1 508//1
f 541//1 510//1 509//1
f 542//1 511//1 510//1
f 543//1 512//1 511//1
f 545//1 514//1 513//1
f 546//1 515//1 514//1
f 547//1 516//1 515//1
f 548//1 517//1 516//1
f 549//1 518//1 517//1
f 550//1 519//1 518//1
f 551//1 520//1 519//1
f 552//1 521//1 520//1
f 553//1 522//1 521//1
f 554//1 523//1 522//1
f 555//1 524//1 523//1
f 556//1 525//1 524//1
f 557//1 526//1 525//1
f 558//1 527//1 526//1
f 559//1 528//1 527//1
f 560//1 529//1 528//1
f 561//1 530//1 529//1
f 562//1 531//1 530//1
f 563//1 532//1 531//1
f 564//1 533//1 532//1
f 565//1 534//1 533//1
f 566//1 535//1 534//1
f 567//1 536//1 535//1
f 568//1 537//1 536//1
f 569//1 538//1 537//1
f 570//1 539//1 538//1
f 571//1 540//1 539//1
f 572//1 541//1 540//1
f 573//1 542//1 541//1
f 574//1 543//1 542//1
f 575//1 544//1 543//1
f 577//1 546//1 545//1
f 578//1 547//1 546//1
f 579//1 548//1 547//1
f 580//1 549//1 548//1
f 581//1 550//1 549//1
f 582//1 551//1 550//1
f 583//1 552//1 551//1
f 584//1 553//1 552//1
f 585//1 554//1 553//1
f 586//1 555//1 554//1
f 587//1 556//1 555//1
f 588//1 557//1 556//1
f 589//1 558//1 557//1
f 590//1 559//1 558//1
f 591//1 560//1 559//1
f 592//1 561//1 560//1
f 593//1 562//1 561//1
f 594//1 563//1 562//1
f 595//1 564//1 563//1
f 596//1 565//1 564//1
f 597//1 566//1 565//1
f 598//1 567//1 566//1
f 599//1 568//1 567//1
f 600//1 569//1 568//1
f 601//1 570//1 569//1
f 602//1 571//1 570//1
f 603//1 572//1 571//1
f 604//1 573//1 572//1
f 605//1 574//1 573//1
f 606//1 575//1 574//1
f 607//1 576//1 575//1
f 609//1 578//1 577//1
f 610//1 579//1 578//1
f 611//1 580//1 579//1
f 612//1 581//1 580//1
f 613//1 582//1 581//1
f 614//1 583//1 582//1
f 615//1 584//1 583//1
f 616//1 585//1 584//1
f 617//1 586//1 585//1
f 618//1 587//1 586//1
f 619//1 588//1 587//1
f 620//1 589//1 588//1
f 621//1 590//1 589//1
f 622//1 591//1 590//1
f 623//1 592//1 591//1
f 624//1 593//1 592//1
f 625//1 594//1 593//1
f 626//1 595//1 594//1
f 627//1 596//1 595//1
f 628//1 597//1 596//1
f 629//1 598//1 597//1
f 630//1 599//1 598//1
f 631//1 600//1 599//1
f 632//1 601//1 600//1
f 633//1 602//1 601//1
f 634//1 603//1 602//1
f 635//1 604//1 603//1
f 636//1 605//1 604//1
f 637//1 606//1 605//1
f 638//1 607//1 606//1
f 639//1 608//1 607//1
f 641//1 610//1 609//1
f 642//1 611//1 610//1
f 643//1 612//1 611//1
f 644//1 613//1 612//1
f 645//1 614//1 613//1
f 646//1 615//1 614//1
f 647//1 616//1 615//1
f 648//1 617//1 616//1
f 649//1 618//1 617//1
f 650//1 619//1 618//1
f 651//1 620//1 619//1
f 652//1 621//1 620//1
f 653//1 622//1 621//1
f 654//1 623//1 622//1
f 655//1 624//1 623//1
f 656//1 625//1 624//1
f 657//1 626//1 625//1
f 658//1 627//1 626//1
f 659//1 628//1 627//1
f 660//1 629//1 628//1
f 661//1 630//1 629//1
f 662//1 631//1 630//1
f 663//1 632//1 631//1
f 664//1 633//1 632//1
f 665//1 634//1 633//1
f 666//1 635//1 634//1
f 667//1 636//1 635//1
f 668//1 637//1 636//1
f 669//1 638//1 637//1
f 670//1 639//1 638//1
f 671//1 640//1 639//1
f 673//1 642//1 641//1
f 674//1 643//1 642//1
f 675//1 644//1 643//1
f 676//1 645//1 644//1
f 677//1 646//1 645//1
f 678//1 647//1 646//1
f 679//1 648//1 647//1
f 680//1 649//1 648//1
f 681//1 650//1 649//1
f 682//1 651//1 650//1
f 683//1 652//1 651//1
f 684//1 653//1 652//1
f 685//1 654//1 653//1
f 686//1 655//1 654//1
f 687//1 656//1 655//1
f 688//1 657//1 656//1
f 689//1 658//1 657//1
f 690//1 659//1 658//1
f 691//1 660//1 659//1
f 692//1 661//1 660//1
f 693//1 662//1 661//1
f 694//1 663//1 662//1
f 695//1 664//1 663//1
f 696//1 665//1 664//1
f 697//1 666//1 665//1
f 698//1 667//1 666//1
f 699//1 668//1 667//1
f 700//1 669//1 668//1
f 701//1 670//1 669//1
f 702//1 671//1 670//1
f 703//1 672//1 671//1
f 705//1 674//1 673//1
f 706//1 675//1 674//1
f 707//1 676//1 675//1
f 708//1 677//1 676//1
f 709//1 678//1 677//1
f 710//1 679//1 678//1
f 711//1 680//1 679//1
f 712//1 681//1 680//1
f 713//1 682//1 681//1
f 714//1 683//1 682//1
f 715//1 684//1 683//1
f 716//1 685//1 684//1
f 717//1 686//1 685//1
f 718//1 687//1 686//1
f 719//1 688//1 687//1
f 720//1 689//1 688//1
f 721//1 690//1 689//1
f 722//1 691//1 690//1
f 723//1 692//1 691//1
f 724//1 693//1 692//1
f 725//1 694//1 693//1
f 726//1 695//1 694//1
f 727//1 696//1 695//1
f 728//1 697//1 696//1
f 729//1 698//1 697//1
f 730//1 699//1 698//1
f 731//1 700//1 699//1
f 732//1 701//1 700//1
f 733//1 702//1 701//1
f 734//1 703//1 702//1
f 735//1 704//1 703//1
f 737//1 706//1 705//1
f 738//1 707//1 706//1
f 739//1 708//1 707//1
f 740//1 709//1 708//1
f 741//1 710//1 709//1
f 742//1 711//1 710//1
f 743//1 712//1 711//1
f 744//1 713//1 712//1
f 745//1 714//1 713//1
f 746//1 715//1 714//1
f 747//1 716//1 715//1
f 748//1 717//1 716//1
f 749//1 718//1 717//1
f 750//1 719//1 718//1
f 751//1 720//1 719//1
f 752//1 721//1 720//1
f 753//1 722//1 721//1
f 754//1 723//1 722//1
f 755//1 724//1 723//1
f 756//1 725//1 724//1
f 757//1 726//1 725//1
f 758//1 727//1 726//1
f 759//1 728//1 727//1
f 760//1 729//1 728//1
f 761//1 730//1 729//1
f 762//1 731//1 730//1
f 763//1 732//1 731//1
f 764//1 733//1 732//1
f 765//1 734//1 733//1
f 766//1 735//1 734//1
f 767//1 736//1 735//1
f 769//1 738//1 737//1
f 770//1 739//1 738//1
f 771//1 740//1 739//1
f 772//1 741//1 740//1
f 773//1 742//1 741//1
f 774//1 743//1 742//1
f 775//1 744//1 743//1
f 776//1 745//1 744//1
f 777//1 746//1 745//1
f 778//1 747//1 746//1
f 779//1 748//1 747//1
f 780//1 749//1 748//1
f 781//1 750//1 749//1
f 782//1 751//1 750//1
f 783//1 752//1 751//1
f 784//1 753//1 752//1
f 785//1 754//1 753//1
f 786//1 755//1 754//1
f 787//1 756//1 755//1
f 788//1 757//1 756//1
f 789//1 758//1 757//1
f 790//1 759//1 758//1
f 791//1 760//1 759//1
f 792//1 761//1 760//1
f 793//1 762//1 761//1
f 794//1 763//1 762//1
f 795//1 764//1 763//1
f 796//1 765//1 764//1
f 797//1 766//1 765//1
f 798//1 767//1 766//1
f 799//1 768//1 767//1
f 801//1 770//1 769//1
f 802//1 771//1 770//1
f 803//1 772//1 771//1
f 804//1 773//1 772//1
f 805//1 774//1 773//1
f 806//1 775//1 774//1
f 807//1 776//1 775//1
f 808//1 777//1 776//1
f 809//1 778//1 777//1
f 810//1 779//1 778//1
f 811//1 780//1 779//1
f 812//1 781//1 780//1
f 813//1 782//1 781//1
f 814//1 783//1 782//1
f 815//1 784//1 783//1
f 816//1 785//1 784//1
f 817//1 786//1 785//1
f 818//1 787//1 786//1
f 819//1 788//1 787//1
f 820//1 789//1 788//1
f 821//1 790//1 789//1
f 822//1 791//1 790//1
f 823//1 792//1 791//1
f 824//1 793//1 792//1
f 825//1 794//1 793//1
f 826//1 795//1 794//1
f 827//1 796//1 795//1
f 828//1 797//1 796//1
f 829//1 798//1 797//1
f 830//1 799//1 798//1
f 831//1 800//1 799//1
f 833//1 802//1 801//1
f 834//1 803//1 802//1
f 835//1 804//1 803//1
f 836//1 805//1 804//1
f 837//1 806//1 805//1
f 838//1 807//1 806//1
f 839//1 808//1 807//1
f 840//1 809//1 808//1
f 841//1 810//1 809//1
f 842//1 811//1 810//1
f 843//1 812//1 811//1
f 844//1 813//1 812//1
f 845//1 814//1 813//1
f 846//1 815//1 814//1
f 847//1 816//1 815//1
f 848//1 817//1 816//1
f 849//1 818//1 817//1
f 850//1 819//1 818//1
f 851//1 820//1 819//1
f 852//1 821//1 820//1
f 853//1 822//1 821//1
f 854//1 823//1 822//1
f 855//1 824//1 823//1
f 856//1 825//1 824//1
f 857//1 826//1 825//1
f 858//1 827//1 826//1
f 859//1 828//1 827//1
f 860//1 829//1 828//1
f 861//1 830//1 829//1
f 862//1 831//1 830//1
f 863//1 832//1 831//1
f 865//1 834//1 833//1
f 866//1 835//1 834//1
f 867//1 836//1 835//1
f 868//1 837//1 836//1
f 869//1 838//1 837//1
f 870//1 839//1 838//1
f 871//1 840//1 839//1
f 872//1 841//1 840//1
f 873//1 842//1 841//1
f 874//1 843//1 842//1
f 875//1 844//1 843//1
f 876//1 845//1 844//1
f 877//1 846//1 845//1
f 878//1 847//1 846//1
f 879//1 848//1 847//1
f 880//1 849//1 848//1
f 881//1 850//1 849//1
f 882//1 851//1 850//1
f 883//1 852//1 851//1
f 884//1 853//1 852//1
f 885//1 854//1 853//1
f 886//1 855//1 854//1
f 887//1 856//1 855//1
f 888//1 857//1 856//1
f 889//1 858//1 857//1
f 890//1 859//1 858//1
f 891//1 860//1 859//1
f 892//1 861//1 860//1
f 893//1 862//1 861//1
f 894//1 863//1 862//1
f 895//1 864//1 863//1
f 897//1 866//1 865//1
f 898//1 867//1 866//1
f 899//1 868//1 867//1
f 900//1 869//1 868//1
f 901//1 870//1 869//1
f 902//1 871//1 870//1
f 903//1 872//1 871//1
f 904//1 873//1 872//1
f 905//1 874//1 873//1
f 906//1 875//1 874//1
f 907//1 876//1 875//1
f 908//1 877//1 876//1
f 909//1 878//1 877//1
f 910//1 879//1 878//1
f 911//1 880//1 879//1
f 912//1 881//1 880//1
f 913//1 882//1 881//1
f 914//1 883//1 882//1
f 915//1 884//1 883//1
f 916//1 885//1 884//1
f 917//1 886//1 885//1
f 918//1 887//1 886//1
f 919//1 888//1 887//1
f 920//1 889//1 888//1
f 921//1 890//1 889//1
f 922//1 891//1 890//1
f 923//1 892//1 891//1
f 924//1 893//1 892//1
f 925//1 894//1 893//1
f 926//1 895//1 894//1
f 927//1 896//1 895//1
f 929//1 898//1 897//1
f 930//1 899//1 898//1
f 931//1 900//1 899//1
f 932//1 901//1 900//1
f 933//1 902//1 901//1
f 934//1 903//1 902//1
f 935//1 904//1 903//1
f 936//1 905//1 904//1
f 937//1 906//1 905//1
f 938//1 907//1 906//1
f 939//1 908//1 907//1
f 940//1 909//1 908//1
f 941//1 910//1 909//1
f 942//1 911//1 910//1
f 943//1 912//1 911//1
f 944//1 913//1 912//1
f 945//1 914//1 913//1
f 946//1 915//1 914//1
f 947//1 916//1 915//1
f 948//1 917//1 916//1
f 949//1 918//1 917//1
f 950//1 919//1 918//1
f 951//1 920//1 919//1
f 952//1 921//1 920//1
f 953//1 922//1 921//1
f 954//1 923//1 922//1
f 955//1 924//1 923//1
f 956//1 925//1 924//1
f 957//1 926//1 925//1
f 958//1 927//1 926//1
f 959//1 928//1 927//1
f 961//1 930//1 929//1
f 962//1 931//1 930//1
f 963//1 932//1 931//1
f 964//1 933//1 932//1
f 965//1 934//1 933//1
f 966//1 935//1 934//1
f 967//1 936//1 935//1
f 968//1 937//1 936//1
f 969//1 938//1 937//1
f 970//1 939//1 938//1
f 971//1 940//1 939//1
f 972//1 941//1 940//1
f 973//1 942//1 941//1
f 974//1 943//1 942//1
f 975//1 944//1 943//1
f 976//1 945//1 944//1
f 977//1 946//1 945//1
f 978//1 947//1 946//1
f 979//1 948//1 947//1
f 980//1 949//1 948//1
f 981//1 950//1 949//1
f 982//1 951//1 950//1
f 983//1 952//1 951//1
f 984//1 953//1 952//1
f 985//1 954//1 953//1
f 986//1 955//1 954//1
f 987//1 956//1 955//1
f 988//1 957//1 956//1
f 989//1 958//1 957//1
f 990//1 959//1 958//1
f 991//1 960//1 959//1
f 993//1 962//1 961//1
f 994//1 963//1 962//1
f 995//1 964//1 963//1
f 996//1 965//1 964//1
f 997//1 966//1 965//1
f 998//1 967//1 966//1
f 999//1 968//1 967//1
f 1000//1 969//1 968//1
f 1001//1 970//1 969//1
f 1002//1 971//1 970//1
f 1003//1 972//1 971//1
f 1004//1 973//1 972//1
f 1005//1 974//1 973//1
f 1006//1 975//1 974//1
f 1007//1 976//1 975//1
f 1008//1 977//1 976//1
f 1009//1 978//1 977//1
f 1010//1 979//1 978//1
f 1011//1 980//1 979//1
f 1012//1 981//1 980//1
f 1013//1 982//1 981//1
f 1014//1 983//1 982//1
f 1015//1 984//1 983//1
f 1016//1 985//1 984//1
f 1017//1 986//1 985//1
f 1018//1 987//1 986//1
f 1019//1 988//1 987//1
f 1020//1 989//1 988//1
f 1021//1 990//1 989//1
f 1022//1 991//1 990//1
f 1023//1 992//1 991//1
f 2//2 1025//2 1//2
f 3//2 1026//2 2//2
f 4//2 1027//2 3//2
f 5//2 1028//2 4//2
f 6//2 1029//2 5//2
f 7//2 1030//2 6//2
f 8//2 1031//2 7//2
f 9//2 1032//2 8//2
f 10//2 1033//2 9//2
f 11//2 1034//2 10//2
f 12//2 1035//2 11//2
f 13//2 1036//2 12//2
f 14//2 1037//2 13//2
f 15//2 1038//2 14//2
f 16//2 1039//2 15//2
f 17//2 1040//2 16//2
f 18//2 1041//2 17//2
f 19//2 1042//2 18//2
f 20//2 1043//2 19//2
f 21//2 1044//2 20//2
f 22//2 1045//2 21//2
f 23//2 1046//2 22//2
f 24//2 1047//2 23//2
f 25//2 1048//2 24//2
f 26//2 1049//2 25//2
f 27//2 1050//2 26//2
f 28//2 1051//2 27//2
f 29//2 1052//2 28//2
f 30//2 1053//2 29//2
f 31//2 1054//2 30//2
f 32//2 1055//2 31//2
f 1026//2 1149//2 1025//2
f 1027//2 1150//2 1026//2
f 1028//2 1151//2 1027//2
f 1029//2 1152//2 1028//2
f 1030//2 1153//2 1029//2
f 1031//2 1154//2 1030//2
f 1032//2 1155//2 1031//2
f 1033//2 1156//2 1032//2
f 1034//2 1157//2 1033//2
f 1035//2 1158//2 1034//2
f 1036//2 1159//2 1035//2
f 1037//2 1160//2 1036//2
f 1038//2 1161//2 1037//2
f 1039//2 1162//2 1038//2
f 1040//2 1163//2 1039//2
f 1041//2 1164//2 1040//2
f 1042//2 1165//2 1041//2
f 1043//2 1166//2 1042//2
f 1044//2 1167//2 1043//2
f 1045//2 1168//2 1044//2
f 1046//2 1169//2 1045//2
f 1047//2 1170//2 1046//2
f 1048//2 1171//2 1047//2
f 1049//2 1172//2 1048//2
f 1050//2 1173//2 1049//2
f 1051//2 1174//2 1050//2
f 1052//2 1175//2 1051//2
f 1053//2 1176//2 1052//2
f 1054//2 1177//2 1053//2
f 1055//2 1178//2 1054//2
f 1056//2 1179//2 1055//2
f 1150//2 1273//2 1149//2
f 1151//2 1274//2 1150//2
f 1152//2 1275//2 1151//2
f 1153//2 1276//2 1152//2
f 1154//2 1277//2 1153//2
f 1155//2 1278//2 1154//2
f 1156//2 1279//2 1155//2
f 1157//2 1280//2 1156//2
f 1158//2 1281//2 1157//2
f 1159//2 1282//2 1158//2
f 1160//2 1283//2 1159//2
f 1161//2 1284//2 1160//2
f 1162//2 1285//2 1161//2
f 1163//2 1286//2 1162//2
f 1164//2 1287//2 1163//2
f 1165//2 1288//2 1164//2
f 1166//2 1289//2 1165//2
f 1167//2 1290//2 1166//2
f 1168//2 1291//2 1167//2
f 1169//2 1292//2 1168//2
f 1170//2 1293//2 1169//2
f 1171//2 1294//2 1170//2
f 1172//2 1295//2 1171//2
f 1173//2 1296//2 1172//2
f 1174//2 1297//2 1173//2
f 1175//2 1298//2 1174//2
f 1176//2 1299//2 1175//2
f 1177//2 1300//2 1176//2
f 1178//2 1301//2 1177//2
f 1179//2 1302//2 1178//2
f 1180//2 1303//2 1179//2
f 1274//2 1397//2 1273//2
f 1275//2 1398//2 1274//2
f 1276//2 1399//2 1275//2
f 1277//2 1400//2 1276//2
f 1278//2 1401//2 1277//2
f 1279//2 1402//2 1278//2
f 1280//2 1403//2 1279//2
f 1281//2 1404//2 1280//2
f 1282//2 1405//2 1281//2
f 1283//2 1406//2 1282//2
f 1284//2 1407//2 1283//2
f 1285//2 1408//2 1284//2
f 1286//2 1409//2 1285//2
f 1287//2 1410//2 1286//2
f 1288//2 1411//2 1287//2
f 1289//2 1412//2 1288//2
f 1290//2 1413//2 1289//2
f 1291//2 1414//2 1290//2
f 1292//2 1415//2 1291//2
f 1293//2 1416//2 1292//2
f 1294//2 1417//2 1293//2
f 1295//2 1418//2 1294//2
f 1296//2 1419//2 1295//2
f 1297//2 1420//2 1296//2
f 1298//2 1421//2 1297//2
f 1299//2 1422//2 1298//2
f 1300//2 1423//2 1299//2
f 1301//2 1424//2 1300//2
f 1302//2 1425//2 1301//2
f 1303//2 1426//2 1302//2
f 1304//2 1427//2 1303//2
f 1398//2 1521//2 1397//2
f 1399//2 1522//2 1398//2
f 1400//2 1523//2 1399//2
f 1401//2 1524//2 1400//2
f 1402//2 1525//2 1401//2
f 1403//2 1526//2 1402//2
f 1404//2 1527//2 1403//2
f 1405//2 1528//2 1404//2
f 1406//2 1529//2 1405//2
f 1407//2 1530//2 1406//2
f 1408//2 1531//2 1407//2
f 1409//2 1532//2 1408//2
f 1410//2 1533//2 1409//2
f 1411//2 1534//2 1410//2
f 1412//2 1535//2 1411//2
f 1413//2 1536//2 1412//2
f 1414//2 1537//2 1413//2
f 1415//2 1538//2 1414//2
f 1416//2 1539//2 1415//2
f 1417//2 1540//2 1416//2
f 1418//2 1541//2 1417//2
f 1419//2 1542//2 1418//2
f 1420//2 1543//2 1419//2
f 1421//2 1544//2 1420//2
f 1422//2 1545//2 1421//2
f 1423//2 1546//2 1422//2
f 1424//2 1547//2 1423//2
f 1425//2 1548//2 1424//2
f 1426//2 1549//2 1425//2
f 1427//2 1550//2 1426//2
f 1428//2 1551//2 1427//2
f 1522//2 1645//2 1521//2
f 1523//2 1646//2 1522//2
f 1524//2 1647//2 1523//2
f 1525//2 1648//2 1524//2
f 1526//2 1649//2 1525//2
f 1527//2 1650//2 1526//2
f 1528//2 1651//2 1527//2
f 1529//2 1652//2 1528//2
f 1530//2 1653//2 1529//2
f 1531//2 1654//2 1530//2
f 1532//2 1655//2 1531//2
f 1533//2 1656//2 1532//2
f 1534//2 1657//2 1533//2
f 1535//2 1658//2 1534//2
f 1536//2 1659//2 1535//2
f 1537//2 1660//2 1536//2
f 1538//2 1661//2 1537//2
f 1539//2 1662//2 1538//2
f 1540//2 1663//2 1539//2
f 1541//2 1664//2 1540//2
f 1542//2 1665//2 1541//2
f 1543//2 1666//2 1542//2
f 1544//2 1667//2 1543//2
f 1545//2 1668//2 1544//2
f 1546//2 1669//2 1545//2
f 1547//2 1670//2 1546//2
f 1548//2 1671//2 1547//2
f 1549//2 1672//2 1548//2
f 1550//2 1673//2 1549//2
f 1551//2 1674//2 1550//2
f 1552//2 1675//2 1551//2
f 1646//2 1769//2 1645//2
f 1647//2 1770//2 1646//2
f 1648//2 1771//2 1647//2
f 1649//2 1772//2 1648//2
f 1650//2 1773//2 1649//2
f 1651//2 1774//2 1650//2
f 1652//2 1775//2 1651//2
f 1653//2 1776//2 1652//2
f 1654//2 1777//2 1653//2
f 1655//2 1778//2 1654//2
f 1656//2 1779//2 1655//2
f 1657//2 1780//2 1656//2
f 1658//2 1781//2 1657//2
f 1659//2 1782//2 1658//2
f 1660//2 1783//2 1659//2
f 1661//2 1784//2 1660//2
f 1662//2 1785//2 1661//2
f 1663//2 1786//2 1662//2
f 1664//2 1787//2 1663//2
f 1665//2 1788//2 1664//2
f 1666//2 1789//2 1665//2
f 1667//2 1790//2 1666//2
f 1668//2 1791//2 1667//2
f 1669//2 1792//2 1668//2
f 1670//2 1793//2 1669//2
f 1671//2 1794//2 1670//2
f 1672//2 1795//2 1671//2
f 1673//2 1796//2 1672//2
f 1674//2 1797//2 1673//2
f 1675//2 1798//2 1674//2
f 1676//2 1799//2 1675//2
f 1770//2 1893//2 1769//2
f 1771//2 1894//2 1770//2
f 1772//2 1895//2 1771//2
f 1773//2 1896//2 1772//2
f 1774//2 1897//2 1773//2
f 1775//2 1898//2 1774//2
f 1776//2 1899//2 1775//2
f 1777//2 1900//2 1776//2
f 1778//2 1901//2 1777//2
f 1779//2 1902//2 1778//2
f 1780//2 1903//2 1779//2
f 1781//2 1904//2 1780//2
f 1782//2 1905//2 1781//2
f 1783//2 1906//2 1782//2
f 1784//2 1907//2 1783//2
f 1785//2 1908//2 1784//2
f 1786//2 1909//2 1785//2
f 1787//2 1910//2 1786//2
f 1788//2 1911//2 1787//2
f 1789//2 1912//2 1788//2
f 1790//2 1913//2 1789//2
f 1791//2 1914//2 1790//2
f 1792//2 1915//2 1791//2
f 1793//2 1916//2 1792//2
f 1794//2 1917//2 1793//2
f 1795//2 1918//2 1794//2
f 1796//2 1919//2 1795//2
f 1797//2 1920//2 1796//2
f 1798//2 1921//2 1797//2
f 1799//2 1922//2 1798//2
f 1800//2 1923//2 1799//2
f 1894//2 2017//2 1893//2
f 1895//2 2018//2 1894//2
f 1896//2 2019//2 1895//2
f 1897//2 2020//2 1896//2
f 1898//2 2021//2 1897//2
f 1899//2 2022//2 1898//2
f 1900//2 2023//2 1899//2
f 1901//2 2024//2 1900//2
f 1902//2 2025//2 1901//2
f 1903//2 2026//2 1902//2
f 1904//2 2027//2 1903//2
f 1905//2 2028//2 1904//2
f 1906//2 2029//2 1905//2
f 1907//2 2030//2 1906//2
f 1908//2 2031//2 1907//2
f 1909//2 2032//2 1908//2
f 1910//2 2033//2 1909//2
f 1911//2 2034//2 1910//2
f 1912//2 2035//2 1911//2
f 1913//2 2036//2 1912//2
f 1914//2 2037//2 1913//2
f 1915//2 2038//2 1914//2
f 1916//2 2039//2 1915//2
f 1917//2 2040//2 1916//2
f 1918//2 2041//2 1917//2
f 1919//2 2042//2 1918//2
f 1920//2 2043//2 1919//2
f 1921//2 2044//2 1920//2
f 1922//2 2045//2 1921//2
f 1923//2 2046//2 1922//2
f 1924//2 2047//2 1923//2
f 2018//2 2141//2 2017//2
f 2019//2 2142//2 2018//2
f 2020//2 2143//2 2019//2
f 2021//2 2144//2 2020//2
f 2022//2 2145//2 2021//2
f 2023//2 2146//2 2022//2
f 2024//2 2147//2 2023//2
f 2025//2 2148//2 2024//2
f 2026//2 2149//2 2025//2
f 2027//2 2150//2 2026//2
f 2028//2 2151//2 2027//2
f 2029//2 2152//2 2028//2
f 2030//2 2153//2 2029//2
f 2031//2 2154//2 2030//2
f 2032//2 2155//2 2031//2
f 2033//2 2156//2 2032//2
f 2034//2 2157//2 2033//2
f 2035//2 2158//2 2034//2
f 2036//2 2159//2 2035//2
f 2037//2 2160//2 2036//2
f 2038//2 2161//2 2037//2
f 2039//2 2162//2 2038//2
f 2040//2 2163//2 2039//2
f 2041//2 2164//2 2040//2
f 2042//2 2165//2 2041//2
f 2043//2 2166//2 2042//2
f 2044//2 2167//2 2043//2
f 2045//2 2168//2 2044//2
f 2046//2 2169//2 2045//2
f 2047//2 2170//2 2046//2
f 2048//2 2171//2 2047//2
f 2142//2 2265//2 2141//2
f 2143//2 2266//2 2142//2
f 2144//2 2267//2 2143//2
f 2145//2 2268//2 2144//2
f 2146//2 2269//2 2145//2
f 2147//2 2270//2 2146//2
f 2148//2 2271//2 2147//2
f 2149//2 2272//2 2148//2
f 2150//2 2273//2 2149//2
f 2151//2 2274//2 2150//2
f 2152//2 2275//2 2151//2
f 2153//2 2276//2 2152//2
f 2154//2 2277//2 2153//2
f 2155//2 2278//2 2154//2
f 2156//2 2279//2 2155//2
f 2157//2 2280//2 2156//2
f 2158//2 2281//2 2157//2
f 2159//2 2282//2 2158//2
f 2160//2 2283//2 2159//2
f 2161//2 2284//2 2160//2
f 2162//2 2285//2 2161//2
f 2163//2 2286//2 2162//2
f 2164//2 2287//2 2163//2
f 2165//2 2288//2 2164//2
f 2166//2 2289//2 2165//2
f 2167//2 2290//2 2166//2
f 2168//2 2291//2 2167//2
f 2169//2 2292//2 2168//2
f 2170//2 2293//2 2169//2
f 2171//2 2294//2 2170//2
f 2172//2 2295//2 2171//2
f 2266//2 2389//2 2265//2
f 2267//2 2390//2 2266//2
f 2268//2 2391//2 2267//2
f 2269//2 2392//2 2268//2
f 2270//2 2393//2 2269//2
f 2271//2 2394//2 2270//2
f 2272//2 2395//2 2271//2
f 2273//2 2396//2 2272//2
f 2274//2 2397//2 2273//2
f 2275//2 2398//2 2274//2
f 2276//2 2399//2 2275//2
f 2277//2 2400//2 2276//2
f 2278//2 2401//2 2277//2
f 2279//2 2402//2 2278//2
f 2280//2 2403//2 2279//2
f 2281//2 2404//2 2280//2
f 2282//2 2405//2 2281//2
f 2283//2 2406//2 2282//2
f 2284//2 2407//2 2283//2
f 2285//2 2408//2 2284//2
f 2286//2 2409//2 2285//2
f 2287//2 2410//2 2286//2
f 2288//2 2411//2 2287//2
f 2289//2 2412//2 2288//2
f 2290//2 2413//2 2289//2
f 2291//2 2414//2 2290//2
f 2292//2 2415//2 2291//2
f 2293//2 2416//2 2292//2
f 2294//2 2417//2 2293//2
f 2295//2 2418//2 2294//2
f 2296//2 2419//2 2295//2
f 2390//2 2513//2 2389//2
f 2391//2 2514//2 2390//2
f 2392//2 2515//2 2391//2
f 2393//2 2516//2 2392//2
f 2394//2 2517//2 2393//2
f 2395//2 2518//2 2394//2
f 2396//2 2519//2 2395//2
f 2397//2 2520//2 2396//2
f 2398//2 2521//2 2397//2
f 2399//2 2522//2 2398//2
f 2400//2 2523//2 2399//2
f 2401//2 2524//2 2400//2
f 2402//2 2525//2 2401//2
f 2403//2 2526//2 2402//2
f 2404//2 2527//2 2403//2
f 2405//2 2528//2 2404//2
f 2406//2 2529//2 2405//2
f 2407//2 2530//2 2406//2
f 2408//2 2531//2 2407//2
f 2409//2 2532//2 2408//2
f 2410//2 2533//2 2409//2
f 2411//2 2534//2 2410//2
f 2412//2 2535//2 2411//2
f 2413//2 2536//2 2412//2
f 2414//2 2537//2 2413//2
f 2415//2 2538//2 2414//2
f 2416//2 2539//2 2415//2
f 2417//2 2540//2 2416//2
f 2418//2 2541//2 2417//2
f 2419//2 2542//2 2418//2
f 2420//2 2543//2 2419//2
f 2514//2 2637//2 2513//2
f 2515//2 2638//2 2514//2
f 2516//2 2639//2 2515//2
f 2517//2 2640//2 2516//2
f 2518//2 2641//2 2517//2
f 2519//2 2642//2 2518//2
f 2520//2 2643//2 2519//2
f 2521//2 2644//2 2520//2
f 2522//2 2645//2 2521//2
f 2523//2 2646//2 2522//2
f 2524//2 2647//2 2523//2
f 2525//2 2648//2 2524//2
f 2526//2 2649//2 2525//2
f 2527//2 2650//2 2526//2
f 2528//2 2651//2 2527//2
f 2529//2 2652//2 2528//2
f 2530//2 2653//2 2529//2
f 2531//2 2654//2 2530//2
f 2532//2 2655//2 2531//2
f 2533//2 2656//2 2532//2
f 2534//2 2657//2 2533//2
f 2535//2 2658//2 2534//2
f 2536//2 2659//2 2535//2
f 2537//2 2660//2 2536//2
f 2538//2 2661//2 2537//2
f 2539//2 2662//2 2538//2
f 2540//2 2663//2 2539//2
f 2541//2 2664//2 2540//2
f 2542//2 2665//2 2541//2
f 2543//2 2666//2 2542//2
f 2544//2 2667//2 2543//2
f 2638//2 2761//2 2637//2
f 2639//2 2762//2 2638//2
f 2640//2 2763//2 2639//2
f 2641//2 2764//2 2640//2
f 2642//2 2765//2 2641//2
f 2643//2 2766//2 2642//2
f 2644//2 2767//2 2643//2
f 2645//2 2768//2 2644//2
f 2646//2 2769//2 2645//2
f 2647//2 2770//2 2646//2
f 2648//2 2771//2 2647//2
f 2649//2 2772//2 2648//2
f 2650//2 2773//2 2649//2
f 2651//2 2774//2 2650//2
f 2652//2 2775//2 2651//2
f 2653//2 2776//2 2652//2
f 2654//2 2777//2 2653//2
f 2655//2 2778//2 2654//2
f 2656//2 2779//2 2655//2
f 2657//2 2780//2 2656//2
f 2658//2 2781//2 2657//2
f 2659//2 2782//2 2658//2
f 2660//2 2783//2 2659//2
f 2661//2 2784//2 2660//2
f 2662//2 2785//2 2661//2
f 2663//2 2786//2 2662//2
f 2664//2 2787//2 2663//2
f 2665//2 2788//2 2664//2
f 2666//2 2789//2 2665//2
f 2667//2 2790//2 2666//2
f 2668//2 2791//2 2667//2
f 2762//2 2885//2 2761//2
f 2763//2 2886//2 2762//2
f 2764//2 2887//2 2763//2
f 2765//2 2888//2 2764//2
f 2766//2 2889//2 2765//2
f 2767//2 2890//2 2766//2
f 2768//2 2891//2 2767//2
f 2769//2 2892//2 2768//2
f 2770//2 2893//2 2769//2
f 2771//2 2894//2 2770//2
f 2772//2 2895//2 2771//2
f 2773//2 2896//2 2772//2
f 2774//2 2897//2 2773//2
f 2775//2 2898//2 2774//2
f 2776//2 2899//2 2775//2
f 2777//2 2900//2 2776//2
f 2778//2 2901//2 2777//2
f 2779//2 2902//2 2778//2
f 2780//2 2903//2 2779//2
f 2781//2 2904//2 2780//2
f 2782//2 2905//2 2781//2
f 2783//2 2906//2 2782//2
f 2784//2 2907//2 2783//2
f 2785//2 2908//2 2784//2
f 2786//2 2909//2 2785//2
f 2787//2 2910//2 2786//2
f 2788//2 2911//2 2787//2
f 2789//2 2912//2 2788//2
f 2790//2 2913//2 2789//2
f 2791//2 2914//2 2790//2
f 2792//2 2915//2 2791//2
f 2886//2 3009//2 2885//2
f 2887//2 3010//2 2886//2
f 2888//2 3011//2 2887//2
f 2889//2 3012//2 2888//2
f 2890//2 3013//2 2889//2
f 2891//2 3014//2 2890//2
f 2892//2 3015//2 2891//2
f 2893//2 3016//2 2892//2
f 2894//2 3017//2 2893//2
f 2895//2 3018//2 2894//2
f 2896//2 3019//2 2895//2
f 2897//2 3020//2 2896//2
f 2898//2 3021//2 2897//2
f 2899//2 3022//2 2898//2
f 2900//2 3023//2 2899//2
f 2901//2 3024//2 2900//2
f 2902//2 3025//2 2901//2
f 2903//2 3026//2 2902//2
f 2904//2 3027//2 2903//2
f 2905//2 3028//2 2904//2
f 2906//2 3029//2 2905//2
f 2907//2 3030//2 2906//2
f 2908//2 3031//2 2907//2
f 2909//2 3032//2 2908//2
f 2910//2 3033//2 2909//2
f 2911//2 3034//2 2910//2
f 2912//2 3035//2 2911//2
f 2913//2 3036//2 2912//2
f 2914//2 3037//2 2913//2
f 2915//2 3038//2 2914//2
f 2916//2 3039//2 2915//2
f 3010//2 3133//2 3009//2
f 3011//2 3134//2 3010//2
f 3012//2 3135//2 3011//2
f 3013//2 3136//2 3012//2
f 3014//2 3137//2 3013//2
f 3015//2 3138//2 3014//2
f 3016//2 3139//2 3015//2
f 3017//2 3140//2 3016//2
f 3018//2 3141//2 3017//2
f 3019//2 3142//2 3018//2
f 3020//2 3143//2 3019//2
f 3021//2 3144//2 3020//2
f 3022//2 3145//2 3021//2
f 3023//2 3146//2 3022//2
f 3024//2 3147//2 3023//2
f 3025//2 3148//2 3024//2
f 3026//2 3149//2 3025//2
f 3027//2 3150//2 3026//2
f 3028//2 3151//2 3027//2
f 3029//2 3152//2 3028//2
f 3030//2 3153//2 3029//2
f 3031//2 3154//2 3030//2
f 3032//2 3155//2 3031//2
f 3033//2 3156//2 3032//2
f 3034//2 3157//2 3033//2
f 3035//2 3158//2 3034//2
f 3036//2 3159//2 3035//2
f 3037//2 3160//2 3036//2
f 3038//2 3161//2 3037//2
f 3039//2 3162//2 3038//2
f 3040//2 3163//2 3039//2
f 3134//2 3257//2 3133//2
f 3135//2 3258//2 3134//2
f 3136//2 3259//2 3135//2
f 3137//2 3260//2 3136//2
f 3138//2 3261//2 3137//2
f 3139//2 3262//2 3138//2
f 3140//2 3263//2 3139//2
f 3141//2 3264//2 3140//2
f 3142//2 3265//2 3141//2
f 3143//2 3266//2 3142//2
f 3144//2 3267//2 3143//2
f 3145//2 3268//2 3144//2
f 3146//2 3269//2 3145//2
f 3147//2 3270//2 3146//2
f 3148//2 3271//2 3147//2
f 3149//2 3272//2 3148//2
f 3150//2 3273//2 3149//2
f 3151//2 3274//2 3150//2
f 3152//2 3275//2 3151//2
f 3153//2 3276//2 3152//2
f 3154//2 3277//2 3153//2
f 3155//2 3278//2 3154//2
f 3156//2 3279//2 3155//2
f 3157//2 3280//2 3156//2
f 3158//2 3281//2 3157//2
f 3159//2 3282//2 3158//2
f 3160//2 3283//2 3159//2
f 3161//2 3284//2 3160//2
f 3162//2 3285//2 3161//2
f 3163//2 3286//2 3162//2
f 3164//2 3287//2 3163//2
f 3258//2 3381//2 3257//2
f 3259//2 3382//2 3258//2
f 3260//2 3383//2 3259//2
f 3261//2 3384//2 3260//2
f 3262//2 3385//2 3261//2
f 3263//2 3386//2 3262//2
f 3264//2 3387//2 3263//2
f 3265//2 3388//2 3264//2
f 3266//2 3389//2 3265//2
f 3267//2 3390//2 3266//2
f 3268//2 3391//2 3267//2
f 3269//2 3392//2 3268//2
f 3270//2 3393//2 3269//2
f 3271//2 3394//2 3270//2
f 3272//2 3395//2 3271//2
f 3273//2 3396//2 3272//2
f 3274//2 3397//2 3273//2
f 3275//2 3398//2 3274//2
f 3276//2 3399//2 3275//2
f 3277//2 3400//2 3276//2
f 3278//2 3401//2 3277//2
f 3279//2 3402//2 3278//2
f 3280//2 3403//2 3279//2
f 3281//2 3404//2 3280//2
f 3282//2 3405//2 3281//2
f 3283//2 3406//2 3282//2
f 3284//2 3407//2 3283//2
f 3285//2 3408//2 3284//2
f 3286//2 3409//2 3285//2
f 3287//2 3410//2 3286//2
f 3288//2 3411//2 3287//2
f 3382//2 3505//2 3381//2
f 3383//2 3506//2 3382//2
f 3384//2 3507//2 3383//2
f 3385//2 3508//2 3384//2
f 3386//2 3509//2 3385//2
f 3387//2 3510//2 3386//2
f 3388//2 3511//2 3387//2
f 3389//2 3512//2 3388//2
f 3390//2 3513//2 3389//2
f 3391//2 3514//2 3390//2
f 3392//2 3515//2 3391//2
f 3393//2 3516//2 3392//2
f 3394//2 3517//2 3393//2
f 3395//2 3518//2 3394//2
f 3396//2 3519//2 3395//2
f 3397//2 3520//2 3396//2
f 3398//2 3521//2 3397//2
f 3399//2 3522//2 3398//2
f 3400//2 3523//2 3399//2
f 3401//2 3524//2 3400//2
f 3402//2 3525//2 3401//2
f 3403//2 3526//2 3402//2
f 3404//2 3527//2 3403//2
f 3405//2 3528//2 3404//2
f 3406//2 3529//2 3405//2
f 3407//2 3530//2 3406//2
f 3408//2 3531//2 3407//2
f 3409//2 3532//2 3408//2
f 3410//2 3533//2 3409//2
f 3411//2 3534//2 3410//2
f 3412//2 3535//2 3411//2
f 3506//2 3629//2 3505//2
f 3507//2 3630//2 3506//2
f 3508//2 3631//2 3507//2
f 3509//2 3632//2 3508//2
f 3510//2 3633//2 3509//2
f 3511//2 3634//2 3510//2
f 3512//2 3635//2 3511//2
f 3513//2 3636//2 3512//2
f 3514//2 3637//2 3513//2
f 3515//2 3638//2 3514//2
f 3516//2 3639//2 3515//2
f 3517//2 3640//2 3516//2
f 3518//2 3641//2 3517//2
f 3519//2 3642//2 3518//2
f 3520//2 3643//2 3519//2
f 3521//2 3644//2 3520//2
f 3522//2 3645//2 3521//2
f 3523//2 3646//2 3522//2
f 3524//2 3647//2 3523//2
f 3525//2 3648//2 3524//2
f 3526//2 3649//2 3525//2
f 3527//2 3650//2 3526//2
f 3528//2 3651//2 3527//2
f 3529//2 3652//2 3528//2
f 3530//2 3653//2 3529//2
f 3531//2 3654//2 3530//2
f 3532//2 3655//2 3531//2
f 3533//2 3656//2 3532//2
f 3534//2 3657//2 3533//2
f 3535//2 3658//2 3534//2
f 3536//2 3659//2 3535//2
f 3630//2 3753//2 3629//2
f 3631//2 3754//2 3630//2
f 3632//2 3755//2 3631//2
f 3633//2 3756//2 3632//2
f 3634//2 3757//2 3633//2
f 3635//2 3758//2 3634//2
f 3636//2 3759//2 3635//2
f 3637//2 3760//2 3636//2
f 3638//2 3761//2 3637//2
f 3639//2 3762//2 3638//2
f 3640//2 3763//2 3639//2
f 3641//2 3764//2 3640//2
f 3642//2 3765//2 3641//2
f 3643//2 3766//2 3642//2
f 3644//2 3767//2 3643//2
f 3645//2 3768//2 3644//2
f 3646//2 3769//2 3645//2
f 3647//2 3770//2 3646//2
f 3648//2 3771//2 3647//2
f 3649//2 3772//2 3648//2
f 3650//2 3773//2 3649//2
f 3651//2 3774//2 3650//2
f 3652//2 3775//2 3651//2
f 3653//2 3776//2 3652//2
f 3654//2 3777//2 3653//2
f 3655//2 3778//2 3654//2
f 3656//2 3779//2 3655//2
f 3657//2 3780//2 3656//2
f 3658//2 3781//2 3657//2
f 3659//2 3782//2 3658//2
f 3660//2 3783//2 3659//2
f 3754//2 3877//2 3753//2
f 3755//2 3878//2 3754//2
f 3756//2 3879//2 3755//2
f 3757//2 3880//2 3756//2
f 3758//2 3881//2 3757//2
f 3759//2 3882//2 3758//2
f 3760//2 3883//2 3759//2
f 3761//2 3884//2 3760//2
f 3762//2 3885//2 3761//2
f 3763//2 3886//2 3762//2
f 3764//2 3887//2 3763//2
f 3765//2 3888//2 3764//2
f 3766//2 3889//2 3765//2
f 3767//2 3890//2 3766//2
f 3768//2 3891//2 3767//2
f 3769//2 3892//2 3768//2
f 3770//2 3893//2 3769//2
f 3771//2 3894//2 3770//2
f 3772//2 3895//2 3771//2
f 3773//2 3896//2 3772//2
f 3774//2 3897//2 3773//2
f 3775//2 3898//2 3774//2
f 3776//2 3899//2 3775//2
f 3777//2 3900//2 3776//2
f 3778//2 3901//2 3777//2
f 3779//2 3902//2 3778//2
f 3780//2 3903//2 3779//2
f 3781//2 3904//2 3780//2
f 3782//2 3905//2 3781//2
f 3783//2 3906//2 3782//2
f 3784//2 3907//2 3783//2
f 3878//2 4001//2 3877//2
f 3879//2 4002//2 3878//2
f 3880//2 4003//2 3879//2
f 3881//2 4004//2 3880//2
f 3882//2 4005//2 3881//2
f 3883//2 4006//2 3882//2
f 3884//2 4007//2 3883//2
f 3885//2 4008//2 3884//2
f 3886//2 4009//2 3885//2
f 3887//2 4010//2 3886//2
f 3888//2 4011//2 3887//2
f 3889//2 4012//2 3888//2
f 3890//2 4013//2 3889//2
f 3891//2 4014//2 3890//2
f 3892//2 4015//2 3891//2
f 3893//2 4016//2 3892//2
f 3894//2 4017//2 3893//2
f 3895//2 4018//2 3894//2
f 3896//2 4019//2 3895//2
f 3897//2 4020//2 3896//2
f 3898//2 4021//2 3897//2
f 3899//2 4022//2 3898//2
f 3900//2 4023//2 3899//2
f 3901//2 4024//2 3900//2
f 3902//2 4025//2 3901//2
f 3903//2 4026//2 3902//2
f 3904//2 4027//2 3903//2
f 3905//2 4028//2 3904//2
f 3906//2 4029//2 3905//2
f 3907//2 4030//2 3906//2
f 3908//2 4031//2 3907//2
f 4002//2 4125//2 4001//2
f 4003//2 4126//2 4002//2
f 4004//2 4127//2 4003//2
f 4005//2 4128//2 4004//2
f 4006//2 4129//2 4005//2
f 4007//2 4130//2 4006//2
f 4008//2 4131//2 4007//2
f 4009//2 4132//2 4008//2
f 4010//2 4133//2 4009//2
f 4011//2 4134//2 4010//2
f 4012//2 4135//2 4011//2
f 4013//2 4136//2 4012//2
f 4014//2 4137//2 4013//2
f 4015//2 4138//2 4014//2
f 4016//2 4139//2 4015//2
f 4017//2 4140//2 4016//2
f 4018//2 4141//2 4017//2
f 4019//2 4142//2 4018//2
f 4020//2 4143//2 4019//2
f 4021//2 4144//2 4020//2
f 4022//2 4145//2 4021//2
f 4023//2 4146//2 4022//2
f 4024//2 4147//2 4023//2
f 4025//2 4148//2 4024//2
f 4026//2 4149//2 4025//2
f 4027//2 4150//2 4026//2
f 4028//2 4151//2 4027//2
f 4029//2 4152//2 4028//2
f 4030//2 4153//2 4029//2
f 4031//2 4154//2 4030//2
f 4032//2 4155//2 4031//2
f 4126//2 4249//2 4125//2
f 4127//2 4250//2 4126//2
f 4128//2 4251//2 4127//2
f 4129//2 4252//2 4128//2
f 4130//2 4253//2 4129//2
f 4131//2 4254//2 4130//2
f 4132//2 4255//2 4131//2
f 4133//2 4256//2 4132//2
f 4134//2 4257//2 4133//2
f 4135//2 4258//2 4134//2
f 4136//2 4259//2 4135//2
f 4137//2 4260//2 4136//2
f 4138//2 4261//2 4137//2
f 4139//2 4262//2 4138//2
f 4140//2 4263//2 4139//2
f 4141//2 4264//2 4140//2
f 4142//2 4265//2 4141//2
f 4143//2 4266//2 4142//2
f 4144//2 4267//2 4143//2
f 4145//2 4268//2 4144//2
f 4146//2 4269//2 4145//2
f 4147//2 4270//2 4146//2
f 4148//2 4271//2 4147//2
f 4149//2 4272//2 4148//2
f 4150//2 4273//2 4149//2
f 4151//2 4274//2 4150//2
f 4152//2 4275//2 4151//2
f 4153//2 4276//2 4152//2
f 4154//2 4277//2 4153//2
f 4155//2 4278//2 4154//2
f 4156//2 4279//2 4155//2
f 4250//2 4373//2 4249//2
f 4251//2 4374//2 4250//2
f 4252//2 4375//2 4251//2
f 4253//2 4376//2 4252//2
f 4254//2 4377//2 4253//2
f 4255//2 4378//2 4254//2
f 4256//2 4379//2 4255//2
f 4257//2 4380//2 4256//2
f 4258//2 4381//2 4257//2
f 4259//2 4382//2 4258//2
f 4260//2 4383//2 4259//2
f 4261//2 4384//2 4260//2
f 4262//2 4385//2 4261//2
f 4263//2 4386//2 4262//2
f 4264//2 4387//2 4263//2
f 4265//2 4388//2 4264//2
f 4266//2 4389//2 4265//2
f 4267//2 4390//2 4266//2
f 4268//2 4391//2 4267//2
f 4269//2 4392//2 4268//2
f 4270//2 4393//2 4269//2
f 4271//2 4394//2 4270//2
f 4272//2 4395//2 4271//2
f 4273//2 4396//2 4272//2
f 4274//2 4397//2 4273//2
f 4275//2 4398//2 4274//2
f 4276//2 4399//2 4275//2
f 4277//2 4400//2 4276//2
f 4278//2 4401//2 4277//2
f 4279//2 4402//2 4278//2
f 4280//2 4403//2 4279//2
f 4374//2 4497//2 4373//2
f 4375//2 4498//2 4374//2
f 4376//2 4499//2 4375//2
f 4377//2 4500//2 4376//2
f 4378//2 4501//2 4377//2
f 4379//2 4502//2 4378//2
f 4380//2 4503//2 4379//2
f 4381//2 4504//2 4380//2
f 4382//2 4505//2 4381//2
f 4383//2 4506//2 4382//2
f 4384//2 4507//2 4383//2
f 4385//2 4508//2 4384//2
f 4386//2 4509//2 4385//2
f 4387//2 4510//2 4386//2
f 4388//2 4511//2 4387//2
f 4389//2 4512//2 4388//2
f 4390//2 4513//2 4389//2
f 4391//2 4514//2 4390//2
f 4392//2 4515//2 4391//2
f 4393//2 4516//2 4392//2
f 4394//2 4517//2 4393//2
f 4395//2 4518//2 4394//2
f 4396//2 4519//2 4395//2
f 4397//2 4520//2 4396//2
f 4398//2 4521//2 4397//2
f 4399//2 4522//2 4398//2
f 4400//2 4523//2 4399//2
f 4401//2 4524//2 4400//2
f 4402//2 4525//2 4401//2
f 4403//2 4526//2 4402//2
f 4404//2 4527//2 4403//2
f 4498//2 4621//2 4497//2
f 4499//2 4622//2 4498//2
f 4500//2 4623//2 4499//2
f 4501//2 4624//2 4500//2
f 4502//2 4625//2 4501//2
f 4503//2 4626//2 4502//2
f 4504//2 4627//2 4503//2
f 4505//2 4628//2 4504//2
f 4506//2 4629//2 4505//2
f 4507//2 4630//2 4506//2
f 4508//2 4631//2 4507//2
f 4509//2 4632//2 4508//2
f 4510//2 4633//2 4509//2
f 4511//2 4634//2 4510//2
f 4512//2 4635//2 4511//2
f 4513//2 4636//2 4512//2
f 4514//2 4637//2 4513//2
f 4515//2 4638//2 4514//2
f 4516//2 4639//2 4515//2
f 4517//2 4640//2 4516//2
f 4518//2 4641//2 4517//2
f 4519//2 4642//2 4518//2
f 4520//2 4643//2 4519//2
f 4521//2 4644//2 4520//2
f 4522//2 4645//2 4521//2
f 4523//2 4646//2 4522//2
f 4524//2 4647//2 4523//2
f 4525//2 4648//2 4524//2
f 4526//2 4649//2 4525//2
f 4527//2 4650//2 4526//2
f 4528//2 4651//2 4527//2
f 4622//2 4745//2 4621//2
f 4623//2 4746//2 4622//2
f 4624//2 4747//2 4623//2
f 4625//2 4748//2 4624//2
f 4626//2 4749//2 4625//2
f 4627//2 4750//2 4626//2
f 4628//2 4751//2 4627//2
f 4629//2 4752//2 4628//2
f 4630//2 4753//2 4629//2
f 4631//2 4754//2 4630//2
f 4632//2 4755//2 4631//2
f 4633//2 4756//2 4632//2
f 4634//2 4757//2 4633//2
f 4635//2 4758//2 4634//2
f 4636//2 4759//2 4635//2
f 4637//2 4760//2 4636//2
f 4638//2 4761//2 4637//2
f 4639//2 4762//2 4638//2
f 4640//2 4763//2 4639//2
f 4641//2 4764//2 4640//2
f 4642//2 4765//2 4641//2
f 4643//2 4766//2 4642//2
f 4644//2 4767//2 4643//2
f 4645//2 4768//2 4644//2
f 4646//2 4769//2 4645//2
f 4647//2 4770//2 4646//2
f 4648//2 4771//2 4647//2
f 4649//2 4772//2 4648//2
f 4650//2 4773//2 4649//2
f 4651//2 4774//2 4650//2
f 4652//2 4775//2 4651//2
f 4746//3 4777//3 4745//3
f 4747//3 4778//3 4746//3
f 4748//3 4779//3 4747//3
f 4749//3 4780//3 4748//3
f 4750//3 4781//3 4749//3
f 4751//3 4782//3 4750//3
f 4752//3 4783//3 4751//3
f 4753//3 4784//3 4752//3
f 4754//3 4785//3 4753//3
f 4755//3 4786//3 4754//3
f 4756//3 4787//3 4755//3
f 4757//3 4788//3 4756//3
f 4758//3 4789//3 4757//3
f 4759//3 4790//3 4758//3
f 4760//3 4791//3 4759//3
f 4761//3 4792//3 4760//3
f 4762//3 4793//3 4761//3
f 4763//3 4794//3 4762//3
f 4764//3 4795//3 4763//3
f 4765//3 4796//3 4764//3
f 4766//3 4797//3 4765//3
f 4767//3 4798//3 4766//3
f 4768//3 4799//3 4767//3
f 4769//3 4800//3 4768//3
f 4770//3 4801//3 4769//3
f 4771//3 4802//3 4770//3
f 4772//3 4803//3 4771//3
f 4773//3 4804//3 4772//3
f 4774//3 4805//3 4773//3
f 4775//3 4806//3 4774//3
f 4776//3 4807//3 4775//3
f 4778//3 4809//3 4777//3
f 4779//3 4810//3 4778//3
f 4780//3 4811//3 4779//3
f 4781//3 4812//3 4780//3
f 4782//3 4813//3 4781//3
f 4783//3 4814//3 4782//3
f 4784//3 4815//3 4783//3
f 4785//3 4816//3 4784//3
f 4786//3 4817//3 4785//3
f 4787//3 4818//3 4786//3
f 4788//3 4819//3 4787//3
f 4789//3 4820//3 4788//3
f 4790//3 4821//3 4789//3
f 4791//3 4822//3 4790//3
f 4792//3 4823//3 4791//3
f 4793//3 4824//3 4792//3
f 4794//3 4825//3 4793//3
f 4795//3 4826//3 4794//3
f 4796//3 4827//3 4795//3
f 4797//3 4828//3 4796//3
f 4798//3 4829//3 4797//3
f 4799//3 4830//3 4798//3
f 4800//3 4831//3 4799//3
f 4801//3 4832//3 4800//3
f 4802//3 4833//3 4801//3
f 4803//3 4834//3 4802//3
f 4804//3 4835//3 4803//3
f 4805//3 4836//3 4804//3
f 4806//3 4837//3 4805//3
f 4807//3 4838//3 4806//3
f 4808//3 4839//3 4807//3
f 4810//3 4841//3 4809//3
f 4811//3 4842//3 4810//3
f 4812//3 4843//3 4811//3
f 4813//3 4844//3 4812//3
f 4814//3 4845//3 4813//3
f 4815//3 4846//3 4814//3
f 4816//3 4847//3 4815//3
f 4817//3 4848//3 4816//3
f 4818//3 4849//3 4817//3
f 4819//3 4850//3 4818//3
f 4820//3 4851//3 4819//3
f 4821//3 4852//3 4820//3
f 4822//3 4853//3 4821//3
f 4823//3 4854//3 4822//3
f 4824//3 4855//3 4823//3
f 4825//3 4856//3 4824//3
f 4826//3 4857//3 4825//3
f 4827//3 4858//3 4826//3
f 4828//3 4859//3 4827//3
f 4829//3 4860//3 4828//3
f 4830//3 4861//3 4829//3
f 4831//3 4862//3 4830//3
f 4832//3 4863//3 4831//3
f 4833//3 4864//3 4832//3
f 4834//3 4865//3 4833//3
f 4835//3 4866//3 4834//3
f 4836//3 4867//3 4835//3
f 4837//3 4868//3 4836//3
f 4838//3 4869//3 4837//3
f 4839//3 4870//3 4838//3
f 4840//3 4871//3 4839//3
f 4842//3 4873//3 4841//3
f 4843//3 4874//3 4842//3
f 4844//3 4875//3 4843//3
f 4845//3 4876//3 4844//3
f 4846//3 4877//3 4845//3
f 4847//3 4878//3 4846//3
f 4848//3 4879//3 4847//3
f 4849//3 4880//3 4848//3
f 4850//3 4881//3 4849//3
f 4851//3 4882//3 4850//3
f 4852//3 4883//3 4851//3
f 4853//3 4884//3 4852//3
f 4854//3 4885//3 4853//3
f 4855//3 4886//3 4854//3
f 4856//3 4887//3 4855//3
f 4857//3 4888//3 4856//3
f 4858//3 4889//3 4857//3
f 4859//3 4890//3 4858//3
f 4860//3 4891//3 4859//3
f 4861//3 4892//3 4860//3
f 4862//3 4893//3 4861//3
f 4863//3 4894//3 4862//3
f 4864//3 4895//3 4863//3
f 4865//3 4896//3 4864//3
f 4866//3 4897//3 4865//3
f 4867//3 4898//3 4866//3
f 4868//3 4899//3 4867//3
f 4869//3 4900//3 4868//3
f 4870//3 4901//3 4869//3
f 4871//3 4902//3 4870//3
f 4872//3 4903//3 4871//3
f 4874//3 4905//3 4873//3
f 4875//3 4906//3 4874//3
f 4876//3 4907//3 4875//3
f 4877//3 4908//3 4876//3
f 4878//3 4909//3 4877//3
f 4879//3 4910//3 4878//3
f 4880//3 4911//3 4879//3
f 4881//3 4912//3 4880//3
f 4882//3 4913//3 4881//3
f 4883//3 4914//3 4882//3
f 4884//3 4915//3 4883//3
f 4885//3 4916//3 4884//3
f 4886//3 4917//3 4885//3
f 4887//3 4918//3 4886//3
f 4888//3 4919//3 4887//3
f 4889//3 4920//3 4888//3
f 4890//3 4921//3 4889//3
f 4891//3 4922//3 4890//3
f 4892//3 4923//3 4891//3
f 4893//3 4924//3 4892//3
f 4894//3 4925//3 4893//3
f 4895//3 4926//3 4894//3
f 4896//3 4927//3 4895//3
f 4897//3 4928//3 4896//3
f 4898//3 4929//3 4897//3
f 4899//3 4930//3 4898//3
f 4900//3 4931//3 4899//3
f 4901//3 4932//3 4900//3
f 4902//3 4933//3 4901//3
f 4903//3 4934//3 4902//3
f 4904//3 4935//3 4903//3
f 4906//3 4937//3 4905//3
f 4907//3 4938//3 4906//3
f 4908//3 4939//3 4907//3
f 4909//3 4940//3 4908//3
f 4910//3 4941//3 4909//3
f 4911//3 4942//3 4910//3
f 4912//3 4943//3 4911//3
f 4913//3 4944//3 4912//3
f 4914//3 4945//3 4913//3
f 4915//3 4946//3 4914//3
f 4916//3 4947//3 4915//3
f 4917//3 4948//3 4916//3
f 4918//3 4949//3 4917//3
f 4919//3 4950//3 4918//3
f 4920//3 4951//3 4919//3
f 4921//3 4952//3 4920//3
f 4922//3 4953//3 4921//3
f 4923//3 4954//3 4922//3
f 4924//3 4955//3 4923//3
f 4925//3 4956//3 4924//3
f 4926//3 4957//3 4925//3
f 4927//3 4958//3 4926//3
f 4928//3 4959//3 4927//3
f 4929//3 4960//3 4928//3
f 4930//3 4961//3 4929//3
f 4931//3 4962//3 4930//3
f 4932//3 4963//3 4931//3
f 4933//3 4964//3 4932//3
f 4934//3 4965//3 4933//3
f 4935//3 4966//3 4934//3
f 4936//3 4967//3 4935//3
f 4938//3 4969//3 4937//3
f 4939//3 4970//3 4938//3
f 4940//3 4971//3 4939//3
f 4941//3 4972//3 4940//3
f 4942//3 4973//3 4941//3
f 4943//3 4974//3 4942//3
f 4944//3 4975//3 4943//3
f 4945//3 4976//3 4944//3
f 4946//3 4977//3 4945//3
f 4947//3 4978//3 4946//3
f 4948//3 4979//3 4947//3
f 4949//3 4980//3 4948//3
f 4950//3 4981//3 4949//3
f 4951//3 4982//3 4950//3
f 4952//3 4983//3 4951//3
f 4953//3 4984//3 4952//3
f 4954//3 4985//3 4953//3
f 4955//3 4986//3 4954//3
f 4956//3 4987//3 4955//3
f 4957//3 4988//3 4956//3
f 4958//3 4989//3 4957//3
f 4959//3 4990//3 4958//3
f 4960//3 4991//3 4959//3
f 4961//3 4992//3 4960//3
f 4962//3 4993//3 4961//3
f 4963//3 4994//3 4962//3
f 4964//3 4995//3 4963//3
f 4965//3 4996//3 4964//3
f 4966//3 4997//3 4965//3
f 4967//3 4998//3 4966//3
f 4968//3 4999//3 4967//3
f 4970//3 5001//3 4969//3
f 4971//3 5002//3 4970//3
f 4972//3 5003//3 4971//3
f 4973//3 5004//3 4972//3
f 4974//3 5005//3 4973//3
f 4975//3 5006//3 4974//3
f 4976//3 5007//3 4975//3
f 4977//3 5008//3 4976//3
f 4978//3 5009//3 4977//3
f 4979//3 5010//3 4978//3
f 4980//3 5011//3 4979//3
f 4981//3 5012//3 4980//3
f 4982//3 5013//3 4981//3
f 4983//3 5014//3 4982//3
f 4984//3 5015//3 4983//3
f 4985//3 5016//3 4984//3
f 4986//3 5017//3 4985//3
f 4987//3 5018//3 4986//3
f 4988//3 5019//3 4987//3
f 4989//3 5020//3 4988//3
f 4990//3 5021//3 4989//3
f 4991//3 5022//3 4990//3
f 4992//3 5023//3 4991//3
f 4993//3 5024//3 4992//3
f 4994//3 5025//3 4993//3
f 4995//3 5026//3 4994//3
f 4996//3 5027//3 4995//3
f 4997//3 5028//3 4996//3
f 4998//3 5029//3 4997//3
f 4999//3 5030//3 4998//3
f 5000//3 5031//3 4999//3
f 5002//3 5033//3 5001//3
f 5003//3 5034//3 5002//3
f 5004//3 5035//3 5003//3
f 5005//3 5036//3 5004//3
f 5006//3 5037//3 5005//3
f 5007//3 5038//3 5006//3
f 5008//3 5039//3 5007//3
f 5009//3 5040//3 5008//3
f 5010//3 5041//3 5009//3
f 5011//3 5042//3 5010//3
f 5012//3 5043//3 5011//3
f 5013//3 5044//3 5012//3
f 5014//3 5045//3 5013//3
f 5015//3 5046//3 5014//3
f 5016//3 5047//3 5015//3
f 5017//3 5048//3 5016//3
f 5018//3 5049//3 5017//3
f 5019//3 5050//3 5018//3
f 5020//3 5051//3 5019//3
f 5021//3 5052//3 5020//3
f 5022//3 5053//3 5021//3
f 5023//3 5054//3 5022//3
f 5024//3 5055//3 5023//3
f 5025//3 5056//3 5024//3
f 5026//3 5057//3 5025//3
f 5027//3 5058//3 5026//3
f 5028//3 5059//3 5027//3
f 5029//3 5060//3 5028//3
f 5030//3 5061//3 5029//3
f 5031//3 5062//3 5030//3
f 5032//3 5063//3 5031//3
f 5034//3 5065//3 5033//3
f 5035//3 5066//3 5034//3
f 5036//3 5067//3 5035//3
f 5037//3 5068//3 5036//3
f 5038//3 5069//3 5037//3
f 5039//3 5070//3 5038//3
f 5040//3 5071//3 5039//3
f 5041//3 5072//3 5040//3
f 5042//3 5073//3 5041//3
f 5043//3 5074//3 5042//3
f 5044//3 5075//3 5043//3
f 5045//3 5076//3 5044//3
f 5046//3 5077//3 5045//3
f 5047//3 5078//3 5046//3
f 5048//3 5079//3 5047//3
f 5049//3 5080//3 5048//3
f 5050//3 5081//3 5049//3
f 5051//3 5082//3 5050//3
f 5052//3 5083//3 5051//3
f 5053//3 5084//3 5052//3
f 5054//3 5085//3 5053//3
f 5055//3 5086//3 5054//3
f 5056//3 5087//3 5055//3
f 5057//3 5088//3 5056//3
f 5058//3 5089//3 5057//3
f 5059//3 5090//3 5058//3
f 5060//3 5091//3 5059//3
f 5061//3 5092//3 5060//3
f 5062//3 5093//3 5061//3
f 5063//3 5094//3 5062//3
f 5064//3 5095//3 5063//3
f 5066//3 5097//3 5065//3
f 5067//3 5098//3 5066//3
f 5068//3 5099//3 5067//3
f 5069//3 5100//3 5068//3
f 5070//3 5101//3 5069//3
f 5071//3 5102//3 5070//3
f 5072//3 5103//3 5071//3
f 5073//3 5104//3 5072//3
f 5074//3 5105//3 5073//3
f 5075//3 5106//3 5074//3
f 5076//3 5107//3 5075//3
f 5077//3 5108//3 5076//3
f 5078//3 5109//3 5077//3
f 5079//3 5110//3 5078//3
f 5080//3 5111//3 5079//3
f 5081//3 5112//3 5080//3
f 5082//3 5113//3 5081//3
f 5083//3 5114//3 5082//3
f 5084//3 5115//3 5083//3
f 5085//3 5116//3 5084//3
f 5086//3 5117//3 5085//3
f 5087//3 5118//3 5086//3
f 5088//3 5119//3 5087//3
f 5089//3 5120//3 5088//3
f 5090//3 5121//3 5089//3
f 5091//3 5122//3 5090//3
f 5092//3 5123//3 5091//3
f 5093//3 5124//3 5092//3
f 5094//3 5125//3 5093//3
f 5095//3 5126//3 5094//3
f 5096//3 5127//3 5095//3
f 5098//3 5129//3 5097//3
f 5099//3 5130//3 5098//3
f 5100//3 5131//3 5099//3
f 5101//3 5132//3 5100//3
f 5102//3 5133//3 5101//3
f 5103//3 5134//3 5102//3
f 5104//3 5135//3 5103//3
f 5105//3 5136//3 5104//3
f 5106//3 5137//3 5105//3
f 5107//3 5138//3 5106//3
f 5108//3 5139//3 5107//3
f 5109//3 5140//3 5108//3
f 5110//3 5141//3 5109//3
f 5111//3 5142//3 5110//3
f 5112//3 5143//3 5111//3
f 5113//3 5144//3 5112//3
f 5114//3 5145//3 5113//3
f 5115//3 5146//3 5114//3
f 5116//3 5147//3 5115//3
f 5117//3 5148//3 5116//3
f 5118//3 5149//3 5117//3
f 5119//3 5150//3 5118//3
f 5120//3 5151//3 5119//3
f 5121//3 5152//3 5120//3
f 5122//3 5153//3 5121//3
f 5123//3 5154//3 5122//3
f 5124//3 5155//3 5123//3
f 5125//3 5156//3 5124//3
f 5126//3 5157//3 5125//3
f 5127//3 5158//3 5126//3
f 5128//3 5159//3 5127//3
f 5130//3 5161//3 5129//3
f 5131//3 5162//3 5130//3
f 5132//3 5163//3 5131//3
f 5133//3 5164//3 5132//3
f 5134//3 5165//3 5133//3
f 5135//3 5166//3 5134//3
f 5136//3 5167//3 5135//3
f 5137//3 5168//3 5136//3
f 5138//3 5169//3 5137//3
f 5139//3 5170//3 5138//3
f 5140//3 5171//3 5139//3
f 5141//3 5172//3 5140//3
f 5142//3 5173//3 5141//3
f 5143//3 5174//3 5142//3
f 5144//3 5175//3 5143//3
f 5145//3 5176//3 5144//3
f 5146//3 5177//3 5145//3
f 5147//3 5178//3 5146//3
f 5148//3 5179//3 5147//3
f 5149//3 5180//3 5148//3
f 5150//3 5181//3 5149//3
f 5151//3 5182//3 5150//3
f 5152//3 5183//3 5151//3
f 5153//3 5184//3 5152//3
f 5154//3 5185//3 5153//3
f 5155//3 5186//3 5154//3
f 5156//3 5187//3 5155//3
f 5157//3 5188//3 5156//3
f 5158//3 5189//3 5157//3
f 5159//3 5190//3 5158//3
f 5160//3 5191//3 5159//3
f 5162//3 5193//3 5161//3
f 5163//3 5194//3 5162//3
f 5164//3 5195//3 5163//3
f 5165//3 5196//3 5164//3
f 5166//3 5197//3 5165//3
f 5167//3 5198//3 5166//3
f 5168//3 5199//3 5167//3
f 5169//3 5200//3 5168//3
f 5170//3 5201//3 5169//3
f 5171//3 5202//3 5170//3
f 5172//3 5203//3 5171//3
f 5173//3 5204//3 5172//3
f 5174//3 5205//3 5173//3
f 5175//3 5206//3 5174//3
f 5176//3 5207//3 5175//3
f 5177//3 5208//3 5176//3
f 5178//3 5209//3 5177//3
f 5179//3 5210//3 5178//3
f 5180//3 5211//3 5179//3
f 5181//3 5212//3 5180//3
f 5182//3 5213//3 5181//3
f 5183//3 5214//3 5182//3
f 5184//3 5215//3 5183//3
f 5185//3 5216//3 5184//3
f 5186//3 5217//3 5185//3
f 5187//3 5218//3 5186//3
f 5188//3 5219//3 5187//3
f 5189//3 5220//3 5188//3
f 5190//3 5221//3 5189//3
f 5191//3 5222//3 5190//3
f 5192//3 5223//3 5191//3
f 5194//3 5225//3 5193//3
f 5195//3 5226//3 5194//3
f 5196//3 5227//3 5195//3
f 5197//3 5228//3 5196//3
f 5198//3 5229//3 5197//3
f 5199//3 5230//3 5198//3
f 5200//3 5231//3 5199//3
f 5201//3 5232//3 5200//3
f 5202//3 5233//3 5201//3
f 5203//3 5234//3 5202//3
f 5204//3 5235//3 5203//3
f 5205//3 5236//3 5204//3
f 5206//3 5237//3 5205//3
f 5207//3 5238//3 5206//3
f 5208//3 5239//3 5207//3
f 5209//3 5240//3 5208//3
f 5210//3 5241//3 5209//3
f 5211//3 5242//3 5210//3
f 5212//3 5243//3 5211//3
f 5213//3 5244//3 5212//3
f 5214//3 5245//3 5213//3
f 5215//3 5246//3 5214//3
f 5216//3 5247//3 5215//3
f 5217//3 5248//3 5216//3
f 5218//3 5249//3 5217//3
f 5219//3 5250//3 5218//3
f 5220//3 5251//3 5219//3
f 5221//3 5252//3 5220//3
f 5222//3 5253//3 5221//3
f 5223//3 5254//3 5222//3
f 5224//3 5255//3 5223//3
f 5226//3 5257//3 5225//3
f 5227//3 5258//3 5226//3
f 5228//3 5259//3 5227//3
f 5229//3 5260//3 5228//3
f 5230//3 5261//3 5229//3
f 5231//3 5262//3 5230//3
f 5232//3 5263//3 5231//3
f 5233//3 5264//3 5232//3
f 5234//3 5265//3 5233//3
f 5235//3 5266//3 5234//3
f 5236//3 5267//3 5235//3
f 5237//3 5268//3 5236//3
f 5238//3 5269//3 5237//3
f 5239//3 5270//3 5238//3
f 5240//3 5271//3 5239//3
f 5241//3 5272//3 5240//3
f 5242//3 5273//3 5241//3
f 5243//3 5274//3 5242//3
f 5244//3 5275//3 5243//3
f 5245//3 5276//3 5244//3
f 5246//3 5277//3 5245//3
f 5247//3 5278//3 5246//3
f 5248//3 5279//3 5247//3
f 5249//3 5280//3 5248//3
f 5250//3 5281//3 5249//3
f 5251//3 5282//3 5250//3
f 5252//3 5283//3 5251//3
f 5253//3 5284//3 5252//3
f 5254//3 5285//3 5253//3
f 5255//3 5286//3 5254//3
f 5256//3 5287//3 5255//3
f 5258//3 5289//3 5257//3
f 5259//3 5290//3 5258//3
f 5260//3 5291//3 5259//3
f 5261//3 5292//3 5260//3
f 5262//3 5293//3 5261//3
f 5263//3 5294//3 5262//3
f 5264//3 5295//3 5263//3
f 5265//3 5296//3 5264//3
f 5266//3 5297//3 5265//3
f 5267//3 5298//3 5266//3
f 5268//3 5299//3 5267//3
f 5269//3 5300//3 5268//3
f 5270//3 5301//3 5269//3
f 5271//3 5302//3 5270//3
f 5272//3 5303//3 5271//3
f 5273//3 5304//3 5272//3
f 5274//3 5305//3 5273//3
f 5275//3 5306//3 5274//3
f 5276//3 5307//3 5275//3
f 5277//3 5308//3 5276//3
f 5278//3 5309//3 5277//3
f 5279//3 5310//3 5278//3
f 5280//3 5311//3 5279//3
f 5281//3 5312//3 5280//3
f 5282//3 5313//3 5281//3
f 5283//3 5314//3 5282//3
f 5284//3 5315//3 5283//3
f 5285//3 5316//3 5284//3
f 5286//3 5317//3 5285//3
f 5287//3 5318//3 5286//3
f 5288//3 5319//3 5287//3
f 5290//3 5321//3 5289//3
f 5291//3 5322//3 5290//3
f 5292//3 5323//3 5291//3
f 5293//3 5324//3 5292//3
f 5294//3 5325//3 5293//3
f 5295//3 5326//3 5294//3
f 5296//3 5327//3 5295//3
f 5297//3 5328//3 5296//3
f 5298//3 5329//3 5297//3
f 5299//3 5330//3 5298//3
f 5300//3 5331//3 5299//3
f 5301//3 5332//3 5300//3
f 5302//3 5333//3 5301//3
f 5303//3 5334//3 5302//3
f 5304//3 5335//3 5303//3
f 5305//3 5336//3 5304//3
f 5306//3 5337//3 5305//3
f 5307//3 5338//3 5306//3
f 5308//3 5339//3 5307//3
f 5309//3 5340//3 5308//3
f 5310//3 5341//3 5309//3
f 5311//3 5342//3 5310//3
f 5312//3 5343//3 5311//3
f 5313//3 5344//3 5312//3
f 5314//3 5345//3 5313//3
f 5315//3 5346//3 5314//3
f 5316//3 5347//3 5315//3
f 5317//3 5348//3 5316//3
f 5318//3 5349//3 5317//3
f 5319//3 5350//3 5318//3
f 5320//3 5351//3 5319//3
f 5322//3 5353//3 5321//3
f 5323//3 5354//3 5322//3
f 5324//3 5355//3 5323//3
f 5325//3 5356//3 5324//3
f 5326//3 5357//3 5325//3
f 5327//3 5358//3 5326//3
f 5328//3 5359//3 5327//3
f 5329//3 5360//3 5328//3
f 5330//3 5361//3 5329//3
f 5331//3 5362//3 5330//3
f 5332//3 5363//3 5331//3
f 5333//3 5364//3 5332//3
f 5334//3 5365//3 5333//3
f 5335//3 5366//3 5334//3
f 5336//3 5367//3 5335//3
f 5337//3 5368//3 5336//3
f 5338//3 5369//3 5337//3
f 5339//3 5370//3 5338//3
f 5340//3 5371//3 5339//3
f 5341//3 5372//3 5340//3
f 5342//3 5373//3 5341//3
f 5343//3 5374//3 5342//3
f 5344//3 5375//3 5343//3
f 5345//3 5376//3 5344//3
f 5346//3 5377//3 5345//3
f 5347//3 5378//3 5346//3
f 5348//3 5379//3 5347//3
f 5349//3 5380//3 5348//3
f 5350//3 5381//3 5349//3
f 5351//3 5382//3 5350//3
f 5352//3 5383//3 5351//3
f 5354//3 5385//3 5353//3
f 5355//3 5386//3 5354//3
f 5356//3 5387//3 5355//3
f 5357//3 5388//3 5356//3
f 5358//3 5389//3 5357//3
f 5359//3 5390//3 5358//3
f 5360//3 5391//3 5359//3
f 5361//3 5392//3 5360//3
f 5362//3 5393//3 5361//3
f 5363//3 5394//3 5362//3
f 5364//3 5395//3 5363//3
f 5365//3 5396//3 5364//3
f 5366//3 5397//3 5365//3
f 5367//3 5398//3 5366//3
f 5368//3 5399//3 5367//3
f 5369//3 5400//3 5368//3
f 5370//3 5401//3 5369//3
f 5371//3 5402//3 5370//3
f 5372//3 5403//3 5371//3
f 5373//3 5404//3 5372//3
f 5374//3 5405//3 5373//3
f 5375//3 5406//3 5374//3
f 5376//3 5407//3 5375//3
f 5377//3 5408//3 5376//3
f 5378//3 5409//3 5377//3
f 5379//3 5410//3 5378//3
f 5380//3 5411//3 5379//3
f 5381//3 5412//3 5380//3
f 5382//3 5413//3 5381//3
f 5383//3 5414//3 5382//3
f 5384//3 5415//3 5383//3
f 5386//3 5417//3 5385//3
f 5387//3 5418//3 5386//3
f 5388//3 5419//3 5387//3
f 5389//3 5420//3 5388//3
f 5390//3 5421//3 5389//3
f 5391//3 5422//3 5390//3
f 5392//3 5423//3 5391//3
f 5393//3 5424//3 5392//3
f 5394//3 5425//3 5393//3
f 5395//3 5426//3 5394//3
f 5396//3 5427//3 5395//3
f 5397//3 5428//3 5396//3
f 5398//3 5429//3 5397//3
f 5399//3 5430//3 5398//3
f 5400//3 5431//3 5399//3
f 5401//3 5432//3 5400//3
f 5402//3 5433//3 5401//3
f 5403//3 5434//3 5402//3
f 5404//3 5435//3 5403//3
f 5405//3 5436//3 5404//3
f 5406//3 5437//3 5405//3
f 5407//3 5438//3 5406//3
f 5408//3 5439//3 5407//3
f 5409//3 5440//3 5408//3
f 5410//3 5441//3 5409//3
f 5411//3 5442//3 5410//3
f 5412//3 5443//3 5411//3
f 5413//3 5444//3 5412//3
f 5414//3 5445//3 5413//3
f 5415//3 5446//3 5414//3
f 5416//3 5447//3 5415//3
f 5418//3 5449//3 5417//3
f 5419//3 5450//3 5418//3
f 5420//3 5451//3 5419//3
f 5421//3 5452//3 5420//3
f 5422//3 5453//3 5421//3
f 5423//3 5454//3 5422//3
f 5424//3 5455//3 5423//3
f 5425//3 5456//3 5424//3
f 5426//3 5457//3 5425//3
f 5427//3 5458//3 5426//3
f 5428//3 5459//3 5427//3
f 5429//3 5460//3 5428//3
f 5430//3 5461//3 5429//3
f 5431//3 5462//3 5430//3
f 5432//3 5463//3 5431//3
f 5433//3 5464//3 5432//3
f 5434//3 5465//3 5433//3
f 5435//3 5466//3 5434//3
f 5436//3 5467//3 5435//3
f 5437//3 5468//3 5436//3
f 5438//3 5469//3 5437//3
f 5439//3 5470//3 5438//3
f 5440//3 5471//3 5439//3
f 5441//3 5472//3 5440//3
f 5442//3 5473//3 5441//3
f 5443//3 5474//3 5442//3
f 5444//3 5475//3 5443//3
f 5445//3 5476//3 5444//3
f 5446//3 5477//3 5445//3
f 5447//3 5478//3 5446//3
f 5448//3 5479//3 5447//3
f 5450//3 5481//3 5449//3
f 5451//3 5482//3 5450//3
f 5452//3 5483//3 5451//3
f 5453//3 5484//3 5452//3
f 5454//3 5485//3 5453//3
f 5455//3 5486//3 5454//3
f 5456//3 5487//3 5455//3
f 5457//3 5488//3 5456//3
f 5458//3 5489//3 5457//3
f 5459//3 5490//3 5458//3
f 5460//3 5491//3 5459//3
f 5461//3 5492//3 5460//3
f 5462//3 5493//3 5461//3
f 5463//3 5494//3 5462//3
f 5464//3 5495//3 5463//3
f 5465//3 5496//3 5464//3
f 5466//3 5497//3 5465//3
f 5467//3 5498//3 5466//3
f 5468//3 5499//3 5467//3
f 5469//3 5500//3 5468//3
f 5470//3 5501//3 5469//3
f 5471//3 5502//3 5470//3
f 5472//3 5503//3 5471//3
f 5473//3 5504//3 5472//3
f 5474//3 5505//3 5473//3
f 5475//3 5506//3 5474//3
f 5476//3 5507//3 5475//3
f 5477//3 5508//3 5476//3
f 5478//3 5509//3 5477//3
f 5479//3 5510//3 5478//3
f 5480//3 5511//3 5479//3
f 5482//3 5513//3 5481//3
f 5483//3 5514//3 5482//3
f 5484//3 5515//3 5483//3
f 5485//3 5516//3 5484//3
f 5486//3 5517//3 5485//3
f 5487//3 5518//3 5486//3
f 5488//3 5519//3 5487//3
f 5489//3 5520//3 5488//3
f 5490//3 5521//3 5489//3
f 5491//3 5522//3 5490//3
f 5492//3 5523//3 5491//3
f 5493//3 5524//3 5492//3
f 5494//3 5525//3 5493//3
f 5495//3 5526//3 5494//3
f 5496//3 5527//3 5495//3
f 5497//3 5528//3 5496//3
f 5498//3 5529//3 5497//3
f 5499//3 5530//3 5498//3
f 5500//3 5531//3 5499//3
f 5501//3 5532//3 5500//3
f 5502//3 5533//3 5501//3
f 5503//3 5534//3 5502//3
f 5504//3 5535//3 5503//3
f 5505//3 5536//3 5504//3
f 5506//3 5537//3 5505//3
f 5507//3 5538//3 5506//3
f 5508//3 5539//3 5507//3
f 5509//3 5540//3 5508//3
f 5510//3 5541//3 5509//3
f 5511//3 5542//3 5510//3
f 5512//3 5543//3 5511//3
f 5514//3 5545//3 5513//3
f 5515//3 5546//3 5514//3
f 5516//3 5547//3 5515//3
f 5517//3 5548//3 5516//3
f 5518//3 5549//3 5517//3
f 5519//3 5550//3 5518//3
f 5520//3 5551//3 5519//3
f 5521//3 5552//3 5520//3
f 5522//3 5553//3 5521//3
f 5523//3 5554//3 5522//3
f 5524//3 5555//3 5523//3
f 5525//3 5556//3 5524//3
f 5526//3 5557//3 5525//3
f 5527//3 5558//3 5526//3
f 5528//3 5559//3 5527//3
f 5529//3 5560//3 5528//3
f 5530//3 5561//3 5529//3
f 5531//3 5562//3 5530//3
f 5532//3 5563//3 5531//3
f 5533//3 5564//3 5532//3
f 5534//3 5565//3 5533//3
f 5535//3 5566//3 5534//3
f 5536//3 5567//3 5535//3
f 5537//3 5568//3 5536//3
f 5538//3 5569//3 5537//3
f 5539//3 5570//3 5538//3
f 5540//3 5571//3 5539//3
f 5541//3 5572//3 5540//3
f 5542//3 5573//3 5541//3
f 5543//3 5574//3 5542//3
f 5544//3 5575//3 5543//3
f 5546//3 5577//3 5545//3
f 5547//3 5578//3 5546//3
f 5548//3 5579//3 5547//3
f 5549//3 5580//3 5548//3
f 5550//3 5581//3 5549//3
f 5551//3 5582//3 5550//3
f 5552//3 5583//3 5551//3
f 5553//3 5584//3 5552//3
f 5554//3 5585//3 5553//3
f 5555//3 5586//3 5554//3
f 5556//3 5587//3 5555//3
f 5557//3 5588//3 5556//3
f 5558//3 5589//3 5557//3
f 5559//3 5590//3 5558//3
f 5560//3 5591//3 5559//3
f 5561//3 5592//3 5560//3
f 5562//3 5593//3 5561//3
f 5563//3 5594//3 5562//3
f 5564//3 5595//3 5563//3
f 5565//3 5596//3 5564//3
f 5566//3 5597//3 5565//3
f 5567//3 5598//3 5566//3
f 5568//3 5599//3 5567//3
f 5569//3 5600//3 5568//3
f 5570//3 5601//3 5569//3
f 5571//3 5602//3 5570//3
f 5572//3 5603//3 5571//3
f 5573//3 5604//3 5572//3
f 5574//3 5605//3 5573//3
f 5575//3 5606//3 5574//3
f 5576//3 5607//3 5575//3
f 5578//3 5609//3 5577//3
f 5579//3 5610//3 5578//3
f 5580//3 5611//3 5579//3
f 5581//3 5612//3 5580//3
f 5582//3 5613//3 5581//3
f 5583//3 5614//3 5582//3
f 5584//3 5615//3 5583//3
f 5585//3 5616//3 5584//3
f 5586//3 5617//3 5585//3
f 5587//3 5618//3 5586//3
f 5588//3 5619//3 5587//3
f 5589//3 5620//3 5588//3
f 5590//3 5621//3 5589//3
f 5591//3 5622//3 5590//3
f 5592//3 5623//3 5591//3
f 5593//3 5624//3 5592//3
f 5594//3 5625//3 5593//3
f 5595//3 5626//3 5594//3
f 5596//3 5627//3 5595//3
f 5597//3 5628//3 5596//3
f 5598//3 5629//3 5597//3
f 5599//3 5630//3 5598//3
f 5600//3 5631//3 5599//3
f 5601//3 5632//3 5600//3
f 5602//3 5633//3 5601//3
f 5603//3 5634//3 5602//3
f 5604//3 5635//3 5603//3
f 5605//3 5636//3 5604//3
f 5606//3 5637//3 5605//3
f 5607//3 5638//3 5606//3
f 5608//3 5639//3 5607//3
f 5610//3 5641//3 5609//3
f 5611//3 5642//3 5610//3
f 5612//3 5643//3 5611//3
f 5613//3 5644//3 5612//3
f 5614//3 5645//3 5613//3
f 5615//3 5646//3 5614//3
f 5616//3 5647//3 5615//3
f 5617//3 5648//3 5616//3
f 5618//3 5649//3 5617//3
f 5619//3 5650//3 5618//3
f 5620//3 5651//3 5619//3
f 5621//3 5652//3 5620//3
f 5622//3 5653//3 5621//3
f 5623//3 5654//3 5622//3
f 5624//3 5655//3 5623//3
f 5625//3 5656//3 5624//3
f 5626//3 5657//3 5625//3
f 5627//3 5658//3 5626//3
f 5628//3 5659//3 5627//3
f 5629//3 5660//3 5628//3
f 5630//3 5661//3 5629//3
f 5631//3 5662//3 5630//3
f 5632//3 5663//3 5631//3
f 5633//3 5664//3 5632//3
f 5634//3 5665//3 5633//3
f 5635//3 5666//3 5634//3
f 5636//3 5667//3 5635//3
f 5637//3 5668//3 5636//3
f 5638//3 5669//3 5637//3
f 5639//3 5670//3 5638//3
f 5640//3 5671//3 5639//3
f 5642//3 5673//3 5641//3
f 5643//3 5674//3 5642//3
f 5644//3 5675//3 5643//3
f 5645//3 5676//3 5644//3
f 5646//3 5677//3 5645//3
f 5647//3 5678//3 5646//3
f 5648//3 5679//3 5647//3
f 5649//3 5680//3 5648//3
f 5650//3 5681//3 5649//3
f 5651//3 5682//3 5650//3
f 5652//3 5683//3 5651//3
f 5653//3 5684//3 5652//3
f 5654//3 5685//3 5653//3
f 5655//3 5686//3 5654//3
f 5656//3 5687//3 5655//3
f 5657//3 5688//3 5656//3
f 5658//3 5689//3 5657//3
f 5659//3 5690//3 5658//3
f 5660//3 5691//3 5659//3
f 5661//3 5692//3 5660//3
f 5662//3 5693//3 5661//3
f 5663//3 5694//3 5662//3
f 5664//3 5695//3 5663//3
f 5665//3 5696//3 5664//3
f 5666//3 5697//3 5665//3
f 5667//3 5698//3 5666//3
f 5668//3 5699//3 5667//3
f 5669//3 5700//3 5668//3
f 5670//3 5701//3 5669//3
f 5671//3 5702//3 5670//3
f 5672//3 5703//3 5671//3
f 5674//3 5705//3 5673//3
f 5675//3 5706//3 5674//3
f 5676//3 5707//3 5675//3
f 5677//3 5708//3 5676//3
f 5678//3 5709//3 5677//3
f 5679//3 5710//3 5678//3
f 5680//3 5711//3 5679//3
f 5681//3 5712//3 5680//3
f 5682//3 5713//3 5681//3
f 5683//3 5714//3 5682//3
f 5684//3 5715//3 5683//3
f 5685//3 5716//3 5684//3
f 5686//3 5717//3 5685//3
f 5687//3 5718//3 5686//3
f 5688//3 5719//3 5687//3
f 5689//3 5720//3 5688//3
f 5690//3 5721//3 5689//3
f 5691//3 5722//3 5690//3
f 5692//3 5723//3 5691//3
f 5693//3 5724//3 5692//3
f 5694//3 5725//3 5693//3
f 5695//3 5726//3 5694//3
f 5696//3 5727//3 5695//3
f 5697//3 5728//3 5696//3
f 5698//3 5729//3 5697//3
f 5699//3 5730//3 5698//3
f 5700//3 5731//3 5699//3
f 5701//3 5732//3 5700//3
f 5702//3 5733//3 5701//3
f 5703//3 5734//3 5702//3
f 5704//3 5735//3 5703//3
f 5706//3 5737//3 5705//3
f 5707//3 5738//3 5706//3
f 5708//3 5739//3 5707//3
f 5709//3 5740//3 5708//3
f 5710//3 5741//3 5709//3
f 5711//3 5742//3 5710//3
f 5712//3 5743//3 5711//3
f 5713//3 5744//3 5712//3
f 5714//3 5745//3 5713//3
f 5715//3 5746//3 5714//3
f 5716//3 5747//3 5715//3
f 5717//3 5748//3 5716//3
f 5718//3 5749//3 5717//3
f 5719//3 5750//3 5718//3
f 5720//3 5751//3 5719//3
f 5721//3 5752//3 5720//3
f 5722//3 5753//3 5721//3
f 5723//3 5754//3 5722//3
f 5724//3 5755//3 5723//3
f 5725//3 5756//3 5724//3
f 5726//3 5757//3 5725//3
f 5727//3 5758//3 5726//3
f 5728//3 5759//3 5727//3
f 5729//3 5760//3 5728//3
f 5730//3 5761//3 5729//3
f 5731//3 5762//3 5730//3
f 5732//3 5763//3 5731//3
f 5733//3 5764//3 5732//3
f 5734//3 5765//3 5733//3
f 5735//3 5766//3 5734//3
f 5736//3 5767//3 5735//3
f 1117//4 994//4 993//4
f 1118//4 995//4 994//4
f 1119//4 996//4 995//4
f 1120//4 997//4 996//4
f 1121//4 998//4 997//4
f 1122//4 999//4 998//4
f 1123//4 1000//4 999//4
f 1124//4 1001//4 1000//4
f 1125//4 1002//4 1001//4
f 1126//4 1003//4 1002//4
f 1127//4 1004//4 1003//4
f 1128//4 1005//4 1004//4
f 1129//4 1006//4 1005//4
f 1130//4 1007//4 1006//4
f 1131//4 1008//4 1007//4
f 1132//4 1009//4 1008//4
f 1133//4 1010//4 1009//4
f 1134//4 1011//4 1010//4
f 1135//4 1012//4 1011//4
f 1136//4 1013//4 1012//4
f 1137//4 1014//4 1013//4
f 1138//4 1015//4 1014//4
f 1139//4 1016//4 1015//4
f 1140//4 1017//4 1016//4
f 1141//4 1018//4 1017//4
f 1142//4 1019//4 1018//4
f 1143//4 1020//4 1019//4
f 1144//4 1021//4 1020//4
f 1145//4 1022//4 1021//4
f 1146//4 1023//4 1022//4
f 1147//4 1024//4 1023//4
f 1241//4 1118//4 1117//4
f 1242//4 1119//4 1118//4
f 1243//4 1120//4 1119//4
f 1244//4 1121//4 1120//4
f 1245//4 1122//4 1121//4
f 1246//4 1123//4 1122//4
f 1247//4 1124//4 1123//4
f 1248//4 1125//4 1124//4
f 1249//4 1126//4 1125//4
f 1250//4 1127//4 1126//4
f 1251//4 1128//4 1127//4
f 1252//4 1129//4 1128//4
f 1253//4 1130//4 1129//4
f 1254//4 1131//4 1130//4
f 1255//4 1132//4 1131//4
f 1256//4 1133//4 1132//4
f 1257//4 1134//4 1133//4
f 1258//4 1135//4 1134//4
f 1259//4 1136//4 1135//4
f 1260//4 1137//4 1136//4
f 1261//4 1138//4 1137//4
f 1262//4 1139//4 1138//4
f 1263//4 1140//4 1139//4
f 1264//4 1141//4 1140//4
f 1265//4 1142//4 1141//4
f 1266//4 1143//4 1142//4
f 1267//4 1144//4 1143//4
f 1268//4 1145//4 1144//4
f 1269//4 1146//4 1145//4
f 1270//4 1147//4 1146//4
f 1271//4 1148//4 1147//4
f 1365//4 1242//4 1241//4
f 1366//4 1243//4 1242//4
f 1367//4 1244//4 1243//4
f 1368//4 1245//4 1244//4
f 1369//4 1246//4 1245//4
f 1370//4 1247//4 1246//4
f 1371//4 1248//4 1247//4
f 1372//4 1249//4 1248//4
f 1373//4 1250//4 1249//4
f 1374//4 1251//4 1250//4
f 1375//4 1252//4 1251//4
f 1376//4 1253//4 1252//4
f 1377//4 1254//4 1253//4
f 1378//4 1255//4 1254//4
f 1379//4 1256//4 1255//4
f 1380//4 1257//4 1256//4
f 1381//4 1258//4 1257//4
f 1382//4 1259//4 1258//4
f 1383//4 1260//4 1259//4
f 1384//4 1261//4 1260//4
f 1385//4 1262//4 1261//4
f 1386//4 1263//4 1262//4
f 1387//4 1264//4 1263//4
f 1388//4 1265//4 1264//4
f 1389//4 1266//4 1265//4
f 1390//4 1267//4 1266//4
f 1391//4 1268//4 1267//4
f 1392//4 1269//4 1268//4
f 1393//4 1270//4 1269//4
f 1394//4 1271//4 1270//4
f 1395//4 1272//4 1271//4
f 1489//4 1366//4 1365//4
f 1490//4 1367//4 1366//4
f 1491//4 1368//4 1367//4
f 1492//4 1369//4 1368//4
f 1493//4 1370//4 1369//4
f 1494//4 1371//4 1370//4
f 1495//4 1372//4 1371//4
f 1496//4 1373//4 1372//4
f 1497//4 1374//4 1373//4
f 1498//4 1375//4 1374//4
f 1499//4 1376//4 1375//4
f 1500//4 1377//4 1376//4
f 1501//4 1378//4 1377//4
f 1502//4 1379//4 1378//4
f 1503//4 1380//4 1379//4
f 1504//4 1381//4 1380//4
f 1505//4 1382//4 1381//4
f 1506//4 1383//4 1382//4
f 1507//4 1384//4 1383//4
f 1508//4 1385//4 1384//4
f 1509//4 1386//4 1385//4
f 1510//4 1387//4 1386//4
f 1511//4 1388//4 1387//4
f 1512//4 1389//4 1388//4
f 1513//4 1390//4 1389//4
f 1514//4 1391//4 1390//4
f 1515//4 1392//4 1391//4
f 1516//4 1393//4 1392//4
f 1517//4 1394//4 1393//4
f 1518//4 1395//4 1394//4
f 1519//4 1396//4 1395//4
f 1613//4 1490//4 1489//4
f 1614//4 1491//4 1490//4
f 1615//4 1492//4 1491//4
f 1616//4 1493//4 1492//4
f 1617//4 1494//4 1493//4
f 1618//4 1495//4 1494//4
f 1619//4 1496//4 1495//4
f 1620//4 1497//4 1496//4
f 1621//4 1498//4 1497//4
f 1622//4 1499//4 1498//4
f 1623//4 1500//4 1499//4
f 1624//4 1501//4 1500//4
f 1625//4 1502//4 1501//4
f 1626//4 1503//4 1502//4
f 1627//4 1504//4 1503//4
f 1628//4 1505//4 1504//4
f 1629//4 1506//4 1505//4
f 1630//4 1507//4 1506//4
f 1631//4 1508//4 1507//4
f 1632//4 1509//4 1508//4
f 1633//4 1510//4 1509//4
f 1634//4 1511//4 1510//4
f 1635//4 1512//4 1511//4
f 1636//4 1513//4 1512//4
f 1637//4 1514//4 1513//4
f 1638//4 1515//4 1514//4
f 1639//4 1516//4 1515//4
f 1640//4 1517//4 1516//4
f 1641//4 1518//4 1517//4
f 1642//4 1519//4 1518//4
f 1643//4 1520//4 1519//4
f 1737//4 1614//4 1613//4
f 1738//4 1615//4 1614//4
f 1739//4 1616//4 1615//4
f 1740//4 1617//4 1616//4
f 1741//4 1618//4 1617//4
f 1742//4 1619//4 1618//4
f 1743//4 1620//4 1619//4
f 1744//4 1621//4 1620//4
f 1745//4 1622//4 1621//4
f 1746//4 1623//4 1622//4
f 1747//4 1624//4 1623//4
f 1748//4 1625//4 1624//4
f 1749//4 1626//4 1625//4
f 1750//4 1627//4 1626//4
f 1751//4 1628//4 1627//4
f 1752//4 1629//4 1628//4
f 1753//4 1630//4 1629//4
f 1754//4 1631//4 1630//4
f 1755//4 1632//4 1631//4
f 1756//4 1633//4 1632//4
f 1757//4 1634//4 1633//4
f 1758//4 1635//4 1634//4
f 1759//4 1636//4 1635//4
f 1760//4 1637//4 1636//4
f 1761//4 1638//4 1637//4
f 1762//4 1639//4 1638//4
f 1763//4 1640//4 1639//4
f 1764//4 1641//4 1640//4
f 1765//4 1642//4 1641//4
f 1766//4 1643//4 1642//4
f 1767//4 1644//4 1643//4
f 1861//4 1738//4 1737//4
f 1862//4 1739//4 1738//4
f 1863//4 1740//4 1739//4
f 1864//4 1741//4 1740//4
f 1865//4 1742//4 1741//4
f 1866//4 1743//4 1742//4
f 1867//4 1744//4 1743//4
f 1868//4 1745//4 1744//4
f 1869//4 1746//4 1745//4
f 1870//4 1747//4 1746//4
f 1871//4 1748//4 1747//4
f 1872//4 1749//4 1748//4
f 1873//4 1750//4 1749//4
f 1874//4 1751//4 1750//4
f 1875//4 1752//4 1751//4
f 1876//4 1753//4 1752//4
f 1877//4 1754//4 1753//4
f 1878//4 1755//4 1754//4
f 1879//4 1756//4 1755//4
f 1880//4 1757//4 1756//4
f 1881//4 1758//4 1757//4
f 1882//4 1759//4 1758//4
f 1883//4 1760//4 1759//4
f 1884//4 1761//4 1760//4
f 1885//4 1762//4 1761//4
f 1886//4 1763//4 1762//4
f 1887//4 1764//4 1763//4
f 1888//4 1765//4 1764//4
f 1889//4 1766//4 1765//4
f 1890//4 1767//4 1766//4
f 1891//4 1768//4 1767//4
f 1985//4 1862//4 1861//4
f 1986//4 1863//4 1862//4
f 1987//4 1864//4 1863//4
f 1988//4 1865//4 1864//4
f 1989//4 1866//4 1865//4
f 1990//4 1867//4 1866//4
f 1991//4 1868//4 1867//4
f 1992//4 1869//4 1868//4
f 1993//4 1870//4 1869//4
f 1994//4 1871//4 1870//4
f 1995//4 1872//4 1871//4
f 1996//4 1873//4 1872//4
f 1997//4 1874//4 1873//4
f 1998//4 1875//4 1874//4
f 1999//4 1876//4 1875//4
f 2000//4 1877//4 1876//4
f 2001//4 1878//4 1877//4
f 2002//4 1879//4 1878//4
f 2003//4 1880//4 1879//4
f 2004//4 1881//4 1880//4
f 2005//4 1882//4 1881//4
f 2006//4 1883//4 1882//4
f 2007//4 1884//4 1883//4
f 2008//4 1885//4 1884//4
f 2009//4 1886//4 1885//4
f 2010//4 1887//4 1886//4
f 2011//4 1888//4 1887//4
f 2012//4 1889//4 1888//4
f 2013//4 1890//4 1889//4
f 2014//4 1891//4 1890//4
f 2015//4 1892//4 1891//4
f 2109//4 1986//4 1985//4
f 2110//4 1987//4 1986//4
f 2111//4 1988//4 1987//4
f 2112//4 1989//4 1988//4
f 2113//4 1990//4 1989//4
f 2114//4 1991//4 1990//4
f 2115//4 1992//4 1991//4
f 2116//4 1993//4 1992//4
f 2117//4 1994//4 1993//4
f 2118//4 1995//4 1994//4
f 2119//4 1996//4 1995//4
f 2120//4 1997//4 1996//4
f 2121//4 1998//4 1997//4
f 2122//4 1999//4 1998//4
f 2123//4 2000//4 1999//4
f 2124//4 2001//4 2000//4
f 2125//4 2002//4 2001//4
f 2126//4 2003//4 2002//4
f 2127//4 2004//4 2003//4
f 2128//4 2005//4 2004//4
f 2129//4 2006//4 2005//4
f 2130//4 2007//4 2006//4
f 2131//4 2008//4 2007//4
f 2132//4 2009//4 2008//4
f 2133//4 2010//4 2009//4
f 2134//4 2011//4 2010//4
f 2135//4 2012//4 2011//4
f 2136//4 2013//4 2012//4
f 2137//4 2014//4 2013//4
f 2138//4 2015//4 2014//4
f 2139//4 2016//4 2015//4
f 2233//4 2110//4 2109//4
f 2234//4 2111//4 2110//4
f 2235//4 2112//4 2111//4
f 2236//4 2113//4 2112//4
f 2237//4 2114//4 2113//4
f 2238//4 2115//4 2114//4
f 2239//4 2116//4 2115//4
f 2240//4 2117//4 2116//4
f 2241//4 2118//4 2117//4
f 2242//4 2119//4 2118//4
f 2243//4 2120//4 2119//4
f 2244//4 2121//4 2120//4
f 2245//4 2122//4 2121//4
f 2246//4 2123//4 2122//4
f 2247//4 2124//4 2123//4
f 2248//4 2125//4 2124//4
f 2249//4 2126//4 2125//4
f 2250//4 2127//4 2126//4
f 2251//4 2128//4 2127//4
f 2252//4 2129//4 2128//4
f 2253//4 2130//4 2129//4
f 2254//4 2131//4 2130//4
f 2255//4 2132//4 2131//4
f 2256//4 2133//4 2132//4
f 2257//4 2134//4 2133//4
f 2258//4 2135//4 2134//4
f 2259//4 2136//4 2135//4
f 2260//4 2137//4 2136//4
f 2261//4 2138//4 2137//4
f 2262//4 2139//4 2138//4
f 2263//4 2140//4 2139//4
f 2357//4 2234//4 2233//4
f 2358//4 2235//4 2234//4
f 2359//4 2236//4 2235//4
f 2360//4 2237//4 2236//4
f 2361//4 2238//4 2237//4
f 2362//4 2239//4 2238//4
f 2363//4 2240//4 2239//4
f 2364//4 2241//4 2240//4
f 2365//4 2242//4 2241//4
f 2366//4 2243//4 2242//4
f 2367//4 2244//4 2243//4
f 2368//4 2245//4 2244//4
f 2369//4 2246//4 2245//4
f 2370//4 2247//4 2246//4
f 2371//4 2248//4 2247//4
f 2372//4 2249//4 2248//4
f 2373//4 2250//4 2249//4
f 2374//4 2251//4 2250//4
f 2375//4 2252//4 2251//4
f 2376//4 2253//4 2252//4
f 2377//4 2254//4 2253//4
f 2378//4 2255//4 2254//4
f 2379//4 2256//4 2255//4
f 2380//4 2257//4 2256//4
f 2381//4 2258//4 2257//4
f 2382//4 2259//4 2258//4
f 2383//4 2260//4 2259//4
f 2384//4 2261//4 2260//4
f 2385//4 2262//4 2261//4
f 2386//4 2263//4 2262//4
f 2387//4 2264//4 2263//4
f 2481//4 2358//4 2357//4
f 2482//4 2359//4 2358//4
f 2483//4 2360//4 2359//4
f 2484//4 2361//4 2360//4
f 2485//4 2362//4 2361//4
f 2486//4 2363//4 2362//4
f 2487//4 2364//4 2363//4
f 2488//4 2365//4 2364//4
f 2489//4 2366//4 2365//4
f 2490//4 2367//4 2366//4
f 2491//4 2368//4 2367//4
f 2492//4 2369//4 2368//4
f 2493//4 2370//4 2369//4
f 2494//4 2371//4 2370//4
f 2495//4 2372//4 2371//4
f 2496//4 2373//4 2372//4
f 2497//4 2374//4 2373//4
f 2498//4 2375//4 2374//4
f 2499//4 2376//4 2375//4
f 2500//4 2377//4 2376//4
f 2501//4 2378//4 2377//4
f 2502//4 2379//4 2378//4
f 2503//4 2380//4 2379//4
f 2504//4 2381//4 2380//4
f 2505//4 2382//4 2381//4
f 2506//4 2383//4 2382//4
f 2507//4 2384//4 2383//4
f 2508//4 2385//4 2384//4
f 2509//4 2386//4 2385//4
f 2510//4 2387//4 2386//4
f 2511//4 2388//4 2387//4
f 2605//4 2482//4 2481//4
f 2606//4 2483//4 2482//4
f 2607//4 2484//4 2483//4
f 2608//4 2485//4 2484//4
f 2609//4 2486//4 2485//4
f 2610//4 2487//4 2486//4
f 2611//4 2488//4 2487//4
f 2612//4 2489//4 2488//4
f 2613//4 2490//4 2489//4
f 2614//4 2491//4 2490//4
f 2615//4 2492//4 2491//4
f 2616//4 2493//4 2492//4
f 2617//4 2494//4 2493//4
f 2618//4 2495//4 2494//4
f 2619//4 2496//4 2495//4
f 2620//4 2497//4 2496//4
f 2621//4 2498//4 2497//4
f 2622//4 2499//4 2498//4
f 2623//4 2500//4 2499//4
f 2624//4 2501//4 2500//4
f 2625//4 2502//4 2501//4
f 2626//4 2503//4 2502//4
f 2627//4 2504//4 2503//4
f 2628//4 2505//4 2504//4
f 2629//4 2506//4 2505//4
f 2630//4 2507//4 2506//4
f 2631//4 2508//4 2507//4
f 2632//4 2509//4 2508//4
f 2633//4 2510//4 2509//4
f 2634//4 2511//4 2510//4
f 2635//4 2512//4 2511//4
f 2729//4 2606//4 2605//4
f 2730//4 2607//4 2606//4
f 2731//4 2608//4 2607//4
f 2732//4 2609//4 2608//4
f 2733//4 2610//4 2609//4
f 2734//4 2611//4 2610//4
f 2735//4 2612//4 2611//4
f 2736//4 2613//4 2612//4
f 2737//4 2614//4 2613//4
f 2738//4 2615//4 2614//4
f 2739//4 2616//4 2615//4
f 2740//4 2617//4 2616//4
f 2741//4 2618//4 2617//4
f 2742//4 2619//4 2618//4
f 2743//4 2620//4 2619//4
f 2744//4 2621//4 2620//4
f 2745//4 2622//4 2621//4
f 2746//4 2623//4 2622//4
f 2747//4 2624//4 2623//4
f 2748//4 2625//4 2624//4
f 2749//4 2626//4 2625//4
f 2750//4 2627//4 2626//4
f 2751//4 2628//4 2627//4
f 2752//4 2629//4 2628//4
f 2753//4 2630//4 2629//4
f 2754//4 2631//4 2630//4
f 2755//4 2632//4 2631//4
f 2756//4 2633//4 2632//4
f 2757//4 2634//4 2633//4
f 2758//4 2635//4 2634//4
f 2759//4 2636//4 2635//4
f 2853//4 2730//4 2729//4
f 2854//4 2731//4 2730//4
f 2855//4 2732//4 2731//4
f 2856//4 2733//4 2732//4
f 2857//4 2734//4 2733//4
f 2858//4 2735//4 2734//4
f 2859//4 2736//4 2735//4
f 2860//4 2737//4 2736//4
f 2861//4 2738//4 2737//4
f 2862//4 2739//4 2738//4
f 2863//4 2740//4 2739//4
f 2864//4 2741//4 2740//4
f 2865//4 2742//4 2741//4
f 2866//4 2743//4 2742//4
f 2867//4 2744//4 2743//4
f 2868//4 2745//4 2744//4
f 2869//4 2746//4 2745//4
f 2870//4 2747//4 2746//4
f 2871//4 2748//4 2747//4
f 2872//4 2749//4 2748//4
f 2873//4 2750//4 2749//4
f 2874//4 2751//4 2750//4
f 2875//4 2752//4 2751//4
f 2876//4 2753//4 2752//4
f 2877//4 2754//4 2753//4
f 2878//4 2755//4 2754//4
f 2879//4 2756//4 2755//4
f 2880//4 2757//4 2756//4
f 2881//4 2758//4 2757//4
f 2882//4 2759//4 2758//4
f 2883//4 2760//4 2759//4
f 2977//4 2854//4 2853//4
f 2978//4 2855//4 2854//4
f 2979//4 2856//4 2855//4
f 2980//4 2857//4 2856//4
f 2981//4 2858//4 2857//4
f 2982//4 2859//4 2858//4
f 2983//4 2860//4 2859//4
f 2984//4 2861//4 2860//4
f 2985//4 2862//4 2861//4
f 2986//4 2863//4 2862//4
f 2987//4 2864//4 2863//4
f 2988//4 2865//4 2864//4
f 2989//4 2866//4 2865//4
f 2990//4 2867//4 2866//4
f 2991//4 2868//4 2867//4
f 2992//4 2869//4 2868//4
f 2993//4 2870//4 2869//4
f 2994//4 2871//4 2870//4
f 2995//4 2872//4 2871//4
f 2996//4 2873//4 2872//4
f 2997//4 2874//4 2873//4
f 2998//4 2875//4 2874//4
f 2999//4 2876//4 2875//4
f 3000//4 2877//4 2876//4
f 3001//4 2878//4 2877//4
f 3002//4 2879//4 2878//4
f 3003//4 2880//4 2879//4
f 3004//4 2881//4 2880//4
f 3005//4 2882//4 2881//4
f 3006//4 2883//4 2882//4
f 3007//4 2884//4 2883//4
f 3101//4 2978//4 2977//4
f 3102//4 2979//4 2978//4
f 3103//4 2980//4 2979//4
f 3104//4 2981//4 2980//4
f 3105//4 2982//4 2981//4
f 3106//4 2983//4 2982//4
f 3107//4 2984//4 2983//4
f 3108//4 2985//4 2984//4
f 3109//4 2986//4 2985//4
f 3110//4 2987//4 2986//4
f 3111//4 2988//4 2987//4
f 3112//4 2989//4 2988//4
f 3113//4 2990//4 2989//4
f 3114//4 2991//4 2990//4
f 3115//4 2992//4 2991//4
f 3116//4 2993//4 2992//4
f 3117//4 2994//4 2993//4
f 3118//4 2995//4 2994//4
f 3119//4 2996//4 2995//4
f 3120//4 2997//4 2996//4
f 3121//4 2998//4 2997//4
f 3122//4 2999//4 2998//4
f 3123//4 3000//4 2999//4
f 3124//4 3001//4 3000//4
f 3125//4 3002//4 3001//4
f 3126//4 3003//4 3002//4
f 3127//4 3004//4 3003//4
f 3128//4 3005//4 3004//4
f 3129//4 3006//4 3005//4
f 3130//4 3007//4 3006//4
f 3131//4 3008//4 3007//4
f 3225//4 3102//4 3101//4
f 3226//4 3103//4 3102//4
f 3227//4 3104//4 3103//4
f 3228//4 3105//4 3104//4
f 3229//4 3106//4 3105//4
f 3230//4 3107//4 3106//4
f 3231//4 3108//4 3107//4
f 3232//4 3109//4 3108//4
f 3233//4 3110//4 3109//4
f 3234//4 3111//4 3110//4
f 3235//4 3112//4 3111//4
f 3236//4 3113//4 3112//4
f 3237//4 3114//4 3113//4
f 3238//4 3115//4 3114//4
f 3239//4 3116//4 3115//4
f 3240//4 3117//4 3116//4
f 3241//4 3118//4 3117//4
f 3242//4 3119//4 3118//4
f 3243//4 3120//4 3119//4
f 3244//4 3121//4 3120//4
f 3245//4 3122//4 3121//4
f 3246//4 3123//4 3122//4
f 3247//4 3124//4 3123//4
f 3248//4 3125//4 3124//4
f 3249//4 3126//4 3125//4
f 3250//4 3127//4 3126//4
f 3251//4 3128//4 3127//4
f 3252//4 3129//4 3128//4
f 3253//4 3130//4 3129//4
f 3254//4 3131//4 3130//4
f 3255//4 3132//4 3131//4
f 3349//4 3226//4 3225//4
f 3350//4 3227//4 3226//4
f 3351//4 3228//4 3227//4
f 3352//4 3229//4 3228//4
f 3353//4 3230//4 3229//4
f 3354//4 3231//4 3230//4
f 3355//4 3232//4 3231//4
f 3356//4 3233//4 3232//4
f 3357//4 3234//4 3233//4
f 3358//4 3235//4 3234//4
f 3359//4 3236//4 3235//4
f 3360//4 3237//4 3236//4
f 3361//4 3238//4 3237//4
f 3362//4 3239//4 3238//4
f 3363//4 3240//4 3239//4
f 3364//4 3241//4 3240//4
f 3365//4 3242//4 3241//4
f 3366//4 3243//4 3242//4
f 3367//4 3244//4 3243//4
f 3368//4 3245//4 3244//4
f 3369//4 3246//4 3245//4
f 3370//4 3247//4 3246//4
f 3371//4 3248//4 3247//4
f 3372//4 3249//4 3248//4
f 3373//4 3250//4 3249//4
f 3374//4 3251//4 3250//4
f 3375//4 3252//4 3251//4
f 3376//4 3253//4 3252//4
f 3377//4 3254//4 3253//4
f 3378//4 3255//4 3254//4
f 3379//4 3256//4 3255//4
f 3473//4 3350//4 3349//4
f 3474//4 3351//4 3350//4
f 3475//4 3352//4 3351//4
f 3476//4 3353//4 3352//4
f 3477//4 3354//4 3353//4
f 3478//4 3355//4 3354//4
f 3479//4 3356//4 3355//4
f 3480//4 3357//4 3356//4
f 3481//4 3358//4 3357//4
f 3482//4 3359//4 3358//4
f 3483//4 3360//4 3359//4
f 3484//4 3361//4 3360//4
f 3485//4 3362//4 3361//4
f 3486//4 3363//4 3362//4
f 3487//4 3364//4 3363//4
f 3488//4 3365//4 3364//4
f 3489//4 3366//4 3365//4
f 3490//4 3367//4 3366//4
f 3491//4 3368//4 3367//4
f 3492//4 3369//4 3368//4
f 3493//4 3370//4 3369//4
f 3494//4 3371//4 3370//4
f 3495//4 3372//4 3371//4
f 3496//4 3373//4 3372//4
f 3497//4 3374//4 3373//4
f 3498//4 3375//4 3374//4
f 3499//4 3376//4 3375//4
f 3500//4 3377//4 3376//4
f 3501//4 3378//4 3377//4
f 3502//4 3379//4 3378//4
f 3503//4 3380//4 3379//4
f 3597//4 3474//4 3473//4
f 3598//4 3475//4 3474//4
f 3599//4 3476//4 3475//4
f 3600//4 3477//4 3476//4
f 3601//4 3478//4 3477//4
f 3602//4 3479//4 3478//4
f 3603//4 3480//4 3479//4
f 3604//4 3481//4 3480//4
f 3605//4 3482//4 3481//4
f 3606//4 3483//4 3482//4
f 3607//4 3484//4 3483//4
f 3608//4 3485//4 3484//4
f 3609//4 3486//4 3485//4
f 3610//4 3487//4 3486//4
f 3611//4 3488//4 3487//4
f 3612//4 3489//4 3488//4
f 3613//4 3490//4 3489//4
f 3614//4 3491//4 3490//4
f 3615//4 3492//4 3491//4
f 3616//4 3493//4 3492//4
f 3617//4 3494//4 3493//4
f 3618//4 3495//4 3494//4
f 3619//4 3496//4 3495//4
f 3620//4 3497//4 3496//4
f 3621//4 3498//4 3497//4
f 3622//4 3499//4 3498//4
f 3623//4 3500//4 3499//4
f 3624//4 3501//4 3500//4
f 3625//4 3502//4 3501//4
f 3626//4 3503//4 3502//4
f 3627//4 3504//4 3503//4
f 3721//4 3598//4 3597//4
f 3722//4 3599//4 3598//4
f 3723//4 3600//4 3599//4
f 3724//4 3601//4 3600//4
f 3725//4 3602//4 3601//4
f 3726//4 3603//4 3602//4
f 3727//4 3604//4 3603//4
f 3728//4 3605//4 3604//4
f 3729//4 3606//4 3605//4
f 3730//4 3607//4 3606//4
f 3731//4 3608//4 3607//4
f 3732//4 3609//4 3608//4
f 3733//4 3610//4 3609//4
f 3734//4 3611//4 3610//4
f 3735//4 3612//4 3611//4
f 3736//4 3613//4 3612//4
f 3737//4 3614//4 3613//4
f 3738//4 3615//4 3614//4
f 3739//4 3616//4 3615//4
f 3740//4 3617//4 3616//4
f 3741//4 3618//4 3617//4
f 3742//4 3619//4 3618//4
f 3743//4 3620//4 3619//4
f 3744//4 3621//4 3620//4
f 3745//4 3622//4 3621//4
f 3746//4 3623//4 3622//4
f 3747//4 3624//4 3623//4
f 3748//4 3625//4 3624//4
f 3749//4 3626//4 3625//4
f 3750//4 3627//4 3626//4
f 3751//4 3628//4 3627//4
f 3845//4 3722//4 3721//4
f 3846//4 3723//4 3722//4
f 3847//4 3724//4 3723//4
f 3848//4 3725//4 3724//4
f 3849//4 3726//4 3725//4
f 3850//4 3727//4 3726//4
f 3851//4 3728//4 3727//4
f 3852//4 3729//4 3728//4
f 3853//4 3730//4 3729//4
f 3854//4 3731//4 3730//4
f 3855//4 3732//4 3731//4
f 3856//4 3733//4 3732//4
f 3857//4 3734//4 3733//4
f 3858//4 3735//4 3734//4
f 3859//4 3736//4 3735//4
f 3860//4 3737//4 3736//4
f 3861//4 3738//4 3737//4
f 3862//4 3739//4 3738//4
f 3863//4 3740//4 3739//4
f 3864//4 3741//4 3740//4
f 3865//4 3742//4 3741//4
f 3866//4 3743//4 3742//4
f 3867//4 3744//4 3743//4
f 3868//4 3745//4 3744//4
f 3869//4 3746//4 3745//4
f 3870//4 3747//4 3746//4
f 3871//4 3748//4 3747//4
f 3872//4 3749//4 3748//4
f 3873//4 3750//4 3749//4
f 3874//4 3751//4 3750//4
f 3875//4 3752//4 3751//4
f 3969//4 3846//4 3845//4
f 3970//4 3847//4 3846//4
f 3971//4 3848//4 3847//4
f 3972//4 3849//4 3848//4
f 3973//4 3850//4 3849//4
f 3974//4 3851//4 3850//4
f 3975//4 3852//4 3851//4
f 3976//4 3853//4 3852//4
f 3977//4 3854//4 3853//4
f 3978//4 3855//4 3854//4
f 3979//4 3856//4 3855//4
f 3980//4 3857//4 3856//4
f 3981//4 3858//4 3857//4
f 3982//4 3859//4 3858//4
f 3983//4 3860//4 3859//4
f 3984//4 3861//4 3860//4
f 3985//4 3862//4 3861//4
f 3986//4 3863//4 3862//4
f 3987//4 3864//4 3863//4
f 3988//4 3865//4 3864//4
f 3989//4 3866//4 3865//4
f 3990//4 3867//4 3866//4
f 3991//4 3868//4 3867//4
f 3992//4 3869//4 3868//4
f 3993//4 3870//4 3869//4
f 3994//4 3871//4 3870//4
f 3995//4 3872//4 3871//4
f 3996//4 3873//4 3872//4
f 3997//4 3874//4 3873//4
f 3998//4 3875//4 3874//4
f 3999//4 3876//4 3875//4
f 4093//4 3970//4 3969//4
f 4094//4 3971//4 3970//4
f 4095//4 3972//4 3971//4
f 4096//4 3973//4 3972//4
f 4097//4 3974//4 3973//4
f 4098//4 3975//4 3974//4
f 4099//4 3976//4 3975//4
f 4100//4 3977//4 3976//4
f 4101//4 3978//4 3977//4
f 4102//4 3979//4 3978//4
f 4103//4 3980//4 3979//4
f 4104//4 3981//4 3980//4
f 4105//4 3982//4 3981//4
f 4106//4 3983//4 3982//4
f 4107//4 3984//4 3983//4
f 4108//4 3985//4 3984//4
f 4109//4 3986//4 3985//4
f 4110//4 3987//4 3986//4
f 4111//4 3988//4 3987//4
f 4112//4 3989//4 3988//4
f 4113//4 3990//4 3989//4
f 4114//4 3991//4 3990//4
f 4115//4 3992//4 3991//4
f 4116//4 3993//4 3992//4
f 4117//4 3994//4 3993//4
f 4118//4 3995//4 3994//4
f 4119//4 3996//4 3995//4
f 4120//4 3997//4 3996//4
f 4121//4 3998//4 3997//4
f 4122//4 3999//4 3998//4
f 4123//4 4000//4 3999//4
f 4217//4 4094//4 4093//4
f 4218//4 4095//4 4094//4
f 4219//4 4096//4 4095//4
f 4220//4 4097//4 4096//4
f 4221//4 4098//4 4097//4
f 4222//4 4099//4 4098//4
f 4223//4 4100//4 4099//4
f 4224//4 4101//4 4100//4
f 4225//4 4102//4 4101//4
f 4226//4 4103//4 4102//4
f 4227//4 4104//4 4103//4
f 4228//4 4105//4 4104//4
f 4229//4 4106//4 4105//4
f 4230//4 4107//4 4106//4
f 4231//4 4108//4 4107//4
f 4232//4 4109//4 4108//4
f 4233//4 4110//4 4109//4
f 4234//4 4111//4 4110//4
f 4235//4 4112//4 4111//4
f 4236//4 4113//4 4112//4
f 4237//4 4114//4 4113//4
f 4238//4 4115//4 4114//4
f 4239//4 4116//4 4115//4
f 4240//4 4117//4 4116//4
f 4241//4 4118//4 4117//4
f 4242//4 4119//4 4118//4
f 4243//4 4120//4 4119//4
f 4244//4 4121//4 4120//4
f 4245//4 4122//4 4121//4
f 4246//4 4123//4 4122//4
f 4247//4 4124//4 4123//4
f 4341//4 4218//4 4217//4
f 4342//4 4219//4 4218//4
f 4343//4 4220//4 4219//4
f 4344//4 4221//4 4220//4
f 4345//4 4222//4 4221//4
f 4346//4 4223//4 4222//4
f 4347//4 4224//4 4223//4
f 4348//4 4225//4 4224//4
f 4349//4 4226//4 4225//4
f 4350//4 4227//4 4226//4
f 4351//4 4228//4 4227//4
f 4352//4 4229//4 4228//4
f 4353//4 4230//4 4229//4
f 4354//4 4231//4 4230//4
f 4355//4 4232//4 4231//4
f 4356//4 4233//4 4232//4
f 4357//4 4234//4 4233//4
f 4358//4 4235//4 4234//4
f 4359//4 4236//4 4235//4
f 4360//4 4237//4 4236//4
f 4361//4 4238//4 4237//4
f 4362//4 4239//4 4238//4
f 4363//4 4240//4 4239//4
f 4364//4 4241//4 4240//4
f 4365//4 4242//4 4241//4
f 4366//4 4243//4 4242//4
f 4367//4 4244//4 4243//4
f 4368//4 4245//4 4244//4
f 4369//4 4246//4 4245//4
f 4370//4 4247//4 4246//4
f 4371//4 4248//4 4247//4
f 4465//4 4342//4 4341//4
f 4466//4 4343//4 4342//4
f 4467//4 4344//4 4343//4
f 4468//4 4345//4 4344//4
f 4469//4 4346//4 4345//4
f 4470//4 4347//4 4346//4
f 4471//4 4348//4 4347//4
f 4472//4 4349//4 4348//4
f 4473//4 4350//4 4349//4
f 4474//4 4351//4 4350//4
f 4475//4 4352//4 4351//4
f 4476//4 4353//4 4352//4
f 4477//4 4354//4 4353//4
f 4478//4 4355//4 4354//4
f 4479//4 4356//4 4355//4
f 4480//4 4357//4 4356//4
f 4481//4 4358//4 4357//4
f 4482//4 4359//4 4358//4
f 4483//4 4360//4 4359//4
f 4484//4 4361//4 4360//4
f 4485//4 4362//4 4361//4
f 4486//4 4363//4 4362//4
f 4487//4 4364//4 4363//4
f 4488//4 4365//4 4364//4
f 4489//4 4366//4 4365//4
f 4490//4 4367//4 4366//4
f 4491//4 4368//4 4367//4
f 4492//4 4369//4 4368//4
f 4493//4 4370//4 4369//4
f 4494//4 4371//4 4370//4
f 4495//4 4372//4 4371//4
f 4589//4 4466//4 4465//4
f 4590//4 4467//4 4466//4
f 4591//4 4468//4 4467//4
f 4592//4 4469//4 4468//4
f 4593//4 4470//4 4469//4
f 4594//4 4471//4 4470//4
f 4595//4 4472//4 4471//4
f 4596//4 4473//4 4472//4
f 4597//4 4474//4 4473//4
f 4598//4 4475//4 4474//4
f 4599//4 4476//4 4475//4
f 4600//4 4477//4 4476//4
f 4601//4 4478//4 4477//4
f 4602//4 4479//4 4478//4
f 4603//4 4480//4 4479//4
f 4604//4 4481//4 4480//4
f 4605//4 4482//4 4481//4
f 4606//4 4483//4 4482//4
f 4607//4 4484//4 4483//4
f 4608//4 4485//4 4484//4
f 4609//4 4486//4 4485//4
f 4610//4 4487//4 4486//4
f 4611//4 4488//4 4487//4
f 4612//4 4489//4 4488//4
f 4613//4 4490//4 4489//4
f 4614//4 4491//4 4490//4
f 4615//4 4492//4 4491//4
f 4616//4 4493//4 4492//4
f 4617//4 4494//4 4493//4
f 4618//4 4495//4 4494//4
f 4619//4 4496//4 4495//4
f 4713//4 4590//4 4589//4
f 4714//4 4591//4 4590//4
f 4715//4 4592//4 4591//4
f 4716//4 4593//4 4592//4
f 4717//4 4594//4 4593//4
f 4718//4 4595//4 4594//4
f 4719//4 4596//4 4595//4
f 4720//4 4597//4 4596//4
f 4721//4 4598//4 4597//4
f 4722//4 4599//4 4598//4
f 4723//4 4600//4 4599//4
f 4724//4 4601//4 4600//4
f 4725//4 4602//4 4601//4
f 4726//4 4603//4 4602//4
f 4727//4 4604//4 4603//4
f 4728//4 4605//4 4604//4
f 4729//4 4606//4 4605//4
f 4730//4 4607//4 4606//4
f 4731//4 4608//4 4607//4
f 4732//4 4609//4 4608//4
f 4733//4 4610//4 4609//4
f 4734//4 4611//4 4610//4
f 4735//4 4612//4 4611//4
f 4736//4 4613//4 4612//4
f 4737//4 4614//4 4613//4
f 4738//4 4615//4 4614//4
f 4739//4 4616//4 4615//4
f 4740//4 4617//4 4616//4
f 4741//4 4618//4 4617//4
f 4742//4 4619//4 4618//4
f 4743//4 4620//4 4619//4
f 5737//4 4714//4 4713//4
f 5738//4 4715//4 4714//4
f 5739//4 4716//4 4715//4
f 5740//4 4717//4 4716//4
f 5741//4 4718//4 4717//4
f 5742//4 4719//4 4718//4
f 5743//4 4720//4 4719//4
f 5744//4 4721//4 4720//4
f 5745//4 4722//4 4721//4
f 5746//4 4723//4 4722//4
f 5747//4 4724//4 4723//4
f 5748//4 4725//4 4724//4
f 5749//4 4726//4 4725//4
f 5750//4 4727//4 4726//4
f 5751//4 4728//4 4727//4
f 5752//4 4729//4 4728//4
f 5753//4 4730//4 4729//4
f 5754//4 4731//4 4730//4
f 5755//4 4732//4 4731//4
f 5756//4 4733//4 4732//4
f 5757//4 4734//4 4733//4
f 5758//4 4735//4 4734//4
f 5759//4 4736//4 4735//4
f 5760//4 4737//4 4736//4
f 5761//4 4738//4 4737//4
f 5762//4 4739//4 4738//4
f 5763//4 4740//4 4739//4
f 5764//4 4741//4 4740//4
f 5765//4 4742//4 4741//4
f 5766//4 4743//4 4742//4
f 5767//4 4744//4 4743//4
f 1025//5 33//5 1//5
f 1057//5 65//5 33//5
f 1059//5 97//5 65//5
f 1061//5 129//5 97//5
f 1063//5 161//5 129//5
f 1065//5 193//5 161//5
f 1067//5 225//5 193//5
f 1069//5 257//5 225//5
f 1071//5 289//5 257//5
f 1073//5 321//5 289//5
f 1075//5 353//5 321//5
f 1077//5 385//5 353//5
f 1079//5 417//5 385//5
f 1081//5 449//5 417//5
f 1083//5 481//5 449//5
f 1085//5 513//5 481//5
f 1087//5 545//5 513//5
f 1089//5 577//5 545//5
f 1091//5 609//5 577//5
f 1093//5 641//5 609//5
f 1095//5 673//5 641//5
f 1097//5 705//5 673//5
f 1099//5 737//5 705//5
f 1101//5 769//5 737//5
f 1103//5 801//5 769//5
f 1105//5 833//5 801//5
f 1107//5 865//5 833//5
f 1109//5 897//5 865//5
f 1111//5 929//5 897//5
f 1113//5 961//5 929//5
f 1115//5 993//5 961//5
f 1149//5 1057//5 1025//5
f 1181//5 1059//5 1057//5
f 1183//5 1061//5 1059//5
f 1185//5 1063//5 1061//5
f 1187//5 1065//5 1063//5
f 1189//5 1067//5 1065//5
f 1191//5 1069//5 1067//5
f 1193//5 1071//5 1069//5
f 1195//5 1073//5 1071//5
f 1197//5 1075//5 1073//5
f 1199//5 1077//5 1075//5
f 1201//5 1079//5 1077//5
f 1203//5 1081//5 1079//5
f 1205//5 1083//5 1081//5
f 1207//5 1085//5 1083//5
f 1209//5 1087//5 1085//5
f 1211//5 1089//5 1087//5
f 1213//5 1091//5 1089//5
f 1215//5 1093//5 1091//5
f 1217//5 1095//5 1093//5
f 1219//5 1097//5 1095//5
f 1221//5 1099//5 1097//5
f 1223//5 1101//5 1099//5
f 1225//5 1103//5 1101//5
f 1227//5 1105//5 1103//5
f 1229//5 1107//5 1105//5
f 1231//5 1109//5 1107//5
f 1233//5 1111//5 1109//5
f 1235//5 1113//5 1111//5
f 1237//5 1115//5 1113//5
f 1239//5 1117//5 1115//5
f 1273//5 1181//5 1149//5
f 1305//5 1183//5 1181//5
f 1307//5 1185//5 1183//5
f 1309//5 1187//5 1185//5
f 1311//5 1189//5 1187//5
f 1313//5 1191//5 1189//5
f 1315//5 1193//5 1191//5
f 1317//5 1195//5 1193//5
f 1319//5 1197//5 1195//5
f 1321//5 1199//5 1197//5
f 1323//5 1201//5 1199//5
f 1325//5 1203//5 1201//5
f 1327//5 1205//5 1203//5
f 1329//5 1207//5 1205//5
f 1331//5 1209//5 1207//5
f 1333//5 1211//5 1209//5
f 1335//5 1213//5 1211//5
f 1337//5 1215//5 1213//5
f 1339//5 1217//5 1215//5
f 1341//5 1219//5 1217//5
f 1343//5 1221//5 1219//5
f 1345//5 1223//5 1221//5
f 1347//5 1225//5 1223//5
f 1349//5 1227//5 1225//5
f 1351//5 1229//5 1227//5
f 1353//5 1231//5 1229//5
f 1355//5 1233//5 1231//5
f 1357//5 1235//5 1233//5
f 1359//5 1237//5 1235//5
f 1361//5 1239//5 1237//5
f 1363//5 1241//5 1239//5
f 1397//5 1305//5 1273//5
f 1429//5 1307//5 1305//5
f 1431//5 1309//5 1307//5
f 1433//5 1311//5 1309//5
f 1435//5 1313//5 1311//5
f 1437//5 1315//5 1313//5
f 1439//5 1317//5 1315//5
f 1441//5 1319//5 1317//5
f 1443//5 1321//5 1319//5
f 1445//5 1323//5 1321//5
f 1447//5 1325//5 1323//5
f 1449//5 1327//5 1325//5
f 1451//5 1329//5 1327//5
f 1453//5 1331//5 1329//5
f 1455//5 1333//5 1331//5
f 1457//5 1335//5 1333//5
f 1459//5 1337//5 1335//5
f 1461//5 1339//5 1337//5
f 1463//5 1341//5 1339//5
f 1465//5 1343//5 1341//5
f 1467//5 1345//5 1343//5
f 1469//5 1347//5 1345//5
f 1471//5 1349//5 1347//5
f 1473//5 1351//5 1349//5
f 1475//5 1353//5 1351//5
f 1477//5 1355//5 1353//5
f 1479//5 1357//5 1355//5
f 1481//5 1359//5 1357//5
f 1483//5 1361//5 1359//5
f 1485//5 1363//5 1361//5
f 1487//5 1365//5 1363//5
f 1521//5 1429//5 1397//5
f 1553//5 1431//5 1429//5
f 1555//5 1433//5 1431//5
f 1557//5 1435//5 1433//5
f 1559//5 1437//5 1435//5
f 1561//5 1439//5 1437//5
f 1563//5 1441//5 1439//5
f 1565//5 1443//5 1441//5
f 1567//5 1445//5 1443//5
f 1569//5 1447//5 1445//5
f 1571//5 1449//5 1447//5
f 1573//5 1451//5 1449//5
f 1575//5 1453//5 1451//5
f 1577//5 1455//5 1453//5
f 1579//5 1457//5 1455//5
f 1581//5 1459//5 1457//5
f 1583//5 1461//5 1459//5
f 1585//5 1463//5 1461//5
f 1587//5 1465//5 1463//5
f 1589//5 1467//5 1465//5
f 1591//5 1469//5 1467//5
f 1593//5 1471//5 1469//5
f 1595//5 1473//5 1471//5
f 1597//5 1475//5 1473//5
f 1599//5 1477//5 1475//5
f 1601//5 1479//5 1477//5
f 1603//5 1481//5 1479//5
f 1605//5 1483//5 1481//5
f 1607//5 1485//5 1483//5
f 1609//5 1487//5 1485//5
f 1611//5 1489//5 1487//5
f 1645//5 1553//5 1521//5
f 1677//5 1555//5 1553//5
f 1679//5 1557//5 1555//5
f 1681//5 1559//5 1557//5
f 1683//5 1561//5 1559//5
f 1685//5 1563//5 1561//5
f 1687//5 1565//5 1563//5
f 1689//5 1567//5 1565//5
f 1691//5 1569//5 1567//5
f 1693//5 1571//5 1569//5
f 1695//5 1573//5 1571//5
f 1697//5 1575//5 1573//5
f 1699//5 1577//5 1575//5
f 1701//5 1579//5 1577//5
f 1703//5 1581//5 1579//5
f 1705//5 1583//5 1581//5
f 1707//5 1585//5 1583//5
f 1709//5 1587//5 1585//5
f 1711//5 1589//5 1587//5
f 1713//5 1591//5 1589//5
f 1715//5 1593//5 1591//5
f 1717//5 1595//5 1593//5
f 1719//5 1597//5 1595//5
f 1721//5 1599//5 1597//5
f 1723//5 1601//5 1599//5
f 1725//5 1603//5 1601//5
f 1727//5 1605//5 1603//5
f 1729//5 1607//5 1605//5
f 1731//5 1609//5 1607//5
f 1733//5 1611//5 1609//5
f 1735//5 1613//5 1611//5
f 1769//5 1677//5 1645//5
f 1801//5 1679//5 1677//5
f 1803//5 1681//5 1679//5
f 1805//5 1683//5 1681//5
f 1807//5 1685//5 1683//5
f 1809//5 1687//5 1685//5
f 1811//5 1689//5 1687//5
f 1813//5 1691//5 1689//5
f 1815//5 1693//5 1691//5
f 1817//5 1695//5 1693//5
f 1819//5 1697//5 1695//5
f 1821//5 1699//5 1697//5
f 1823//5 1701//5 1699//5
f 1825//5 1703//5 1701//5
f 1827//5 1705//5 1703//5
f 1829//5 1707//5 1705//5
f 1831//5 1709//5 1707//5
f 1833//5 1711//5 1709//5
f 1835//5 1713//5 1711//5
f 1837//5 1715//5 1713//5
f 1839//5 1717//5 1715//5
f 1841//5 1719//5 1717//5
f 1843//5 1721//5 1719//5
f 1845//5 1723//5 1721//5
f 1847//5 1725//5 1723//5
f 1849//5 1727//5 1725//5
f 1851//5 1729//5 1727//5
f 1853//5 1731//5 1729//5
f 1855//5 1733//5 1731//5
f 1857//5 1735//5 1733//5
f 1859//5 1737//5 1735//5
f 1893//5 1801//5 1769//5
f 1925//5 1803//5 1801//5
f 1927//5 1805//5 1803//5
f 1929//5 1807//5 1805//5
f 1931//5 1809//5 1807//5
f 1933//5 1811//5 1809//5
f 1935//5 1813//5 1811//5
f 1937//5 1815//5 1813//5
f 1939//5 1817//5 1815//5
f 1941//5 1819//5 1817//5
f 1943//5 1821//5 1819//5
f 1945//5 1823//5 1821//5
f 1947//5 1825//5 1823//5
f 1949//5 1827//5 1825//5
f 1951//5 1829//5 1827//5
f 1953//5 1831//5 1829//5
f 1955//5 1833//5 1831//5
f 1957//5 1835//5 1833//5
f 1959//5 1837//5 1835//5
f 1961//5 1839//5 1837//5
f 1963//5 1841//5 1839//5
f 1965//5 1843//5 1841//5
f 1967//5 1845//5 1843//5
f 1969//5 1847//5 1845//5
f 1971//5 1849//5 1847//5
f 1973//5 1851//5 1849//5
f 1975//5 1853//5 1851//5
f 1977//5 1855//5 1853//5
f 1979//5 1857//5 1855//5
f 1981//5 1859//5 1857//5
f 1983//5 1861//5 1859//5
f 2017//5 1925//5 1893//5
f 2049//5 1927//5 1925//5
f 2051//5 1929//5 1927//5
f 2053//5 1931//5 1929//5
f 2055//5 1933//5 1931//5
f 2057//5 1935//5 1933//5
f 2059//5 1937//5 1935//5
f 2061//5 1939//5 1937//5
f 2063//5 1941//5 1939//5
f 2065//5 1943//5 1941//5
f 2067//5 1945//5 1943//5
f 2069//5 1947//5 1945//5
f 2071//5 1949//5 1947//5
f 2073//5 1951//5 1949//5
f 2075//5 1953//5 1951//5
f 2077//5 1955//5 1953//5
f 2079//5 1957//5 1955//5
f 2081//5 1959//5 1957//5
f 2083//5 1961//5 1959//5
f 2085//5 1963//5 1961//5
f 2087//5 1965//5 1963//5
f 2089//5 1967//5 1965//5
f 2091//5 1969//5 1967//5
f 2093//5 1971//5 1969//5
f 2095//5 1973//5 1971//5
f 2097//5 1975//5 1973//5
f 2099//5 1977//5 1975//5
f 2101//5 1979//5 1977//5
f 2103//5 1981//5 1979//5
f 2105//5 1983//5 1981//5
f 2107//5 1985//5 1983//5
f 2141//5 2049//5 2017//5
f 2173//5 2051//5 2049//5
f 2175//5 2053//5 2051//5
f 2177//5 2055//5 2053//5
f 2179//5 2057//5 2055//5
f 2181//5 2059//5 2057//5
f 2183//5 2061//5 2059//5
f 2185//5 2063//5 2061//5
f 2187//5 2065//5 2063//5
f 2189//5 2067//5 2065//5
f 2191//5 2069//5 2067//5
f 2193//5 2071//5 2069//5
f 2195//5 2073//5 2071//5
f 2197//5 2075//5 2073//5
f 2199//5 2077//5 2075//5
f 2201//5 2079//5 2077//5
f 2203//5 2081//5 2079//5
f 2205//5 2083//5 2081//5
f 2207//5 2085//5 2083//5
f 2209//5 2087//5 2085//5
f 2211//5 2089//5 2087//5
f 2213//5 2091//5 2089//5
f 2215//5 2093//5 2091//5
f 2217//5 2095//5 2093//5
f 2219//5 2097//5 2095//5
f 2221//5 2099//5 2097//5
f 2223//5 2101//5 2099//5
f 2225//5 2103//5 2101//5
f 2227//5 2105//5 2103//5
f 2229//5 2107//5 2105//5
f 2231//5 2109//5 2107//5
f 2265//5 2173//5 2141//5
f 2297//5 2175//5 2173//5
f 2299//5 2177//5 2175//5
f 2301//5 2179//5 2177//5
f 2303//5 2181//5 2179//5
f 2305//5 2183//5 2181//5
f 2307//5 2185//5 2183//5
f 2309//5 2187//5 2185//5
f 2311//5 2189//5 2187//5
f 2313//5 2191//5 2189//5
f 2315//5 2193//5 2191//5
f 2317//5 2195//5 2193//5
f 2319//5 2197//5 2195//5
f 2321//5 2199//5 2197//5
f 2323//5 2201//5 2199//5
f 2325//5 2203//5 2201//5
f 2327//5 2205//5 2203//5
f 2329//5 2207//5 2205//5
f 2331//5 2209//5 2207//5
f 2333//5 2211//5 2209//5
f 2335//5 2213//5 2211//5
f 2337//5 2215//5 2213//5
f 2339//5 2217//5 2215//5
f 2341//5 2219//5 2217//5
f 2343//5 2221//5 2219//5
f 2345//5 2223//5 2221//5
f 2347//5 2225//5 2223//5
f 2349//5 2227//5 2225//5
f 2351//5 2229//5 2227//5
f 2353//5 2231//5 2229//5
f 2355//5 2233//5 2231//5
f 2389//5 2297//5 2265//5
f 2421//5 2299//5 2297//5
f 2423//5 2301//5 2299//5
f 2425//5 2303//5 2301//5
f 2427//5 2305//5 2303//5
f 2429//5 2307//5 2305//5
f 2431//5 2309//5 2307//5
f 2433//5 2311//5 2309//5
f 2435//5 2313//5 2311//5
f 2437//5 2315//5 2313//5
f 2439//5 2317//5 2315//5
f 2441//5 2319//5 2317//5
f 2443//5 2321//5 2319//5
f 2445//5 2323//5 2321//5
f 2447//5 2325//5 2323//5
f 2449//5 2327//5 2325//5
f 2451//5 2329//5 2327//5
f 2453//5 2331//5 2329//5
f 2455//5 2333//5 2331//5
f 2457//5 2335//5 2333//5
f 2459//5 2337//5 2335//5
f 2461//5 2339//5 2337//5
f 2463//5 2341//5 2339//5
f 2465//5 2343//5 2341//5
f 2467//5 2345//5 2343//5
f 2469//5 2347//5 2345//5
f 2471//5 2349//5 2347//5
f 2473//5 2351//5 2349//5
f 2475//5 2353//5 2351//5
f 2477//5 2355//5 2353//5
f 2479//5 2357//5 2355//5
f 2513//5 2421//5 2389//5
f 2545//5 2423//5 2421//5
f 2547//5 2425//5 2423//5
f 2549//5 2427//5 2425//5
f 2551//5 2429//5 2427//5
f 2553//5 2431//5 2429//5
f 2555//5 2433//5 2431//5
f 2557//5 2435//5 2433//5
f 2559//5 2437//5 2435//5
f 2561//5 2439//5 2437//5
f 2563//5 2441//5 2439//5
f 2565//5 2443//5 2441//5
f 2567//5 2445//5 2443//5
f 2569//5 2447//5 2445//5
f 2571//5 2449//5 2447//5
f 2573//5 2451//5 2449//5
f 2575//5 2453//5 2451//5
f 2577//5 2455//5 2453//5
f 2579//5 2457//5 2455//5
f 2581//5 2459//5 2457//5
f 2583//5 2461//5 2459//5
f 2585//5 2463//5 2461//5
f 2587//5 2465//5 2463//5
f 2589//5 2467//5 2465//5
f 2591//5 2469//5 2467//5
f 2593//5 2471//5 2469//5
f 2595//5 2473//5 2471//5
f 2597//5 2475//5 2473//5
f 2599//5 2477//5 2475//5
f 2601//5 2479//5 2477//5
f 2603//5 2481//5 2479//5
f 2637//5 2545//5 2513//5
f 2669//5 2547//5 2545//5
f 2671//5 2549//5 2547//5
f 2673//5 2551//5 2549//5
f 2675//5 2553//5 2551//5
f 2677//5 2555//5 2553//5
f 2679//5 2557//5 2555//5
f 2681//5 2559//5 2557//5
f 2683//5 2561//5 2559//5
f 2685//5 2563//5 2561//5
f 2687//5 2565//5 2563//5
f 2689//5 2567//5 2565//5
f 2691//5 2569//5 2567//5
f 2693//5 2571//5 2569//5
f 2695//5 2573//5 2571//5
f 2697//5 2575//5 2573//5
f 2699//5 2577//5 2575//5
f 2701//5 2579//5 2577//5
f 2703//5 2581//5 2579//5
f 2705//5 2583//5 2581//5
f 2707//5 2585//5 2583//5
f 2709//5 2587//5 2585//5
f 2711//5 2589//5 2587//5
f 2713//5 2591//5 2589//5
f 2715//5 2593//5 2591//5
f 2717//5 2595//5 2593//5
f 2719//5 2597//5 2595//5
f 2721//5 2599//5 2597//5
f 2723//5 2601//5 2599//5
f 2725//5 2603//5 2601//5
f 2727//5 2605//5 2603//5
f 2761//5 2669//5 2637//5
f 2793//5 2671//5 2669//5
f 2795//5 2673//5 2671//5
f 2797//5 2675//5 2673//5
f 2799//5 2677//5 2675//5
f 2801//5 2679//5 2677//5
f 2803//5 2681//5 2679//5
f 2805//5 2683//5 2681//5
f 2807//5 2685//5 2683//5
f 2809//5 2687//5 2685//5
f 2811//5 2689//5 2687//5
f 2813//5 2691//5 2689//5
f 2815//5 2693//5 2691//5
f 2817//5 2695//5 2693//5
f 2819//5 2697//5 2695//5
f 2821//5 2699//5 2697//5
f 2823//5 2701//5 2699//5
f 2825//5 2703//5 2701//5
f 2827//5 2705//5 2703//5
f 2829//5 2707//5 2705//5
f 2831//5 2709//5 2707//5
f 2833//5 2711//5 2709//5
f 2835//5 2713//5 2711//5
f 2837//5 2715//5 2713//5
f 2839//5 2717//5 2715//5
f 2841//5 2719//5 2717//5
f 2843//5 2721//5 2719//5
f 2845//5 2723//5 2721//5
f 2847//5 2725//5 2723//5
f 2849//5 2727//5 2725//5
f 2851//5 2729//5 2727//5
f 2885//5 2793//5 2761//5
f 2917//5 2795//5 2793//5
f 2919//5 2797//5 2795//5
f 2921//5 2799//5 2797//5
f 2923//5 2801//5 2799//5
f 2925//5 2803//5 2801//5
f 2927//5 2805//5 2803//5
f 2929//5 2807//5 2805//5
f 2931//5 2809//5 2807//5
f 2933//5 2811//5 2809//5
f 2935//5 2813//5 2811//5
f 2937//5 2815//5 2813//5
f 2939//5 2817//5 2815//5
f 2941//5 2819//5 2817//5
f 2943//5 2821//5 2819//5
f 2945//5 2823//5 2821//5
f 2947//5 2825//5 2823//5
f 2949//5 2827//5 2825//5
f 2951//5 2829//5 2827//5
f 2953//5 2831//5 2829//5
f 2955//5 2833//5 2831//5
f 2957//5 2835//5 2833//5
f 2959//5 2837//5 2835//5
f 2961//5 2839//5 2837//5
f 2963//5 2841//5 2839//5
f 2965//5 2843//5 2841//5
f 2967//5 2845//5 2843//5
f 2969//5 2847//5 2845//5
f 2971//5 2849//5 2847//5
f 2973//5 2851//5 2849//5
f 2975//5 2853//5 2851//5
f 3009//5 2917//5 2885//5
f 3041//5 2919//5 2917//5
f 3043//5 2921//5 2919//5
f 3045//5 2923//5 2921//5
f 3047//5 2925//5 2923//5
f 3049//5 2927//5 2925//5
f 3051//5 2929//5 2927//5
f 3053//5 2931//5 2929//5
f 3055//5 2933//5 2931//5
f 3057//5 2935//5 2933//5
f 3059//5 2937//5 2935//5
f 3061//5 2939//5 2937//5
f 3063//5 2941//5 2939//5
f 3065//5 2943//5 2941//5
f 3067//5 2945//5 2943//5
f 3069//5 2947//5 2945//5
f 3071//5 2949//5 2947//5
f 3073//5 2951//5 2949//5
f 3075//5 2953//5 2951//5
f 3077//5 2955//5 2953//5
f 3079//5 2957//5 2955//5
f 3081//5 2959//5 2957//5
f 3083//5 2961//5 2959//5
f 3085//5 2963//5 2961//5
f 3087//5 2965//5 2963//5
f 3089//5 2967//5 2965//5
f 3091//5 2969//5 2967//5
f 3093//5 2971//5 2969//5
f 3095//5 2973//5 2971//5
f 3097//5 2975//5 2973//5
f 3099//5 2977//5 2975//5
f 3133//5 3041//5 3009//5
f 3165//5 3043//5 3041//5
f 3167//5 3045//5 3043//5
f 3169//5 3047//5 3045//5
f 3171//5 3049//5 3047//5
f 3173//5 3051//5 3049//5
f 3175//5 3053//5 3051//5
f 3177//5 3055//5 3053//5
f 3179//5 3057//5 3055//5
f 3181//5 3059//5 3057//5
f 3183//5 3061//5 3059//5
f 3185//5 3063//5 3061//5
f 3187//5 3065//5 3063//5
f 3189//5 3067//5 3065//5
f 3191//5 3069//5 3067//5
f 3193//5 3071//5 3069//5
f 3195//5 3073//5 3071//5
f 3197//5 3075//5 3073//5
f 3199//5 3077//5 3075//5
f 3201//5 3079//5 3077//5
f 3203//5 3081//5 3079//5
f 3205//5 3083//5 3081//5
f 3207//5 3085//5 3083//5
f 3209//5 3087//5 3085//5
f 3211//5 3089//5 3087//5
f 3213//5 3091//5 3089//5
f 3215//5 3093//5 3091//5
f 3217//5 3095//5 3093//5
f 3219//5 3097//5 3095//5
f 3221//5 3099//5 3097//5
f 3223//5 3101//5 3099//5
f 3257//5 3165//5 3133//5
f 3289//5 3167//5 3165//5
f 3291//5 3169//5 3167//5
f 3293//5 3171//5 3169//5
f 3295//5 3173//5 3171//5
f 3297//5 3175//5 3173//5
f 3299//5 3177//5 3175//5
f 3301//5 3179//5 3177//5
f 3303//5 3181//5 3179//5
f 3305//5 3183//5 3181//5
f 3307//5 3185//5 3183//5
f 3309//5 3187//5 3185//5
f 3311//5 3189//5 3187//5
f 3313//5 3191//5 3189//5
f 3315//5 3193//5 3191//5
f 3317//5 3195//5 3193//5
f 3319//5 3197//5 3195//5
f 3321//5 3199//5 3197//5
f 3323//5 3201//5 3199//5
f 3325//5 3203//5 3201//5
f 3327//5 3205//5 3203//5
f 3329//5 3207//5 3205//5
f 3331//5 3209//5 3207//5
f 3333//5 3211//5 3209//5
f 3335//5 3213//5 3211//5
f 3337//5 3215//5 3213//5
f 3339//5 3217//5 3215//5
f 3341//5 3219//5 3217//5
f 3343//5 3221//5 3219//5
f 3345//5 3223//5 3221//5
f 3347//5 3225//5 3223//5
f 3381//5 3289//5 3257//5
f 3413//5 3291//5 3289//5
f 3415//5 3293//5 3291//5
f 3417//5 3295//5 3293//5
f 3419//5 3297//5 3295//5
f 3421//5 3299//5 3297//5
f 3423//5 3301//5 3299//5
f 3425//5 3303//5 3301//5
f 3427//5 3305//5 3303//5
f 3429//5 3307//5 3305//5
f 3431//5 3309//5 3307//5
f 3433//5 3311//5 3309//5
f 3435//5 3313//5 3311//5
f 3437//5 3315//5 3313//5
f 3439//5 3317//5 3315//5
f 3441//5 3319//5 3317//5
f 3443//5 3321//5 3319//5
f 3445//5 3323//5 3321//5
f 3447//5 3325//5 3323//5
f 3449//5 3327//5 3325//5
f 3451//5 3329//5 3327//5
f 3453//5 3331//5 3329//5
f 3455//5 3333//5 3331//5
f 3457//5 3335//5 3333//5
f 3459//5 3337//5 3335//5
f 3461//5 3339//5 3337//5
f 3463//5 3341//5 3339//5
f 3465//5 3343//5 3341//5
f 3467//5 3345//5 3343//5
f 3469//5 3347//5 3345//5
f 3471//5 3349//5 3347//5
f 3505//5 3413//5 3381//5
f 3537//5 3415//5 3413//5
f 3539//5 3417//5 3415//5
f 3541//5 3419//5 3417//5
f 3543//5 3421//5 3419//5
f 3545//5 3423//5 3421//5
f 3547//5 3425//5 3423//5
f 3549//5 3427//5 3425//5
f 3551//5 3429//5 3427//5
f 3553//5 3431//5 3429//5
f 3555//5 3433//5 3431//5
f 3557//5 3435//5 3433//5
f 3559//5 3437//5 3435//5
f 3561//5 3439//5 3437//5
f 3563//5 3441//5 3439//5
f 3565//5 3443//5 3441//5
f 3567//5 3445//5 3443//5
f 3569//5 3447//5 3445//5
f 3571//5 3449//5 3447//5
f 3573//5 3451//5 3449//5
f 3575//5 3453//5 3451//5
f 3577//5 3455//5 3453//5
f 3579//5 3457//5 3455//5
f 3581//5 3459//5 3457//5
f 3583//5 3461//5 3459//5
f 3585//5 3463//5 3461//5
f 3587//5 3465//5 3463//5
f 3589//5 3467//5 3465//5
f 3591//5 3469//5 3467//5
f 3593//5 3471//5 3469//5
f 3595//5 3473//5 3471//5
f 3629//5 3537//5 3505//5
f 3661//5 3539//5 3537//5
f 3663//5 3541//5 3539//5
f 3665//5 3543//5 3541//5
f 3667//5 3545//5 3543//5
f 3669//5 3547//5 3545//5
f 3671//5 3549//5 3547//5
f 3673//5 3551//5 3549//5
f 3675//5 3553//5 3551//5
f 3677//5 3555//5 3553//5
f 3679//5 3557//5 3555//5
f 3681//5 3559//5 3557//5
f 3683//5 3561//5 3559//5
f 3685//5 3563//5 3561//5
f 3687//5 3565//5 3563//5
f 3689//5 3567//5 3565//5
f 3691//5 3569//5 3567//5
f 3693//5 3571//5 3569//5
f 3695//5 3573//5 3571//5
f 3697//5 3575//5 3573//5
f 3699//5 3577//5 3575//5
f 3701//5 3579//5 3577//5
f 3703//5 3581//5 3579//5
f 3705//5 3583//5 3581//5
f 3707//5 3585//5 3583//5
f 3709//5 3587//5 3585//5
f 3711//5 3589//5 3587//5
f 3713//5 3591//5 3589//5
f 3715//5 3593//5 3591//5
f 3717//5 3595//5 3593//5
f 3719//5 3597//5 3595//5
f 3753//5 3661//5 3629//5
f 3785//5 3663//5 3661//5
f 3787//5 3665//5 3663//5
f 3789//5 3667//5 3665//5
f 3791//5 3669//5 3667//5
f 3793//5 3671//5 3669//5
f 3795//5 3673//5 3671//5
f 3797//5 3675//5 3673//5
f 3799//5 3677//5 3675//5
f 3801//5 3679//5 3677//5
f 3803//5 3681//5 3679//5
f 3805//5 3683//5 3681//5
f 3807//5 3685//5 3683//5
f 3809//5 3687//5 3685//5
f 3811//5 3689//5 3687//5
f 3813//5 3691//5 3689//5
f 3815//5 3693//5 3691//5
f 3817//5 3695//5 3693//5
f 3819//5 3697//5 3695//5
f 3821//5 3699//5 3697//5
f 3823//5 3701//5 3699//5
f 3825//5 3703//5 3701//5
f 3827//5 3705//5 3703//5
f 3829//5 3707//5 3705//5
f 3831//5 3709//5 3707//5
f 3833//5 3711//5 3709//5
f 3835//5 3713//5 3711//5
f 3837//5 3715//5 3713//5
f 3839//5 3717//5 3715//5
f 3841//5 3719//5 3717//5
f 3843//5 3721//5 3719//5
f 3877//5 3785//5 3753//5
f 3909//5 3787//5 3785//5
f 3911//5 3789//5 3787//5
f 3913//5 3791//5 3789//5
f 3915//5 3793//5 3791//5
f 3917//5 3795//5 3793//5
f 3919//5 3797//5 3795//5
f 3921//5 3799//5 3797//5
f 3923//5 3801//5 3799//5
f 3925//5 3803//5 3801//5
f 3927//5 3805//5 3803//5
f 3929//5 3807//5 3805//5
f 3931//5 3809//5 3807//5
f 3933//5 3811//5 3809//5
f 3935//5 3813//5 3811//5
f 3937//5 3815//5 3813//5
f 3939//5 3817//5 3815//5
f 3941//5 3819//5 3817//5
f 3943//5 3821//5 3819//5
f 3945//5 3823//5 3821//5
f 3947//5 3825//5 3823//5
f 3949//5 3827//5 3825//5
f 3951//5 3829//5 3827//5
f 3953//5 3831//5 3829//5
f 3955//5 3833//5 3831//5
f 3957//5 3835//5 3833//5
f 3959//5 3837//5 3835//5
f 3961//5 3839//5 3837//5
f 3963//5 3841//5 3839//5
f 3965//5 3843//5 3841//5
f 3967//5 3845//5 3843//5
f 4001//5 3909//5 3877//5
f 4033//5 3911//5 3909//5
f 4035//5 3913//5 3911//5
f 4037//5 3915//5 3913//5
f 4039//5 3917//5 3915//5
f 4041//5 3919//5 3917//5
f 4043//5 3921//5 3919//5
f 4045//5 3923//5 3921//5
f 4047//5 3925//5 3923//5
f 4049//5 3927//5 3925//5
f 4051//5 3929//5 3927//5
f 4053//5 3931//5 3929//5
f 4055//5 3933//5 3931//5
f 4057//5 3935//5 3933//5
f 4059//5 3937//5 3935//5
f 4061//5 3939//5 3937//5
f 4063//5 3941//5 3939//5
f 4065//5 3943//5 3941//5
f 4067//5 3945//5 3943//5
f 4069//5 3947//5 3945//5
f 4071//5 3949//5 3947//5
f 4073//5 3951//5 3949//5
f 4075//5 3953//5 3951//5
f 4077//5 3955//5 3953//5
f 4079//5 3957//5 3955//5
f 4081//5 3959//5 3957//5
f 4083//5 3961//5 3959//5
f 4085//5 3963//5 3961//5
f 4087//5 3965//5 3963//5
f 4089//5 3967//5 3965//5
f 4091//5 3969//5 3967//5
f 4125//5 4033//5 4001//5
f 4157//5 4035//5 4033//5
f 4159//5 4037//5 4035//5
f 4161//5 4039//5 4037//5
f 4163//5 4041//5 4039//5
f 4165//5 4043//5 4041//5
f 4167//5 4045//5 4043//5
f 4169//5 4047//5 4045//5
f 4171//5 4049//5 4047//5
f 4173//5 4051//5 4049//5
f 4175//5 4053//5 4051//5
f 4177//5 4055//5 4053//5
f 4179//5 4057//5 4055//5
f 4181//5 4059//5 4057//5
f 4183//5 4061//5 4059//5
f 4185//5 4063//5 4061//5
f 4187//5 4065//5 4063//5
f 4189//5 4067//5 4065//5
f 4191//5 4069//5 4067//5
f 4193//5 4071//5 4069//5
f 4195//5 4073//5 4071//5
f 4197//5 4075//5 4073//5
f 4199//5 4077//5 4075//5
f 4201//5 4079//5 4077//5
f 4203//5 4081//5 4079//5
f 4205//5 4083//5 4081//5
f 4207//5 4085//5 4083//5
f 4209//5 4087//5 4085//5
f 4211//5 4089//5 4087//5
f 4213//5 4091//5 4089//5
f 4215//5 4093//5 4091//5
f 4249//5 4157//5 4125//5
f 4281//5 4159//5 4157//5
f 4283//5 4161//5 4159//5
f 4285//5 4163//5 4161//5
f 4287//5 4165//5 4163//5
f 4289//5 4167//5 4165//5
f 4291//5 4169//5 4167//5
f 4293//5 4171//5 4169//5
f 4295//5 4173//5 4171//5
f 4297//5 4175//5 4173//5
f 4299//5 4177//5 4175//5
f 4301//5 4179//5 4177//5
f 4303//5 4181//5 4179//5
f 4305//5 4183//5 4181//5
f 4307//5 4185//5 4183//5
f 4309//5 4187//5 4185//5
f 4311//5 4189//5 4187//5
f 4313//5 4191//5 4189//5
f 4315//5 4193//5 4191//5
f 4317//5 4195//5 4193//5
f 4319//5 4197//5 4195//5
f 4321//5 4199//5 4197//5
f 4323//5 4201//5 4199//5
f 4325//5 4203//5 4201//5
f 4327//5 4205//5 4203//5
f 4329//5 4207//5 4205//5
f 4331//5 4209//5 4207//5
f 4333//5 4211//5 4209//5
f 4335//5 4213//5 4211//5
f 4337//5 4215//5 4213//5
f 4339//5 4217//5 4215//5
f 4373//5 4281//5 4249//5
f 4405//5 4283//5 4281//5
f 4407//5 4285//5 4283//5
f 4409//5 4287//5 4285//5
f 4411//5 4289//5 4287//5
f 4413//5 4291//5 4289//5
f 4415//5 4293//5 4291//5
f 4417//5 4295//5 4293//5
f 4419//5 4297//5 4295//5
f 4421//5 4299//5 4297//5
f 4423//5 4301//5 4299//5
f 4425//5 4303//5 4301//5
f 4427//5 4305//5 4303//5
f 4429//5 4307//5 4305//5
f 4431//5 4309//5 4307//5
f 4433//5 4311//5 4309//5
f 4435//5 4313//5 4311//5
f 4437//5 4315//5 4313//5
f 4439//5 4317//5 4315//5
f 4441//5 4319//5 4317//5
f 4443//5 4321//5 4319//5
f 4445//5 4323//5 4321//5
f 4447//5 4325//5 4323//5
f 4449//5 4327//5 4325//5
f 4451//5 4329//5 4327//5
f 4453//5 4331//5 4329//5
f 4455//5 4333//5 4331//5
f 4457//5 4335//5 4333//5
f 4459//5 4337//5 4335//5
f 4461//5 4339//5 4337//5
f 4463//5 4341//5 4339//5
f 4497//5 4405//5 4373//5
f 4529//5 4407//5 4405//5
f 4531//5 4409//5 4407//5
f 4533//5 4411//5 4409//5
f 4535//5 4413//5 4411//5
f 4537//5 4415//5 4413//5
f 4539//5 4417//5 4415//5
f 4541//5 4419//5 4417//5
f 4543//5 4421//5 4419//5
f 4545//5 4423//5 4421//5
f 4547//5 4425//5 4423//5
f 4549//5 4427//5 4425//5
f 4551//5 4429//5 4427//5
f 4553//5 4431//5 4429//5
f 4555//5 4433//5 4431//5
f 4557//5 4435//5 4433//5
f 4559//5 4437//5 4435//5
f 4561//5 4439//5 4437//5
f 4563//5 4441//5 4439//5
f 4565//5 4443//5 4441//5
f 4567//5 4445//5 4443//5
f 4569//5 4447//5 4445//5
f 4571//5 4449//5 4447//5
f 4573//5 4451//5 4449//5
f 4575//5 4453//5 4451//5
f 4577//5 4455//5 4453//5
f 4579//5 4457//5 4455//5
f 4581//5 4459//5 4457//5
f 4583//5 4461//5 4459//5
f 4585//5 4463//5 4461//5
f 4587//5 4465//5 4463//5
f 4621//5 4529//5 4497//5
f 4653//5 4531//5 4529//5
f 4655//5 4533//5 4531//5
f 4657//5 4535//5 4533//5
f 4659//5 4537//5 4535//5
f 4661//5 4539//5 4537//5
f 4663//5 4541//5 4539//5
f 4665//5 4543//5 4541//5
f 4667//5 4545//5 4543//5
f 4669//5 4547//5 4545//5
f 4671//5 4549//5 4547//5
f 4673//5 4551//5 4549//5
f 4675//5 4553//5 4551//5
f 4677//5 4555//5 4553//5
f 4679//5 4557//5 4555//5
f 4681//5 4559//5 4557//5
f 4683//5 4561//5 4559//5
f 4685//5 4563//5 4561//5
f 4687//5 4565//5 4563//5
f 4689//5 4567//5 4565//5
f 4691//5 4569//5 4567//5
f 4693//5 4571//5 4569//5
f 4695//5 4573//5 4571//5
f 4697//5 4575//5 4573//5
f 4699//5 4577//5 4575//5
f 4701//5 4579//5 4577//5
f 4703//5 4581//5 4579//5
f 4705//5 4583//5 4581//5
f 4707//5 4585//5 4583//5
f 4709//5 4587//5 4585//5
f 4711//5 4589//5 4587//5
f 4745//5 4653//5 4621//5
f 4777//5 4655//5 4653//5
f 4809//5 4657//5 4655//5
f 4841//5 4659//5 4657//5
f 4873//5 4661//5 4659//5
f 4905//5 4663//5 4661//5
f 4937//5 4665//5 4663//5
f 4969//5 4667//5 4665//5
f 5001//5 4669//5 4667//5
f 5033//5 4671//5 4669//5
f 5065//5 4673//5 4671//5
f 5097//5 4675//5 4673//5
f 5129//5 4677//5 4675//5
f 5161//5 4679//5 4677//5
f 5193//5 4681//5 4679//5
f 5225//5 4683//5 4681//5
f 5257//5 4685//5 4683//5
f 5289//5 4687//5 4685//5
f 5321//5 4689//5 4687//5
f 5353//5 4691//5 4689//5
f 5385//5 4693//5 4691//5
f 5417//5 4695//5 4693//5
f 5449//5 4697//5 4695//5
f 5481//5 4699//5 4697//5
f 5513//5 4701//5 4699//5
f 5545//5 4703//5 4701//5
f 5577//5 4705//5 4703//5
f 5609//5 4707//5 4705//5
f 5641//5 4709//5 4707//5
f 5673//5 4711//5 4709//5
f 5705//5 4713//5 4711//5
f 64//6 1056//6 32//6
f 96//6 1058//6 64//6
f 128//6 1060//6 96//6
f 160//6 1062//6 128//6
f 192//6 1064//6 160//6
f 224//6 1066//6 192//6
f 256//6 1068//6 224//6
f 288//6 1070//6 256//6
f 320//6 1072//6 288//6
f 352//6 1074//6 320//6
f 384//6 1076//6 352//6
f 416//6 1078//6 384//6
f 448//6 1080//6 416//6
f 480//6 1082//6 448//6
f 512//6 1084//6 480//6
f 544//6 1086//6 512//6
f 576//6 1088//6 544//6
f 608//6 1090//6 576//6
f 640//6 1092//6 608//6
f 672//6 1094//6 640//6
f 704//6 1096//6 672//6
f 736//6 1098//6 704//6
f 768//6 1100//6 736//6
f 800//6 1102//6 768//6
f 832//6 1104//6 800//6
f 864//6 1106//6 832//6
f 896//6 1108//6 864//6
f 928//6 1110//6 896//6
f 960//6 1112//6 928//6
f 992//6 1114//6 960//6
f 1024//6 1116//6 992//6
f 1058//6 1180//6 1056//6
f 1060//6 1182//6 1058//6
f 1062//6 1184//6 1060//6
f 1064//6 1186//6 1062//6
f 1066//6 1188//6 1064//6
f 1068//6 1190//6 1066//6
f 1070//6 1192//6 1068//6
f 1072//6 1194//6 1070//6
f 1074//6 1196//6 1072//6
f 1076//6 1198//6 1074//6
f 1078//6 1200//6 1076//6
f 1080//6 1202//6 1078//6
f 1082//6 1204//6 1080//6
f 1084//6 1206//6 1082//6
f 1086//6 1208//6 1084//6
f 1088//6 1210//6 1086//6
f 1090//6 1212//6 1088//6
f 1092//6 1214//6 1090//6
f 1094//6 1216//6 1092//6
f 1096//6 1218//6 1094//6
f 1098//6 1220//6 1096//6
f 1100//6 1222//6 1098//6
f 1102//6 1224//6 1100//6
f 1104//6 1226//6 1102//6
f 1106//6 1228//6 1104//6
f 1108//6 1230//6 1106//6
f 1110//6 1232//6 1108//6
f 1112//6 1234//6 1110//6
f 1114//6 1236//6 1112//6
f 1116//6 1238//6 1114//6
f 1148//6 1240//6 1116//6
f 1182//6 1304//6 1180//6
f 1184//6 1306//6 1182//6
f 1186//6 1308//6 1184//6
f 1188//6 1310//6 1186//6
f 1190//6 1312//6 1188//6
f 1192//6 1314//6 1190//6
f 1194//6 1316//6 1192//6
f 1196//6 1318//6 1194//6
f 1198//6 1320//6 1196//6
f 1200//6 1322//6 1198//6
f 1202//6 1324//6 1200//6
f 1204//6 1326//6 1202//6
f 1206//6 1328//6 1204//6
f 1208//6 1330//6 1206//6
f 1210//6 1332//6 1208//6
f 1212//6 1334//6 1210//6
f 1214//6 1336//6 1212//6
f 1216//6 1338//6 1214//6
f 1218//6 1340//6 1216//6
f 1220//6 1342//6 1218//6
f 1222//6 1344//6 1220//6
f 1224//6 1346//6 1222//6
f 1226//6 1348//6 1224//6
f 1228//6 1350//6 1226//6
f 1230//6 1352//6 1228//6
f 1232//6 1354//6 1230//6
f 1234//6 1356//6 1232//6
f 1236//6 1358//6 1234//6
f 1238//6 1360//6 1236//6
f 1240//6 1362//6 1238//6
f 1272//6 1364//6 1240//6
f 1306//6 1428//6 1304//6
f 1308//6 1430//6 1306//6
f 1310//6 1432//6 1308//6
f 1312//6 1434//6 1310//6
f 1314//6 1436//6 1312//6
f 1316//6 1438//6 1314//6
f 1318//6 1440//6 1316//6
f 1320//6 1442//6 1318//6
f 1322//6 1444//6 1320//6
f 1324//6 1446//6 1322//6
f 1326//6 1448//6 1324//6
f 1328//6 1450//6 1326//6
f 1330//6 1452//6 1328//6
f 1332//6 1454//6 1330//6
f 1334//6 1456//6 1332//6
f 1336//6 1458//6 1334//6
f 1338//6 1460//6 1336//6
f 1340//6 1462//6 1338//6
f 1342//6 1464//6 1340//6
f 1344//6 1466//6 1342//6
f 1346//6 1468//6 1344//6
f 1348//6 1470//6 1346//6
f 1350//6 1472//6 1348//6
f 1352//6 1474//6 1350//6
f 1354//6 1476//6 1352//6
f 1356//6 1478//6 1354//6
f 1358//6 1480//6 1356//6
f 1360//6 1482//6 1358//6
f 1362//6 1484//6 1360//6
f 1364//6 1486//6 1362//6
f 1396//6 1488//6 1364//6
f 1430//6 1552//6 1428//6
f 1432//6 1554//6 1430//6
f 1434//6 1556//6 1432//6
f 1436//6 1558//6 1434//6
f 1438//6 1560//6 1436//6
f 1440//6 1562//6 1438//6
f 1442//6 1564//6 1440//6
f 1444//6 1566//6 1442//6
f 1446//6 1568//6 1444//6
f 1448//6 1570//6 1446//6
f 1450//6 1572//6 1448//6
f 1452//6 1574//6 1450//6
f 1454//6 1576//6 1452//6
f 1456//6 1578//6 1454//6
f 1458//6 1580//6 1456//6
f 1460//6 1582//6 1458//6
f 1462//6 1584//6 1460//6
f 1464//6 1586//6 1462//6
f 1466//6 1588//6 1464//6
f 1468//6 1590//6 1466//6
f 1470//6 1592//6 1468//6
f 1472//6 1594//6 1470//6
f 1474//6 1596//6 1472//6
f 1476//6 1598//6 1474//6
f 1478//6 1600//6 1476//6
f 1480//6 1602//6 1478//6
f 1482//6 1604//6 1480//6
f 1484//6 1606//6 1482//6
f 1486//6 1608//6 1484//6
f 1488//6 1610//6 1486//6
f 1520//6 1612//6 1488//6
f 1554//6 1676//6 1552//6
f 1556//6 1678//6 1554//6
f 1558//6 1680//6 1556//6
f 1560//6 1682//6 1558//6
f 1562//6 1684//6 1560//6
f 1564//6 1686//6 1562//6
f 1566//6 1688//6 1564//6
f 1568//6 1690//6 1566//6
f 1570//6 1692//6 1568//6
f 1572//6 1694//6 1570//6
f 1574//6 1696//6 1572//6
f 1576//6 1698//6 1574//6
f 1578//6 1700//6 1576//6
f 1580//6 1702//6 1578//6
f 1582//6 1704//6 1580//6
f 1584//6 1706//6 1582//6
f 1586//6 1708//6 1584//6
f 1588//6 1710//6 1586//6
f 1590//6 1712//6 1588//6
f 1592//6 1714//6 1590//6
f 1594//6 1716//6 1592//6
f 1596//6 1718//6 1594//6
f 1598//6 1720//6 1596//6
f 1600//6 1722//6 1598//6
f 1602//6 1724//6 1600//6
f 1604//6 1726//6 1602//6
f 1606//6 1728//6 1604//6
f 1608//6 1730//6 1606//6
f 1610//6 1732//6 1608//6
f 1612//6 1734//6 1610//6
f 1644//6 1736//6 1612//6
f 1678//6 1800//6 1676//6
f 1680//6 1802//6 1678//6
f 1682//6 1804//6 1680//6
f 1684//6 1806//6 1682//6
f 1686//6 1808//6 1684//6
f 1688//6 1810//6 1686//6
f 1690//6 1812//6 1688//6
f 1692//6 1814//6 1690//6
f 1694//6 1816//6 1692//6
f 1696//6 1818//6 1694//6
f 1698//6 1820//6 1696//6
f 1700//6 1822//6 1698//6
f 1702//6 1824//6 1700//6
f 1704//6 1826//6 1702//6
f 1706//6 1828//6 1704//6
f 1708//6 1830//6 1706//6
f 1710//6 1832//6 1708//6
f 1712//6 1834//6 1710//6
f 1714//6 1836//6 1712//6
f 1716//6 1838//6 1714//6
f 1718//6 1840//6 1716//6
f 1720//6 1842//6 1718//6
f 1722//6 1844//6 1720//6
f 1724//6 1846//6 1722//6
f 1726//6 1848//6 1724//6
f 1728//6 1850//6 1726//6
f 1730//6 1852//6 1728//6
f 1732//6 1854//6 1730//6
f 1734//6 1856//6 1732//6
f 1736//6 1858//6 1734//6
f 1768//6 1860//6 1736//6
f 1802//6 1924//6 1800//6
f 1804//6 1926//6 1802//6
f 1806//6 1928//6 1804//6
f 1808//6 1930//6 1806//6
f 1810//6 1932//6 1808//6
f 1812//6 1934//6 1810//6
f 1814//6 1936//6 1812//6
f 1816//6 1938//6 1814//6
f 1818//6 1940//6 1816//6
f 1820//6 1942//6 1818//6
f 1822//6 1944//6 1820//6
f 1824//6 1946//6 1822//6
f 1826//6 1948//6 1824//6
f 1828//6 1950//6 1826//6
f 1830//6 1952//6 1828//6
f 1832//6 1954//6 1830//6
f 1834//6 1956//6 1832//6
f 1836//6 1958//6 1834//6
f 1838//6 1960//6 1836//6
f 1840//6 1962//6 1838//6
f 1842//6 1964//6 1840//6
f 1844//6 1966//6 1842//6
f 1846//6 1968//6 1844//6
f 1848//6 1970//6 1846//6
f 1850//6 1972//6 1848//6
f 1852//6 1974//6 1850//6
f 1854//6 1976//6 1852//6
f 1856//6 1978//6 1854//6
f 1858//6 1980//6 1856//6
f 1860//6 1982//6 1858//6
f 1892//6 1984//6 1860//6
f 1926//6 2048//6 1924//6
f 1928//6 2050//6 1926//6
f 1930//6 2052//6 1928//6
f 1932//6 2054//6 1930//6
f 1934//6 2056//6 1932//6
f 1936//6 2058//6 1934//6
f 1938//6 2060//6 1936//6
f 1940//6 2062//6 1938//6
f 1942//6 2064//6 1940//6
f 1944//6 2066//6 1942//6
f 1946//6 2068//6 1944//6
f 1948//6 2070//6 1946//6
f 1950//6 2072//6 1948//6
f 1952//6 2074//6 1950//6
f 1954//6 2076//6 1952//6
f 1956//6 2078//6 1954//6
f 1958//6 2080//6 1956//6
f 1960//6 2082//6 1958//6
f 1962//6 2084//6 1960//6
f 1964//6 2086//6 1962//6
f 1966//6 2088//6 1964//6
f 1968//6 2090//6 1966//6
f 1970//6 2092//6 1968//6
f 1972//6 2094//6 1970//6
f 1974//6 2096//6 1972//6
f 1976//6 2098//6 1974//6
f 1978//6 2100//6 1976//6
f 1980//6 2102//6 1978//6
f 1982//6 2104//6 1980//6
f 1984//6 2106//6 1982//6
f 2016//6 2108//6 1984//6
f 2050//6 2172//6 2048//6
f 2052//6 2174//6 2050//6
f 2054//6 2176//6 2052//6
f 2056//6 2178//6 2054//6
f 2058//6 2180//6 2056//6
f 2060//6 2182//6 2058//6
f 2062//6 2184//6 2060//6
f 2064//6 2186//6 2062//6
f 2066//6 2188//6 2064//6
f 2068//6 2190//6 2066//6
f 2070//6 2192//6 2068//6
f 2072//6 2194//6 2070//6
f 2074//6 2196//6 2072//6
f 2076//6 2198//6 2074//6
f 2078//6 2200//6 2076//6
f 2080//6 2202//6 2078//6
f 2082//6 2204//6 2080//6
f 2084//6 2206//6 2082//6
f 2086//6 2208//6 2084//6
f 2088//6 2210//6 2086//6
f 2090//6 2212//6 2088//6
f 2092//6 2214//6 2090//6
f 2094//6 2216//6 2092//6
f 2096//6 2218//6 2094//6
f 2098//6 2220//6 2096//6
f 2100//6 2222//6 2098//6
f 2102//6 2224//6 2100//6
f 2104//6 2226//6 2102//6
f 2106//6 2228//6 2104//6
f 2108//6 2230//6 2106//6
f 2140//6 2232//6 2108//6
f 2174//6 2296//6 2172//6
f 2176//6 2298//6 2174//6
f 2178//6 2300//6 2176//6
f 2180//6 2302//6 2178//6
f 2182//6 2304//6 2180//6
f 2184//6 2306//6 2182//6
f 2186//6 2308//6 2184//6
f 2188//6 2310//6 2186//6
f 2190//6 2312//6 2188//6
f 2192//6 2314//6 2190//6
f 2194//6 2316//6 2192//6
f 2196//6 2318//6 2194//6
f 2198//6 2320//6 2196//6
f 2200//6 2322//6 2198//6
f 2202//6 2324//6 2200//6
f 2204//6 2326//6 2202//6
f 2206//6 2328//6 2204//6
f 2208//6 2330//6 2206//6
f 2210//6 2332//6 2208//6
f 2212//6 2334//6 2210//6
f 2214//6 2336//6 2212//6
f 2216//6 2338//6 2214//6
f 2218//6 2340//6 2216//6
f 2220//6 2342//6 2218//6
f 2222//6 2344//6 2220//6
f 2224//6 2346//6 2222//6
f 2226//6 2348//6 2224//6
f 2228//6 2350//6 2226//6
f 2230//6 2352//6 2228//6
f 2232//6 2354//6 2230//6
f 2264//6 2356//6 2232//6
f 2298//6 2420//6 2296//6
f 2300//6 2422//6 2298//6
f 2302//6 2424//6 2300//6
f 2304//6 2426//6 2302//6
f 2306//6 2428//6 2304//6
f 2308//6 2430//6 2306//6
f 2310//6 2432//6 2308//6
f 2312//6 2434//6 2310//6
f 2314//6 2436//6 2312//6
f 2316//6 2438//6 2314//6
f 2318//6 2440//6 2316//6
f 2320//6 2442//6 2318//6
f 2322//6 2444//6 2320//6
f 2324//6 2446//6 2322//6
f 2326//6 2448//6 2324//6
f 2328//6 2450//6 2326//6
f 2330//6 2452//6 2328//6
f 2332//6 2454//6 2330//6
f 2334//6 2456//6 2332//6
f 2336//6 2458//6 2334//6
f 2338//6 2460//6 2336//6
f 2340//6 2462//6 2338//6
f 2342//6 2464//6 2340//6
f 2344//6 2466//6 2342//6
f 2346//6 2468//6 2344//6
f 2348//6 2470//6 2346//6
f 2350//6 2472//6 2348//6
f 2352//6 2474//6 2350//6
f 2354//6 2476//6 2352//6
f 2356//6 2478//6 2354//6
f 2388//6 2480//6 2356//6
f 2422//6 2544//6 2420//6
f 2424//6 2546//6 2422//6
f 2426//6 2548//6 2424//6
f 2428//6 2550//6 2426//6
f 2430//6 2552//6 2428//6
f 2432//6 2554//6 2430//6
f 2434//6 2556//6 2432//6
f 2436//6 2558//6 2434//6
f 2438//6 2560//6 2436//6
f 2440//6 2562//6 2438//6
f 2442//6 2564//6 2440//6
f 2444//6 2566//6 2442//6
f 2446//6 2568//6 2444//6
f 2448//6 2570//6 2446//6
f 2450//6 2572//6 2448//6
f 2452//6 2574//6 2450//6
f 2454//6 2576//6 2452//6
f 2456//6 2578//6 2454//6
f 2458//6 2580//6 2456//6
f 2460//6 2582//6 2458//6
f 2462//6 2584//6 2460//6
f 2464//6 2586//6 2462//6
f 2466//6 2588//6 2464//6
f 2468//6 2590//6 2466//6
f 2470//6 2592//6 2468//6
f 2472//6 2594//6 2470//6
f 2474//6 2596//6 2472//6
f 2476//6 2598//6 2474//6
f 2478//6 2600//6 2476//6
f 2480//6 2602//6 2478//6
f 2512//6 2604//6 2480//6
f 2546//6 2668//6 2544//6
f 2548//6 2670//6 2546//6
f 2550//6 2672//6 2548//6
f 2552//6 2674//6 2550//6
f 2554//6 2676//6 2552//6
f 2556//6 2678//6 2554//6
f 2558//6 2680//6 2556//6
f 2560//6 2682//6 2558//6
f 2562//6 2684//6 2560//6
f 2564//6 2686//6 2562//6
f 2566//6 2688//6 2564//6
f 2568//6 2690//6 2566//6
f 2570//6 2692//6 2568//6
f 2572//6 2694//6 2570//6
f 2574//6 2696//6 2572//6
f 2576//6 2698//6 2574//6
f 2578//6 2700//6 2576//6
f 2580//6 2702//6 2578//6
f 2582//6 2704//6 2580//6
f 2584//6 2706//6 2582//6
f 2586//6 2708//6 2584//6
f 2588//6 2710//6 2586//6
f 2590//6 2712//6 2588//6
f 2592//6 2714//6 2590//6
f 2594//6 2716//6 2592//6
f 2596//6 2718//6 2594//6
f 2598//6 2720//6 2596//6
f 2600//6 2722//6 2598//6
f 2602//6 2724//6 2600//6
f 2604//6 2726//6 2602//6
f 2636//6 2728//6 2604//6
f 2670//6 2792//6 2668//6
f 2672//6 2794//6 2670//6
f 2674//6 2796//6 2672//6
f 2676//6 2798//6 2674//6
f 2678//6 2800//6 2676//6
f 2680//6 2802//6 2678//6
f 2682//6 2804//6 2680//6
f 2684//6 2806//6 2682//6
f 2686//6 2808//6 2684//6
f 2688//6 2810//6 2686//6
f 2690//6 2812//6 2688//6
f 2692//6 2814//6 2690//6
f 2694//6 2816//6 2692//6
f 2696//6 2818//6 2694//6
f 2698//6 2820//6 2696//6
f 2700//6 2822//6 2698//6
f 2702//6 2824//6 2700//6
f 2704//6 2826//6 2702//6
f 2706//6 2828//6 2704//6
f 2708//6 2830//6 2706//6
f 2710//6 2832//6 2708//6
f 2712//6 2834//6 2710//6
f 2714//6 2836//6 2712//6
f 2716//6 2838//6 2714//6
f 2718//6 2840//6 2716//6
f 2720//6 2842//6 2718//6
f 2722//6 2844//6 2720//6
f 2724//6 2846//6 2722//6
f 2726//6 2848//6 2724//6
f 2728//6 2850//6 2726//6
f 2760//6 2852//6 2728//6
f 2794//6 2916//6 2792//6
f 2796//6 2918//6 2794//6
f 2798//6 2920//6 2796//6
f 2800//6 2922//6 2798//6
f 2802//6 2924//6 2800//6
f 2804//6 2926//6 2802//6
f 2806//6 2928//6 2804//6
f 2808//6 2930//6 2806//6
f 2810//6 2932//6 2808//6
f 2812//6 2934//6 2810//6
f 2814//6 2936//6 2812//6
f 2816//6 2938//6 2814//6
f 2818//6 2940//6 2816//6
f 2820//6 2942//6 2818//6
f 2822//6 2944//6 2820//6
f 2824//6 2946//6 2822//6
f 2826//6 2948//6 2824//6
f 2828//6 2950//6 2826//6
f 2830//6 2952//6 2828//6
f 2832//6 2954//6 2830//6
f 2834//6 2956//6 2832//6
f 2836//6 2958//6 2834//6
f 2838//6 2960//6 2836//6
f 2840//6 2962//6 2838//6
f 2842//6 2964//6 2840//6
f 2844//6 2966//6 2842//6
f 2846//6 2968//6 2844//6
f 2848//6 2970//6 2846//6
f 2850//6 2972//6 2848//6
f 2852//6 2974//6 2850//6
f 2884//6 2976//6 2852//6
f 2918//6 3040//6 2916//6
f 2920//6 3042//6 2918//6
f 2922//6 3044//6 2920//6
f 2924//6 3046//6 2922//6
f 2926//6 3048//6 2924//6
f 2928//6 3050//6 2926//6
f 2930//6 3052//6 2928//6
f 2932//6 3054//6 2930//6
f 2934//6 3056//6 2932//6
f 2936//6 3058//6 2934//6
f 2938//6 3060//6 2936//6
f 2940//6 3062//6 2938//6
f 2942//6 3064//6 2940//6
f 2944//6 3066//6 2942//6
f 2946//6 3068//6 2944//6
f 2948//6 3070//6 2946//6
f 2950//6 3072//6 2948//6
f 2952//6 3074//6 2950//6
f 2954//6 3076//6 2952//6
f 2956//6 3078//6 2954//6
f 2958//6 3080//6 2956//6
f 2960//6 3082//6 2958//6
f 2962//6 3084//6 2960//6
f 2964//6 3086//6 2962//6
f 2966//6 3088//6 2964//6
f 2968//6 3090//6 2966//6
f 2970//6 3092//6 2968//6
f 2972//6 3094//6 2970//6
f 2974//6 3096//6 2972//6
f 2976//6 3098//6 2974//6
f 3008//6 3100//6 2976//6
f 3042//6 3164//6 3040//6
f 3044//6 3166//6 3042//6
f 3046//6 3168//6 3044//6
f 3048//6 3170//6 3046//6
f 3050//6 3172//6 3048//6
f 3052//6 3174//6 3050//6
f 3054//6 3176//6 3052//6
f 3056//6 3178//6 3054//6
f 3058//6 3180//6 3056//6
f 3060//6 3182//6 3058//6
f 3062//6 3184//6 3060//6
f 3064//6 3186//6 3062//6
f 3066//6 3188//6 3064//6
f 3068//6 3190//6 3066//6
f 3070//6 3192//6 3068//6
f 3072//6 3194//6 3070//6
f 3074//6 3196//6 3072//6
f 3076//6 3198//6 3074//6
f 3078//6 3200//6 3076//6
f 3080//6 3202//6 3078//6
f 3082//6 3204//6 3080//6
f 3084//6 3206//6 3082//6
f 3086//6 3208//6 3084//6
f 3088//6 3210//6 3086//6
f 3090//6 3212//6 3088//6
f 3092//6 3214//6 3090//6
f 3094//6 3216//6 3092//6
f 3096//6 3218//6 3094//6
f 3098//6 3220//6 3096//6
f 3100//6 3222//6 3098//6
f 3132//6 3224//6 3100//6
f 3166//6 3288//6 3164//6
f 3168//6 3290//6 3166//6
f 3170//6 3292//6 3168//6
f 3172//6 3294//6 3170//6
f 3174//6 3296//6 3172//6
f 3176//6 3298//6 3174//6
f 3178//6 3300//6 3176//6
f 3180//6 3302//6 3178//6
f 3182//6 3304//6 3180//6
f 3184//6 3306//6 3182//6
f 3186//6 3308//6 3184//6
f 3188//6 3310//6 3186//6
f 3190//6 3312//6 3188//6
f 3192//6 3314//6 3190//6
f 3194//6 3316//6 3192//6
f 3196//6 3318//6 3194//6
f 3198//6 3320//6 3196//6
f 3200//6 3322//6 3198//6
f 3202//6 3324//6 3200//6
f 3204//6 3326//6 3202//6
f 3206//6 3328//6 3204//6
f 3208//6 3330//6 3206//6
f 3210//6 3332//6 3208//6
f 3212//6 3334//6 3210//6
f 3214//6 3336//6 3212//6
f 3216//6 3338//6 3214//6
f 3218//6 3340//6 3216//6
f 3220//6 3342//6 3218//6
f 3222//6 3344//6 3220//6
f 3224//6 3346//6 3222//6
f 3256//6 3348//6 3224//6
f 3290//6 3412//6 3288//6
f 3292//6 3414//6 3290//6
f 3294//6 3416//6 3292//6
f 3296//6 3418//6 3294//6
f 3298//6 3420//6 3296//6
f 3300//6 3422//6 3298//6
f 3302//6 3424//6 3300//6
f 3304//6 3426//6 3302//6
f 3306//6 3428//6 3304//6
f 3308//6 3430//6 3306//6
f 3310//6 3432//6 3308//6
f 3312//6 3434//6 3310//6
f 3314//6 3436//6 3312//6
f 3316//6 3438//6 3314//6
f 3318//6 3440//6 3316//6
f 3320//6 3442//6 3318//6
f 3322//6 3444//6 3320//6
f 3324//6 3446//6 3322//6
f 3326//6 3448//6 3324//6
f 3328//6 3450//6 3326//6
f 3330//6 3452//6 3328//6
f 3332//6 3454//6 3330//6
f 3334//6 3456//6 3332//6
f 3336//6 3458//6 3334//6
f 3338//6 3460//6 3336//6
f 3340//6 3462//6 3338//6
f 3342//6 3464//6 3340//6
f 3344//6 3466//6 3342//6
f 3346//6 3468//6 3344//6
f 3348//6 3470//6 3346//6
f 3380//6 3472//6 3348//6
f 3414//6 3536//6 3412//6
f 3416//6 3538//6 3414//6
f 3418//6 3540//6 3416//6
f 3420//6 3542//6 3418//6
f 3422//6 3544//6 3420//6
f 3424//6 3546//6 3422//6
f 3426//6 3548//6 3424//6
f 3428//6 3550//6 3426//6
f 3430//6 3552//6 3428//6
f 3432//6 3554//6 3430//6
f 3434//6 3556//6 3432//6
f 3436//6 3558//6 3434//6
f 3438//6 3560//6 3436//6
f 3440//6 3562//6 3438//6
f 3442//6 3564//6 3440//6
f 3444//6 3566//6 3442//6
f 3446//6 3568//6 3444//6
f 3448//6 3570//6 3446//6
f 3450//6 3572//6 3448//6
f 3452//6 3574//6 3450//6
f 3454//6 3576//6 3452//6
f 3456//6 3578//6 3454//6
f 3458//6 3580//6 3456//6
f 3460//6 3582//6 3458//6
f 3462//6 3584//6 3460//6
f 3464//6 3586//6 3462//6
f 3466//6 3588//6 3464//6
f 3468//6 3590//6 3466//6
f 3470//6 3592//6 3468//6
f 3472//6 3594//6 3470//6
f 3504//6 3596//6 3472//6
f 3538//6 3660//6 3536//6
f 3540//6 3662//6 3538//6
f 3542//6 3664//6 3540//6
f 3544//6 3666//6 3542//6
f 3546//6 3668//6 3544//6
f 3548//6 3670//6 3546//6
f 3550//6 3672//6 3548//6
f 3552//6 3674//6 3550//6
f 3554//6 3676//6 3552//6
f 3556//6 3678//6 3554//6
f 3558//6 3680//6 3556//6
f 3560//6 3682//6 3558//6
f 3562//6 3684//6 3560//6
f 3564//6 3686//6 3562//6
f 3566//6 3688//6 3564//6
f 3568//6 3690//6 3566//6
f 3570//6 3692//6 3568//6
f 3572//6 3694//6 3570//6
f 3574//6 3696//6 3572//6
f 3576//6 3698//6 3574//6
f 3578//6 3700//6 3576//6
f 3580//6 3702//6 3578//6
f 3582//6 3704//6 3580//6
f 3584//6 3706//6 3582//6
f 3586//6 3708//6 3584//6
f 3588//6 3710//6 3586//6
f 3590//6 3712//6 3588//6
f 3592//6 3714//6 3590//6
f 3594//6 3716//6 3592//6
f 3596//6 3718//6 3594//6
f 3628//6 3720//6 3596//6
f 3662//6 3784//6 3660//6
f 3664//6 3786//6 3662//6
f 3666//6 3788//6 3664//6
f 3668//6 3790//6 3666//6
f 3670//6 3792//6 3668//6
f 3672//6 3794//6 3670//6
f 3674//6 3796//6 3672//6
f 3676//6 3798//6 3674//6
f 3678//6 3800//6 3676//6
f 3680//6 3802//6 3678//6
f 3682//6 3804//6 3680//6
f 3684//6 3806//6 3682//6
f 3686//6 3808//6 3684//6
f 3688//6 3810//6 3686//6
f 3690//6 3812//6 3688//6
f 3692//6 3814//6 3690//6
f 3694//6 3816//6 3692//6
f 3696//6 3818//6 3694//6
f 3698//6 3820//6 3696//6
f 3700//6 3822//6 3698//6
f 3702//6 3824//6 3700//6
f 3704//6 3826//6 3702//6
f 3706//6 3828//6 3704//6
f 3708//6 3830//6 3706//6
f 3710//6 3832//6 3708//6
f 3712//6 3834//6 3710//6
f 3714//6 3836//6 3712//6
f 3716//6 3838//6 3714//6
f 3718//6 3840//6 3716//6
f 3720//6 3842//6 3718//6
f 3752//6 3844//6 3720//6
f 3786//6 3908//6 3784//6
f 3788//6 3910//6 3786//6
f 3790//6 3912//6 3788//6
f 3792//6 3914//6 3790//6
f 3794//6 3916//6 3792//6
f 3796//6 3918//6 3794//6
f 3798//6 3920//6 3796//6
f 3800//6 3922//6 3798//6
f 3802//6 3924//6 3800//6
f 3804//6 3926//6 3802//6
f 3806//6 3928//6 3804//6
f 3808//6 3930//6 3806//6
f 3810//6 3932//6 3808//6
f 3812//6 3934//6 3810//6
f 3814//6 3936//6 3812//6
f 3816//6 3938//6 3814//6
f 3818//6 3940//6 3816//6
f 3820//6 3942//6 3818//6
f 3822//6 3944//6 3820//6
f 3824//6 3946//6 3822//6
f 3826//6 3948//6 3824//6
f 3828//6 3950//6 3826//6
f 3830//6 3952//6 3828//6
f 3832//6 3954//6 3830//6
f 3834//6 3956//6 3832//6
f 3836//6 3958//6 3834//6
f 3838//6 3960//6 3836//6
f 3840//6 3962//6 3838//6
f 3842//6 3964//6 3840//6
f 3844//6 3966//6 3842//6
f 3876//6 3968//6 3844//6
f 3910//6 4032//6 3908//6
f 3912//6 4034//6 3910//6
f 3914//6 4036//6 3912//6
f 3916//6 4038//6 3914//6
f 3918//6 4040//6 3916//6
f 3920//6 4042//6 3918//6
f 3922//6 4044//6 3920//6
f 3924//6 4046//6 3922//6
f 3926//6 4048//6 3924//6
f 3928//6 4050//6 3926//6
f 3930//6 4052//6 3928//6
f 3932//6 4054//6 3930//6
f 3934//6 4056//6 3932//6
f 3936//6 4058//6 3934//6
f 3938//6 4060//6 3936//6
f 3940//6 4062//6 3938//6
f 3942//6 4064//6 3940//6
f 3944//6 4066//6 3942//6
f 3946//6 4068//6 3944//6
f 3948//6 4070//6 3946//6
f 3950//6 4072//6 3948//6
f 3952//6 4074//6 3950//6
f 3954//6 4076//6 3952//6
f 3956//6 4078//6 3954//6
f 3958//6 4080//6 3956//6
f 3960//6 4082//6 3958//6
f 3962//6 4084//6 3960//6
f 3964//6 4086//6 3962//6
f 3966//6 4088//6 3964//6
f 3968//6 4090//6 3966//6
f 4000//6 4092//6 3968//6
f 4034//6 4156//6 4032//6
f 4036//6 4158//6 4034//6
f 4038//6 4160//6 4036//6
f 4040//6 4162//6 4038//6
f 4042//6 4164//6 4040//6
f 4044//6 4166//6 4042//6
f 4046//6 4168//6 4044//6
f 4048//6 4170//6 4046//6
f 4050//6 4172//6 4048//6
f 4052//6 4174//6 4050//6
f 4054//6 4176//6 4052//6
f 4056//6 4178//6 4054//6
f 4058//6 4180//6 4056//6
f 4060//6 4182//6 4058//6
f 4062//6 4184//6 4060//6
f 4064//6 4186//6 4062//6
f 4066//6 4188//6 4064//6
f 4068//6 4190//6 4066//6
f 4070//6 4192//6 4068//6
f 4072//6 4194//6 4070//6
f 4074//6 4196//6 4072//6
f 4076//6 4198//6 4074//6
f 4078//6 4200//6 4076//6
f 4080//6 4202//6 4078//6
f 4082//6 4204//6 4080//6
f 4084//6 4206//6 4082//6
f 4086//6 4208//6 4084//6
f 4088//6 4210//6 4086//6
f 4090//6 4212//6 4088//6
f 4092//6 4214//6 4090//6
f 4124//6 4216//6 4092//6
f 4158//6 4280//6 4156//6
f 4160//6 4282//6 4158//6
f 4162//6 4284//6 4160//6
f 4164//6 4286//6 4162//6
f 4166//6 4288//6 4164//6
f 4168//6 4290//6 4166//6
f 4170//6 4292//6 4168//6
f 4172//6 4294//6 4170//6
f 4174//6 4296//6 4172//6
f 4176//6 4298//6 4174//6
f 4178//6 4300//6 4176//6
f 4180//6 4302//6 4178//6
f 4182//6 4304//6 4180//6
f 4184//6 4306//6 4182//6
f 4186//6 4308//6 4184//6
f 4188//6 4310//6 4186//6
f 4190//6 4312//6 4188//6
f 4192//6 4314//6 4190//6
f 4194//6 4316//6 4192//6
f 4196//6 4318//6 4194//6
f 4198//6 4320//6 4196//6
f 4200//6 4322//6 4198//6
f 4202//6 4324//6 4200//6
f 4204//6 4326//6 4202//6
f 4206//6 4328//6 4204//6
f 4208//6 4330//6 4206//6
f 4210//6 4332//6 4208//6
f 4212//6 4334//6 4210//6
f 4214//6 4336//6 4212//6
f 4216//6 4338//6 4214//6
f 4248//6 4340//6 4216//6
f 4282//6 4404//6 4280//6
f 4284//6 4406//6 4282//6
f 4286//6 4408//6 4284//6
f 4288//6 4410//6 4286//6
f 4290//6 4412//6 4288//6
f 4292//6 4414//6 4290//6
f 4294//6 4416//6 4292//6
f 4296//6 4418//6 4294//6
f 4298//6 4420//6 4296//6
f 4300//6 4422//6 4298//6
f 4302//6 4424//6 4300//6
f 4304//6 4426//6 4302//6
f 4306//6 4428//6 4304//6
f 4308//6 4430//6 4306//6
f 4310//6 4432//6 4308//6
f 4312//6 4434//6 4310//6
f 4314//6 4436//6 4312//6
f 4316//6 4438//6 4314//6
f 4318//6 4440//6 4316//6
f 4320//6 4442//6 4318//6
f 4322//6 4444//6 4320//6
f 4324//6 4446//6 4322//6
f 4326//6 4448//6 4324//6
f 4328//6 4450//6 4326//6
f 4330//6 4452//6 4328//6
f 4332//6 4454//6 4330//6
f 4334//6 4456//6 4332//6
f 4336//6 4458//6 4334//6
f 4338//6 4460//6 4336//6
f 4340//6 4462//6 4338//6
f 4372//6 4464//6 4340//6
f 4406//6 4528//6 4404//6
f 4408//6 4530//6 4406//6
f 4410//6 4532//6 4408//6
f 4412//6 4534//6 4410//6
f 4414//6 4536//6 4412//6
f 4416//6 4538//6 4414//6
f 4418//6 4540//6 4416//6
f 4420//6 4542//6 4418//6
f 4422//6 4544//6 4420//6
f 4424//6 4546//6 4422//6
f 4426//6 4548//6 4424//6
f 4428//6 4550//6 4426//6
f 4430//6 4552//6 4428//6
f 4432//6 4554//6 4430//6
f 4434//6 4556//6 4432//6
f 4436//6 4558//6 4434//6
f 4438//6 4560//6 4436//6
f 4440//6 4562//6 4438//6
f 4442//6 4564//6 4440//6
f 4444//6 4566//6 4442//6
f 4446//6 4568//6 4444//6
f 4448//6 4570//6 4446//6
f 4450//6 4572//6 4448//6
f 4452//6 4574//6 4450//6
f 4454//6 4576//6 4452//6
f 4456//6 4578//6 4454//6
f 4458//6 4580//6 4456//6
f 4460//6 4582//6 4458//6
f 4462//6 4584//6 4460//6
f 4464//6 4586//6 4462//6
f 4496//6 4588//6 4464//6
f 4530//6 4652//6 4528//6
f 4532//6 4654//6 4530//6
f 4534//6 4656//6 4532//6
f 4536//6 4658//6 4534//6
f 4538//6 4660//6 4536//6
f 4540//6 4662//6 4538//6
f 4542//6 4664//6 4540//6
f 4544//6 4666//6 4542//6
f 4546//6 4668//6 4544//6
f 4548//6 4670//6 4546//6
f 4550//6 4672//6 4548//6
f 4552//6 4674//6 4550//6
f 4554//6 4676//6 4552//6
f 4556//6 4678//6 4554//6
f 4558//6 4680//6 4556//6
f 4560//6 4682//6 4558//6
f 4562//6 4684//6 4560//6
f 4564//6 4686//6 4562//6
f 4566//6 4688//6 4564//6
f 4568//6 4690//6 4566//6
f 4570//6 4692//6 4568//6
f 4572//6 4694//6 4570//6
f 4574//6 4696//6 4572//6
f 4576//6 4698//6 4574//6
f 4578//6 4700//6 4576//6
f 4580//6 4702//6 4578//6
f 4582//6 4704//6 4580//6
f 4584//6 4706//6 4582//6
f 4586//6 4708//6 4584//6
f 4588//6 4710//6 4586//6
f 4620//6 4712//6 4588//6
f 4654//6 4776//6 4652//6
f 4656//6 4808//6 4654//6
f 4658//6 4840//6 4656//6
f 4660//6 4872//6 4658//6
f 4662//6 4904//6 4660//6
f 4664//6 4936//6 4662//6
f 4666//6 4968//6 4664//6
f 4668//6 5000//6 4666//6
f 4670//6 5032//6 4668//6
f 4672//6 5064//6 4670//6
f 4674//6 5096//6 4672//6
f 4676//6 5128//6 4674//6
f 4678//6 5160//6 4676//6
f 4680//6 5192//6 4678//6
f 4682//6 5224//6 4680//6
f 4684//6 5256//6 4682//6
f 4686//6 5288//6 4684//6
f 4688//6 5320//6 4686//6
f 4690//6 5352//6 4688//6
f 4692//6 5384//6 4690//6
f 4694//6 5416//6 4692//6
f 4696//6 5448//6 4694//6
f 4698//6 5480//6 4696//6
f 4700//6 5512//6 4698//6
f 4702//6 5544//6 4700//6
f 4704//6 5576//6 4702//6
f 4706//6 5608//6 4704//6
f 4708//6 5640//6 4706//6
f 4710//6 5672//6 4708//6
f 4712//6 5704//6 4710//6
f 4744//6 5736//6 4712//6
f 33//1 34//1 2//1
f 34//1 35//1 3//1
f 35//1 36//1 4//1
f 36//1 37//1 5//1
f 37//1 38//1 6//1
f 38//1 39//1 7//1
f 39//1 40//1 8//1
f 40//1 41//1 9//1
f 41//1 42//1 10//1
f 42//1 43//1 11//1
f 43//1 44//1 12//1
f 44//1 45//1 13//1
f 45//1 46//1 14//1
f 46//1 47//1 15//1
f 47//1 48//1 16//1
f 48//1 49//1 17//1
f 49//1 50//1 18//1
f 50//1 51//1 19//1
f 51//1 52//1 20//1
f 52//1 53//1 21//1
f 53//1 54//1 22//1
f 54//1 55//1 23//1
f 55//1 56//1 24//1
f 56//1 57//1 25//1
f 57//1 58//1 26//1
f 58//1 59//1 27//1
f 59//1 60//1 28//1
f 60//1 61//1 29//1
f 61//1 62//1 30//1
f 62//1 63//1 31//1
f 63//1 64//1 32//1
f 65//1 66//1 34//1
f 66//1 67//1 35//1
f 67//1 68//1 36//1
f 68//1 69//1 37//1
f 69//1 70//1 38//1
f 70//1 71//1 39//1
f 71//1 72//1 40//1
f 72//1 73//1 41//1
f 73//1 74//1 42//1
f 74//1 75//1 43//1
f 75//1 76//1 44//1
f 76//1 77//1 45//1
f 77//1 78//1 46//1
f 78//1 79//1 47//1
f 79//1 80//1 48//1
f 80//1 81//1 49//1
f 81//1 82//1 50//1
f 82//1 83//1 51//1
f 83//1 84//1 52//1
f 84//1 85//1 53//1
f 85//1 86//1 54//1
f 86//1 87//1 55//1
f 87//1 88//1 56//1
f 88//1 89//1 57//1
f 89//1 90//1 58//1
f 90//1 91//1 59//1
f 91//1 92//1 60//1
f 92//1 93//1 61//1
f 93//1 94//1 62//1
f 94//1 95//1 63//1
f 95//1 96//1 64//1
f 97//1 98//1 66//1
f 98//1 99//1 67//1
f 99//1 100//1 68//1
f 100//1 101//1 69//1
f 101//1 102//1 70//1
f 102//1 103//1 71//1
f 103//1 104//1 72//1
f 104//1 105//1 73//1
f 105//1 106//1 74//1
f 106//1 107//1 75//1
f 107//1 108//1 76//1
f 108//1 109//1 77//1
f 109//1 110//1 78//1
f 110//1 111//1 79//1
f 111//1 112//1 80//1
f 112//1 113//1 81//1
f 113//1 114//1 82//1
f 114//1 115//1 83//1
f 115//1 116//1 84//1
f 116//1 117//1 85//1
f 117//1 118//1 86//1
f 118//1 119//1 87//1
f 119//1 120//1 88//1
f 120//1 121//1 89//1
f 121//1 122//1 90//1
f 122//1 123//1 91//1
f 123//1 124//1 92//1
f 124//1 125//1 93//1
f 125//1 126//1 94//1
f 126//1 127//1 95//1
f 127//1 128//1 96//1
f 129//1 130//1 98//1
f 130//1 131//1 99//1
f 131//1 132//1 100//1
f 132//1 133//1 101//1
f 133//1 134//1 102//1
f 134//1 135//1 103//1
f 135//1 136//1 104//1
f 136//1 137//1 105//1
f 137//1 138//1 106//1
f 138//1 139//1 107//1
f 139//1 140//1 108//1
f 140//1 141//1 109//1
f 141//1 142//1 110//1
f 142//1 143//1 111//1
f 143//1 144//1 112//1
f 144//1 145//1 113//1
f 145//1 146//1 114//1
f 146//1 147//1 115//1
f 147//1 148//1 116//1
f 148//1 149//1 117//1
f 149//1 150//1 118//1
f 150//1 151//1 119//1
f 151//1 152//1 120//1
f 152//1 153//1 121//1
f 153//1 154//1 122//1
f 154//1 155//1 123//1
f 155//1 156//1 124//1
f 156//1 157//1 125//1
f 157//1 158//1 126//1
f 158//1 159//1 127//1
f 159//1 160//1 128//1
f 161//1 162//1 130//1
f 162//1 163//1 131//1
f 163//1 164//1 132//1
f 164//1 165//1 133//1
f 165//1 166//1 134//1
f 166//1 167//1 135//1
f 167//1 168//1 136//1
f 168//1 169//1 137//1
f 169//1 170//1 138//1
f 170//1 171//1 139//1
f 171//1 172//1 140//1
f 172//1 173//1 141//1
f 173//1 174//1 142//1
f 174//1 175//1 143//1
f 175//1 176//1 144//1
f 176//1 177//1 145//1
f 177//1 178//1 146//1
f 178//1 179//1 147//1
f 179//1 180//1 148//1
f 180//1 181//1 149//1
f 181//1 182//1 150//1
f 182//1 183//1 151//1
f 183//1 184//1 152//1
f 184//1 185//1 153//1
f 185//1 186//1 154//1
f 186//1 187//1 155//1
f 187//1 188//1 156//1
f 188//1 189//1 157//1
f 189//1 190//1 158//1
f 190//1 191//1 159//1
f 191//1 192//1 160//1
f 193//1 194//1 162//1
f 194//1 195//1 163//1
f 195//1 196//1 164//1
f 196//1 197//1 165//1
f 197//1 198//1 166//1
f 198//1 199//1 167//1
f 199//1 200//1 168//1
f 200//1 201//1 169//1
f 201//1 202//1 170//1
f 202//1 203//1 171//1
f 203//1 204//1 172//1
f 204//1 205//1 173//1
f 205//1 206//1 174//1
f 206//1 207//1 175//1
f 207//1 208//1 176//1
f 208//1 209//1 177//1
f 209//1 210//1 178//1
f 210//1 211//1 179//1
f 211//1 212//1 180//1
f 212//1 213//1 181//1
f 213//1 214//1 182//1
f 214//1 215//1 183//1
f 215//1 216//1 184//1
f 216//1 217//1 185//1
f 217//1 218//1 186//1
f 218//1 219//1 187//1
f 219//1 220//1 188//1
f 220//1 221//1 189//1
f 221//1 222//1 190//1
f 222//1 223//1 191//1
f 223//1 224//1 192//1
f 225//1 226//1 194//1
f 226//1 227//1 195//1
f 227//1 228//1 196//1
f 228//1 229//1 197//1
f 229//1 230//1 198//1
f 230//1 231//1 199//1
f 231//1 232//1 200//1
f 232//1 233//1 201//1
f 233//1 234//1 202//1
f 234//1 235//1 203//1
f 235//1 236//1 204//1
f 236//1 237//1 205//1
f 237//1 238//1 206//1
f 238//1 239//1 207//1
f 239//1 240//1 208//1
f 240//1 241//1 209//1
f 241//1 242//1 210//1
f 242//1 243//1 211//1
f 243//1 244//1 212//1
f 244//1 245//1 213//1
f 245//1 246//1 214//1
f 246//1 247//1 215//1
f 247//1 248//1 216//1
f 248//1 249//1 217//1
f 249//1 250//1 218//1
f 250//1 251//1 219//1
f 251//1 252//1 220//1
f 252//1 253//1 221//1
f 253//1 254//1 222//1
f 254//1 255//1 223//1
f 255//1 256//1 224//1
f 257//1 258//1 226//1
f 258//1 259//1 227//1
f 259//1 260//1 228//1
f 260//1 261//1 229//1
f 261//1 262//1 230//1
f 262//1 263//1 231//1
f 263//1 264//1 232//1
f 264//1 265//1 233//1
f 265//1 266//1 234//1
f 266//1 267//1 235//1
f 267//1 268//1 236//1
f 268//1 269//1 237//1
f 269//1 270//1 238//1
f 270//1 271//1 239//1
f 271//1 272//1 240//1
f 272//1 273//1 241//1
f 273//1 274//1 242//1
f 274//1 275//1 243//1
f 275//1 276//1 244//1
f 276//1 277//1 245//1
f 277//1 278//1 246//1
f 278//1 279//1 247//1
f 279//1 280//1 248//1
f 280//1 281//1 249//1
f 281//1 282//1 250//1
f 282//1 283//1 251//1
f 283//1 284//1 252//1
f 284//1 285//1 253//1
f 285//1 286//1 254//1
f 286//1 287//1 255//1
f 287//1 288//1 256//1
f 289//1 290//1 258//1
f 290//1 291//1 259//1
f 291//1 292//1 260//1
f 292//1 293//1 261//1
f 293//1 294//1 262//1
f 294//1 295//1 263//1
f 295//1 296//1 264//1
f 296//1 297//1 265//1
f 297//1 298//1 266//1
f 298//1 299//1 267//1
f 299//1 300//1 268//1
f 300//1 301//1 269//1
f 301//1 302//1 270//1
f 302//1 303//1 271//1
f 303//1 304//1 272//1
f 304//1 305//1 273//1
f 305//1 306//1 274//1
f 306//1 307//1 275//1
f 307//1 308//1 276//1
f 308//1 309//1 277//1
f 309//1 310//1 278//1
f 310//1 311//1 279//1
f 311//1 312//1 280//1
f 312//1 313//1 281//1
f 313//1 314//1 282//1
f 314//1 315//1 283//1
f 315//1 316//1 284//1
f 316//1 317//1 285//1
f 317//1 318//1 286//1
f 318//1 319//1 287//1
f 319//1 320//1 288//1
f 321//1 322//1 290//1
f 322//1 323//1 291//1
f 323//1 324//1 292//1
f 324//1 325//1 293//1
f 325//1 326//1 294//1
f 326//1 327//1 295//1
f 327//1 328//1 296//1
f 328//1 329//1 297//1
f 329//1 330//1 298//1
f 330//1 331//1 299//1
f 331//1 332//1 300//1
f 332//1 333//1 301//1
f 333//1 334//1 302//1
f 334//1 335//1 303//1
f 335//1 336//1 304//1
f 336//1 337//1 305//1
f 337//1 338//1 306//1
f 338//1 339//1 307//1
f 339//1 340//1 308//1
f 340//1 341//1 309//1
f 341//1 342//1 310//1
f 342//1 343//1 311//1
f 343//1 344//1 312//1
f 344//1 345//1 313//1
f 345//1 346//1 314//1
f 346//1 347//1 315//1
f 347//1 348//1 316//1
f 348//1 349//1 317//1
f 349//1 350//1 318//1
f 350//1 351//1 319//1
f 351//1 352//1 320//1
f 353//1 354//1 322//1
f 354//1 355//1 323//1
f 355//1 356//1 324//1
f 356//1 357//1 325//1
f 357//1 358//1 326//1
f 358//1 359//1 327//1
f 359//1 360//1 328//1
f 360//1 361//1 329//1
f 361//1 362//1 330//1
f 362//1 363//1 331//1
f 363//1 364//1 332//1
f 364//1 365//1 333//1
f 365//1 366//1 334//1
f 366//1 367//1 335//1
f 367//1 368//1 336//1
f 368//1 369//1 337//1
f 369//1 370//1 338//1
f 370//1 371//1 339//1
f 371//1 372//1 340//1
f 372//1 373//1 341//1
f 373//1 374//1 342//1
f 374//1 375//1 343//1
f 375//1 376//1 344//1
f 376//1 377//1 345//1
f 377//1 378//1 346//1
f 378//1 379//1 347//1
f 379//1 380//1 348//1
f 380//1 381//1 349//1
f 381//1 382//1 350//1
f 382//1 383//1 351//1
f 383//1 384//1 352//1
f 385//1 386//1 354//1
f 386//1 387//1 355//1
f 387//1 388//1 356//1
f 388//1 389//1 357//1
f 389//1 390//1 358//1
f 390//1 391//1 359//1
f 391//1 392//1 360//1
f 392//1 393//1 361//1
f 393//1 394//1 362//1
f 394//1 395//1 363//1
f 395//1 396//1 364//1
f 396//1 397//1 365//1
f 397//1 398//1 366//1
f 398//1 399//1 367//1
f 399//1 400//1 368//1
f 400//1 401//1 369//1
f 401//1 402//1 370//1
f 402//1 403//1 371//1
f 403//1 404//1 372//1
f 404//1 405//1 373//1
f 405//1 406//1 374//1
f 406//1 407//1 375//1
f 407//1 408//1 376//1
f 408//1 409//1 377//1
f 409//1 410//1 378//1
f 410//1 411//1 379//1
f 411//1 412//1 380//1
f 412//1 413//1 381//1
f 413//1 414//1 382//1
f 414//1 415//1 383//1
f 415//1 416//1 384//1
f 417//1 418//1 386//1
f 418//1 419//1 387//1
f 419//1 420//1 388//1
f 420//1 421//1 389//1
f 421//1 422//1 390//1
f 422//1 423//1 391//1
f 423//1 424//1 392//1
f 424//1 425//1 393//1
f 425//1 426//1 394//1
f 426//1 427//1 395//1
f 427//1 428//1 396//1
f 428//1 429//1 397//1
f 429//1 430//1 398//1
f 430//1 431//1 399//1
f 431//1 432//1 400//1
f 432//1 433//1 401//1
f 433//1 434//1 402//1
f 434//1 435//1 403//1
f 435//1 436//1 404//1
f 436//1 437//1 405//1
f 437//1 438//1 406//1
f 438//1 439//1 407//1
f 439//1 440//1 408//1
f 440//1 441//1 409//1
f 441//1 442//1 410//1
f 442//1 443//1 411//1
f 443//1 444//1 412//1
f 444//1 445//1 413//1
f 445//1 446//1 414//1
f 446//1 447//1 415//1
f 447//1 448//1 416//1
f 449//1 450//1 418//1
f 450//1 451//1 419//1
f 451//1 452//1 420//1
f 452//1 453//1 421//1
f 453//1 454//1 422//1
f 454//1 455//1 423//1
f 455//1 456//1 424//1
f 456//1 457//1 425//1
f 457//1 458//1 426//1
f 458//1 459//1 427//1
f 459//1 460//1 428//1
f 460//1 461//1 429//1
f 461//1 462//1 430//1
f 462//1 463//1 431//1
f 463//1 464//1 432//1
f 464//1 465//1 433//1
f 465//1 466//1 434//1
f 466//1 467//1 435//1
f 467//1 468//1 436//1
f 468//1 469//1 437//1
f 469//1 470//1 438//1
f 470//1 471//1 439//1
f 471//1 472//1 440//1
f 472//1 473//1 441//1
f 473//1 474//1 442//1
f 474//1 475//1 443//1
f 475//1 476//1 444//1
f 476//1 477//1 445//1
f 477//1 478//1 446//1
f 478//1 479//1 447//1
f 479//1 480//1 448//1
f 481//1 482//1 450//1
f 482//1 483//1 451//1
f 483//1 484//1 452//1
f 484//1 485//1 453//1
f 485//1 486//1 454//1
f 486//1 487//1 455//1
f 487//1 488//1 456//1
f 488//1 489//1 457//1
f 489//1 490//1 458//1
f 490//1 491//1 459//1
f 491//1 492//1 460//1
f 492//1 493//1 461//1
f 493//1 494//1 462//1
f 494//1 495//1 463//1
f 495//1 496//1 464//1
f 496//1 497//1 465//1
f 497//1 498//1 466//1
f 498//1 499//1 467//1
f 499//1 500//1 468//1
f 500//1 501//1 469//1
f 501//1 502//1 470//1
f 502//1 503//1 471//1
f 503//1 504//1 472//1
f 504//1 505//1 473//1
f 505//1 506//1 474//1
f 506//1 507//1 475//1
f 507//1 508//1 476//1
f 508//1 509//1 477//1
f 509//1 510//1 478//1
f 510//1 511//1 479//1
f 511//1 512//1 480//1
f 513//1 514//1 482//1
f 514//1 515//1 483//1
f 515//1 516//1 484//1
f 516//1 517//1 485//1
f 517//1 518//1 486//1
f 518//1 519//1 487//1
f 519//1 520//1 488//1
f 520//1 521//1 489//1
f 521//1 522//1 490//1
f 522//1 523//1 491//1
f 523//1 524//1 492//1
f 524//1 525//1 493//1
f 525//1 526//1 494//1
f 526//1 527//1 495//1
f 527//1 528//1 496//1
f 528//1 529//1 497//1
f 529//1 530//1 498//1
f 530//1 531//1 499//1
f 531//1 532//1 500//1
f 532//1 533//1 501//1
f 533//1 534//1 502//1
f 534//1 535//1 503//1
f 535//1 536//1 504//1
f 536//1 537//1 505//1
f 537//1 538//1 506//1
f 538//1 539//1 507//1
f 539//1 540//1 508//1
f 540//1 541//1 509//1
f 541//1 542//1 510//1
f 542//1 543//1 511//1
f 543//1 544//1 512//1
f 545//1 546//1 514//1
f 546//1 547//1 515//1
f 547//1 548//1 516//1
f 548//1 549//1 517//1
f 549//1 550//1 518//1
f 550//1 551//1 519//1
f 551//1 552//1 520//1
f 552//1 553//1 521//1
f 553//1 554//1 522//1
f 554//1 555//1 523//1
f 555//1 556//1 524//1
f 556//1 557//1 525//1
f 557//1 558//1 526//1
f 558//1 559//1 527//1
f 559//1 560//1 528//1
f 560//1 561//1 529//1
f 561//1 562//1 530//1
f 562//1 563//1 531//1
f 563//1 564//1 532//1
f 564//1 565//1 533//1
f 565//1 566//1 534//1
f 566//1 567//1 535//1
f 567//1 568//1 536//1
f 568//1 569//1 537//1
f 569//1 570//1 538//1
f 570//1 571//1 539//1
f 571//1 572//1 540//1
f 572//1 573//1 541//1
f 573//1 574//1 542//1
f 574//1 575//1 543//1
f 575//1 576//1 544//1
f 577//1 578//1 546//1
f 578//1 579//1 547//1
f 579//1 580//1 548//1
f 580//1 581//1 549//1
f 581//1 582//1 550//1
f 582//1 583//1 551//1
f 583//1 584//1 552//1
f 584//1 585//1 553//1
f 585//1 586//1 554//1
f 586//1 587//1 555//1
f 587//1 588//1 556//1
f 588//1 589//1 557//1
f 589//1 590//1 558//1
f 590//1 591//1 559//1
f 591//1 592//1 560//1
f 592//1 593//1 561//1
f 593//1 594//1 562//1
f 594//1 595//1 563//1
f 595//1 596//1 564//1
f 596//1 597//1 565//1
f 597//1 598//1 566//1
f 598//1 599//1 567//1
f 599//1 600//1 568//1
f 600//1 601//1 569//1
f 601//1 602//1 570//1
f 602//1 603//1 571//1
f 603//1 604//1 572//1
f 604//1 605//1 573//1
f 605//1 606//1 574//1
f 606//1 607//1 575//1
f 607//1 608//1 576//1
f 609//1 610//1 578//1
f 610//1 611//1 579//1
f 611//1 612//1 580//1
f 612//1 613//1 581//1
f 613//1 614//1 582//1
f 614//1 615//1 583//1
f 615//1 616//1 584//1
f 616//1 617//1 585//1
f 617//1 618//1 586//1
f 618//1 619//1 587//1
f 619//1 620//1 588//1
f 620//1 621//1 589//1
f 621//1 622//1 590//1
f 622//1 623//1 591//1
f 623//1 624//1 592//1
f 624//1 625//1 593//1
f 625//1 626//1 594//1
f 626//1 627//1 595//1
f 627//1 628//1 596//1
f 628//1 629//1 597//1
f 629//1 630//1 598//1
f 630//1 631//1 599//1
f 631//1 632//1 600//1
f 632//1 633//1 601//1
f 633//1 634//1 602//1
f 634//1 635//1 603//1
f 635//1 636//1 604//1
f 636//1 637//1 605//1
f 637//1 638//1 606//1
f 638//1 639//1 607//1
f 639//1 640//1 608//1
f 641//1 642//1 610//1
f 642//1 643//1 611//1
f 643//1 644//1 612//1
f 644//1 645//1 613//1
f 645//1 646//1 614//1
f 646//1 647//1 615//1
f 647//1 648//1 616//1
f 648//1 649//1 617//1
f 649//1 650//1 618//1
f 650//1 651//1 619//1
f 651//1 652//1 620//1
f 652//1 653//1 621//1
f 653//1 654//1 622//1
f 654//1 655//1 623//1
f 655//1 656//1 624//1
f 656//1 657//1 625//1
f 657//1 658//1 626//1
f 658//1 659//1 627//1
f 659//1 660//1 628//1
f 660//1 661//1 629//1
f 661//1 662//1 630//1
f 662//1 663//1 631//1
f 663//1 664//1 632//1
f 664//1 665//1 633//1
f 665//1 666//1 634//1
f 666//1 667//1 635//1
f 667//1 668//1 636//1
f 668//1 669//1 637//1
f 669//1 670//1 638//1
f 670//1 671//1 639//1
f 671//1 672//1 640//1
f 673//1 674//1 642//1
f 674//1 675//1 643//1
f 675//1 676//1 644//1
f 676//1 677//1 645//1
f 677//1 678//1 646//1
f 678//1 679//1 647//1
f 679//1 680//1 648//1
f 680//1 681//1 649//1
f 681//1 682//1 650//1
f 682//1 683//1 651//1
f 683//1 684//1 652//1
f 684//1 685//1 653//1
f 685//1 686//1 654//1
f 686//1 687//1 655//1
f 687//1 688//1 656//1
f 688//1 689//1 657//1
f 689//1 690//1 658//1
f 690//1 691//1 659//1
f 691//1 692//1 660//1
f 692//1 693//1 661//1
f 693//1 694//1 662//1
f 694//1 695//1 663//1
f 695//1 696//1 664//1
f 696//1 697//1 665//1
f 697//1 698//1 666//1
f 698//1 699//1 667//1
f 699//1 700//1 668//1
f 700//1 701//1 669//1
f 701//1 702//1 670//1
f 702//1 703//1 671//1
f 703//1 704//1 672//1
f 705//1 706//1 674//1
f 706//1 707//1 675//1
f 707//1 708//1 676//1
f 708//1 709//1 677//1
f 709//1 710//1 678//1
f 710//1 711//1 679//1
f 711//1 712//1 680//1
f 712//1 713//1 681//1
f 713//1 714//1 682//1
f 714//1 715//1 683//1
f 715//1 716//1 684//1
f 716//1 717//1 685//1
f 717//1 718//1 686//1
f 718//1 719//1 687//1
f 719//1 720//1 688//1
f 720//1 721//1 689//1
f 721//1 722//1 690//1
f 722//1 723//1 691//1
f 723//1 724//1 692//1
f 724//1 725//1 693//1
f 725//1 726//1 694//1
f 726//1 727//1 695//1
f 727//1 728//1 696//1
f 728//1 729//1 697//1
f 729//1 730//1 698//1
f 730//1 731//1 699//1
f 731//1 732//1 700//1
f 732//1 733//1 701//1
f 733//1 734//1 702//1
f 734//1 735//1 703//1
f 735//1 736//1 704//1
f 737//1 738//1 706//1
f 738//1 739//1 707//1
f 739//1 740//1 708//1
f 740//1 741//1 709//1
f 741//1 742//1 710//1
f 742//1 743//1 711//1
f 743//1 744//1 712//1
f 744//1 745//1 713//1
f 745//1 746//1 714//1
f 746//1 747//1 715//1
f 747//1 748//1 716//1
f 748//1 749//1 717//1
f 749//1 750//1 718//1
f 750//1 751//1 719//1
f 751//1 752//1 720//1
f 752//1 753//1 721//1
f 753//1 754//1 722//1
f 754//1 755//1 723//1
f 755//1 756//1 724//1
f 756//1 757//1 725//1
f 757//1 758//1 726//1
f 758//1 759//1 727//1
f 759//1 760//1 728//1
f 760//1 761//1 729//1
f 761//1 762//1 730//1
f 762//1 763//1 731//1
f 763//1 764//1 732//1
f 764//1 765//1 733//1
f 765//1 766//1 734//1
f 766//1 767//1 735//1
f 767//1 768//1 736//1
f 769//1 770//1 738//1
f 770//1 771//1 739//1
f 771//1 772//1 740//1
f 772//1 773//1 741//1
f 773//1 774//1 742//1
f 774//1 775//1 743//1
f 775//1 776//1 744//1
f 776//1 777//1 745//1
f 777//1 778//1 746//1
f 778//1 779//1 747//1
f 779//1 780//1 748//1
f 780//1 781//1 749//1
f 781//1 782//1 750//1
f 782//1 783//1 751//1
f 783//1 784//1 752//1
f 784//1 785//1 753//1
f 785//1 786//1 754//1
f 786//1 787//1 755//1
f 787//1 788//1 756//1
f 788//1 789//1 757//1
f 789//1 790//1 758//1
f 790//1 791//1 759//1
f 791//1 792//1 760//1
f 792//1 793//1 761//1
f 793//1 794//1 762//1
f 794//1 795//1 763//1
f 795//1 796//1 764//1
f 796//1 797//1 765//1
f 797//1 798//1 766//1
f 798//1 799//1 767//1
f 799//1 800//1 768//1
f 801//1 802//1 770//1
f 802//1 803//1 771//1
f 803//1 804//1 772//1
f 804//1 805//1 773//1
f 805//1 806//1 774//1
f 806//1 807//1 775//1
f 807//1 808//1 776//1
f 808//1 809//1 777//1
f 809//1 810//1 778//1
f 810//1 811//1 779//1
f 811//1 812//1 780//1
f 812//1 813//1 781//1
f 813//1 814//1 782//1
f 814//1 815//1 783//1
f 815//1 816//1 784//1
f 816//1 817//1 785//1
f 817//1 818//1 786//1
f 818//1 819//1 787//1
f 819//1 820//1 788//1
f 820//1 821//1 789//1
f 821//1 822//1 790//1
f 822//1 823//1 791//1
f 823//1 824//1 792//1
f 824//1 825//1 793//1
f 825//1 826//1 794//1
f 826//1 827//1 795//1
f 827//1 828//1 796//1
f 828//1 829//1 797//1
f 829//1 830//1 798//1
f 830//1 831//1 799//1
f 831//1 832//1 800//1
f 833//1 834//1 802//1
f 834//1 835//1 803//1
f 835//1 836//1 804//1
f 836//1 837//1 805//1
f 837//1 838//1 806//1
f 838//1 839//1 807//1
f 839//1 840//1 808//1
f 840//1 841//1 809//1
f 841//1 842//1 810//1
f 842//1 843//1 811//1
f 843//1 844//1 812//1
f 844//1 845//1 813//1
f 845//1 846//1 814//1
f 846//1 847//1 815//1
f 847//1 848//1 816//1
f 848//1 849//1 817//1
f 849//1 850//1 818//1
f 850//1 851//1 819//1
f 851//1 852//1 820//1
f 852//1 853//1 821//1
f 853//1 854//1 822//1
f 854//1 855//1 823//1
f 855//1 856//1 824//1
f 856//1 857//1 825//1
f 857//1 858//1 826//1
f 858//1 859//1 827//1
f 859//1 860//1 828//1
f 860//1 861//1 829//1
f 861//1 862//1 830//1
f 862//1 863//1 831//1
f 863//1 864//1 832//1
f 865//1 866//1 834//1
f 866//1 867//1 835//1
f 867//1 868//1 836//1
f 868//1 869//1 837//1
f 869//1 870//1 838//1
f 870//1 871//1 839//1
f 871//1 872//1 840//1
f 872//1 873//1 841//1
f 873//1 874//1 842//1
f 874//1 875//1 843//1
f 875//1 876//1 844//1
f 876//1 877//1 845//1
f 877//1 878//1 846//1
f 878//1 879//1 847//1
f 879//1 880//1 848//1
f 880//1 881//1 849//1
f 881//1 882//1 850//1
f 882//1 883//1 851//1
f 883//1 884//1 852//1
f 884//1 885//1 853//1
f 885//1 886//1 854//1
f 886//1 887//1 855//1
f 887//1 888//1 856//1
f 888//1 889//1 857//1
f 889//1 890//1 858//1
f 890//1 891//1 859//1
f 891//1 892//1 860//1
f 892//1 893//1 861//1
f 893//1 894//1 862//1
f 894//1 895//1 863//1
f 895//1 896//1 864//1
f 897//1 898//1 866//1
f 898//1 899//1 867//1
f 899//1 900//1 868//1
f 900//1 901//1 869//1
f 901//1 902//1 870//1
f 902//1 903//1 871//1
f 903//1 904//1 872//1
f 904//1 905//1 873//1
f 905//1 906//1 874//1
f 906//1 907//1 875//1
f 907//1 908//1 876//1
f 908//1 909//1 877//1
f 909//1 910//1 878//1
f 910//1 911//1 879//1
f 911//1 912//1 880//1
f 912//1 913//1 881//1
f 913//1 914//1 882//1
f 914//1 915//1 883//1
f 915//1 916//1 884//1
f 916//1 917//1 885//1
f 917//1 918//1 886//1
f 918//1 919//1 887//1
f 919//1 920//1 888//1
f 920//1 921//1 889//1
f 921//1 922//1 890//1
f 922//1 923//1 891//1
f 923//1 924//1 892//1
f 924//1 925//1 893//1
f 925//1 926//1 894//1
f 926//1 927//1 895//1
f 927//1 928//1 896//1
f 929//1 930//1 898//1
f 930//1 931//1 899//1
f 931//1 932//1 900//1
f 932//1 933//1 901//1
f 933//1 934//1 902//1
f 934//1 935//1 903//1
f 935//1 936//1 904//1
f 936//1 937//1 905//1
f 937//1 938//1 906//1
f 938//1 939//1 907//1
f 939//1 940//1 908//1
f 940//1 941//1 909//1
f 941//1 942//1 910//1
f 942//1 943//1 911//1
f 943//1 944//1 912//1
f 944//1 945//1 913//1
f 945//1 946//1 914//1
f 946//1 947//1 915//1
f 947//1 948//1 916//1
f 948//1 949//1 917//1
f 949//1 950//1 918//1
f 950//1 951//1 919//1
f 951//1 952//1 920//1
f 952//1 953//1 921//1
f 953//1 954//1 922//1
f 954//1 955//1 923//1
f 955//1 956//1 924//1
f 956//1 957//1 925//1
f 957//1 958//1 926//1
f 958//1 959//1 927//1
f 959//1 960//1 928//1
f 961//1 962//1 930//1
f 962//1 963//1 931//1
f 963//1 964//1 932//1
f 964//1 965//1 933//1
f 965//1 966//1 934//1
f 966//1 967//1 935//1
f 967//1 968//1 936//1
f 968//1 969//1 937//1
f 969//1 970//1 938//1
f 970//1 971//1 939//1
f 971//1 972//1 940//1
f 972//1 973//1 941//1
f 973//1 974//1 942//1
f 974//1 975//1 943//1
f 975//1 976//1 944//1
f 976//1 977//1 945//1
f 977//1 978//1 946//1
f 978//1 979//1 947//1
f 979//1 980//1 948//1
f 980//1 981//1 949//1
f 981//1 982//1 950//1
f 982//1 983//1 951//1
f 983//1 984//1 952//1
f 984//1 985//1 953//1
f 985//1 986//1 954//1
f 986//1 987//1 955//1
f 987//1 988//1 956//1
f 988//1 989//1 957//1
f 989//1 990//1 958//1
f 990//1 991//1 959//1
f 991//1 992//1 960//1
f 993//1 994//1 962//1
f 994//1 995//1 963//1
f 995//1 996//1 964//1
f 996//1 997//1 965//1
f 997//1 998//1 966//1
f 998//1 999//1 967//1
f 999//1 1000//1 968//1
f 1000//1 1001//1 969//1
f 1001//1 1002//1 970//1
f 1002//1 1003//1 971//1
f 1003//1 1004//1 972//1
f 1004//1 1005//1 973//1
f 1005//1 1006//1 974//1
f 1006//1 1007//1 975//1
f 1007//1 1008//1 976//1
f 1008//1 1009//1 977//1
f 1009//1 1010//1 978//1
f 1010//1 1011//1 979//1
f 1011//1 1012//1 980//1
f 1012//1 1013//1 981//1
f 1013//1 1014//1 982//1
f 1014//1 1015//1 983//1
f 1015//1 1016//1 984//1
f 1016//1 1017//1 985//1
f 1017//1 1018//1 986//1
f 1018//1 1019//1 987//1
f 1019//1 1020//1 988//1
f 1020//1 1021//1 989//1
f 1021//1 1022//1 990//1
f 1022//1 1023//1 991//1
f 1023//1 1024//1 992//1
f 2//2 1026//2 1025//2
f 3//2 1027//2 1026//2
f 4//2 1028//2 1027//2
f 5//2 1029//2 1028//2
f 6//2 1030//2 1029//2
f 7//2 1031//2 1030//2
f 8//2 1032//2 1031//2
f 9//2 1033//2 1032//2
f 10//2 1034//2 1033//2
f 11//2 1035//2 1034//2
f 12//2 1036//2 1035//2
f 13//2 1037//2 1036//2
f 14//2 1038//2 1037//2
f 15//2 1039//2 1038//2
f 16//2 1040//2 1039//2
f 17//2 1041//2 1040//2
f 18//2 1042//2 1041//2
f 19//2 1043//2 1042//2
f 20//2 1044//2 1043//2
f 21//2 1045//2 1044//2
f 22//2 1046//2 1045//2
f 23//2 1047//2 1046//2
f 24//2 1048//2 1047//2
f 25//2 1049//2 1048//2
f 26//2 1050//2 1049//2
f 27//2 1051//2 1050//2
f 28//2 1052//2 1051//2
f 29//2 1053//2 1052//2
f 30//2 1054//2 1053//2
f 31//2 1055//2 1054//2
f 32//2 1056//2 1055//2
f 1026//2 1150//2 1149//2
f 1027//2 1151//2 1150//2
f 1028//2 1152//2 1151//2
f 1029//2 1153//2 1152//2
f 1030//2 1154//2 1153//2
f 1031//2 1155//2 1154//2
f 1032//2 1156//2 1155//2
f 1033//2 1157//2 1156//2
f 1034//2 1158//2 1157//2
f 1035//2 1159//2 1158//2
f 1036//2 1160//2 1159//2
f 1037//2 1161//2 1160//2
f 1038//2 1162//2 1161//2
f 1039//2 1163//2 1162//2
f 1040//2 1164//2 1163//2
f 1041//2 1165//2 1164//2
f 1042//2 1166//2 1165//2
f 1043//2 1167//2 1166//2
f 1044//2 1168//2 1167//2
f 1045//2 1169//2 1168//2
f 1046//2 1170//2 1169//2
f 1047//2 1171//2 1170//2
f 1048//2 1172//2 1171//2
f 1049//2 1173//2 1172//2
f 1050//2 1174//2 1173//2
f 1051//2 1175//2 1174//2
f 1052//2 1176//2 1175//2
f 1053//2 1177//2 1176//2
f 1054//2 1178//2 1177//2
f 1055//2 1179//2 1178//2
f 1056//2 1180//2 1179//2
f 1150//2 1274//2 1273//2
f 1151//2 1275//2 1274//2
f 1152//2 1276//2 1275//2
f 1153//2 1277//2 1276//2
f 1154//2 1278//2 1277//2
f 1155//2 1279//2 1278//2
f 1156//2 1280//2 1279//2
f 1157//2 1281//2 1280//2
f 1158//2 1282//2 1281//2
f 1159//2 1283//2 1282//2
f 1160//2 1284//2 1283//2
f 1161//2 1285//2 1284//2
f 1162//2 1286//2 1285//2
f 1163//2 1287//2 1286//2
f 1164//2 1288//2 1287//2
f 1165//2 1289//2 1288//2
f 1166//2 1290//2 1289//2
f 1167//2 1291//2 1290//2
f 1168//2 1292//2 1291//2
f 1169//2 1293//2 1292//2
f 1170//2 1294//2 1293//2
f 1171//2 1295//2 1294//2
f 1172//2 1296//2 1295//2
f 1173//2 1297//2 1296//2
f 1174//2 1298//2 1297//2
f 1175//2 1299//2 1298//2
f 1176//2 1300//2 1299//2
f 1177//2 1301//2 1300//2
f 1178//2 1302//2 1301//2
f 1179//2 1303//2 1302//2
f 1180//2 1304//2 1303//2
f 1274//2 1398//2 1397//2
f 1275//2 1399//2 1398//2
f 1276//2 1400//2 1399//2
f 1277//2 1401//2 1400//2
f 1278//2 1402//2 1401//2
f 1279//2 1403//2 1402//2
f 1280//2 1404//2 1403//2
f 1281//2 1405//2 1404//2
f 1282//2 1406//2 1405//2
f 1283//2 1407//2 1406//2
f 1284//2 1408//2 1407//2
f 1285//2 1409//2 1408//2
f 1286//2 1410//2 1409//2
f 1287//2 1411//2 1410//2
f 1288//2 1412//2 1411//2
f 1289//2 1413//2 1412//2
f 1290//2 1414//2 1413//2
f 1291//2 1415//2 1414//2
f 1292//2 1416//2 1415//2
f 1293//2 1417//2 1416//2
f 1294//2 1418//2 1417//2
f 1295//2 1419//2 1418//2
f 1296//2 1420//2 1419//2
f 1297//2 1421//2 1420//2
f 1298//2 1422//2 1421//2
f 1299//2 1423//2 1422//2
f 1300//2 1424//2 1423//2
f 1301//2 1425//2 1424//2
f 1302//2 1426//2 1425//2
f 1303//2 1427//2 1426//2
f 1304//2 1428//2 1427//2
f 1398//2 1522//2 1521//2
f 1399//2 1523//2 1522//2
f 1400//2 1524//2 1523//2
f 1401//2 1525//2 1524//2
f 1402//2 1526//2 1525//2
f 1403//2 1527//2 1526//2
f 1404//2 1528//2 1527//2
f 1405//2 1529//2 1528//2
f 1406//2 1530//2 1529//2
f 1407//2 1531//2 1530//2
f 1408//2 1532//2 1531//2
f 1409//2 1533//2 1532//2
f 1410//2 1534//2 1533//2
f 1411//2 1535//2 1534//2
f 1412//2 1536//2 1535//2
f 1413//2 1537//2 1536//2
f 1414//2 1538//2 1537//2
f 1415//2 1539//2 1538//2
f 1416//2 1540//2 1539//2
f 1417//2 1541//2 1540//2
f 1418//2 1542//2 1541//2
f 1419//2 1543//2 1542//2
f 1420//2 1544//2 1543//2
f 1421//2 1545//2 1544//2
f 1422//2 1546//2 1545//2
f 1423//2 1547//2 1546//2
f 1424//2 1548//2 1547//2
f 1425//2 1549//2 1548//2
f 1426//2 1550//2 1549//2
f 1427//2 1551//2 1550//2
f 1428//2 1552//2 1551//2
f 1522//2 1646//2 1645//2
f 1523//2 1647//2 1646//2
f 1524//2 1648//2 1647//2
f 1525//2 1649//2 1648//2
f 1526//2 1650//2 1649//2
f 1527//2 1651//2 1650//2
f 1528//2 1652//2 1651//2
f 1529//2 1653//2 1652//2
f 1530//2 1654//2 1653//2
f 1531//2 1655//2 1654//2
f 1532//2 1656//2 1655//2
f 1533//2 1657//2 1656//2
f 1534//2 1658//2 1657//2
f 1535//2 1659//2 1658//2
f 1536//2 1660//2 1659//2
f 1537//2 1661//2 1660//2
f 1538//2 1662//2 1661//2
f 1539//2 1663//2 1662//2
f 1540//2 1664//2 1663//2
f 1541//2 1665//2 1664//2
f 1542//2 1666//2 1665//2
f 1543//2 1667//2 1666//2
f 1544//2 1668//2 1667//2
f 1545//2 1669//2 1668//2
f 1546//2 1670//2 1669//2
f 1547//2 1671//2 1670//2
f 1548//2 1672//2 1671//2
f 1549//2 1673//2 1672//2
f 1550//2 1674//2 1673//2
f 1551//2 1675//2 1674//2
f 1552//2 1676//2 1675//2
f 1646//2 1770//2 1769//2
f 1647//2 1771//2 1770//2
f 1648//2 1772//2 1771//2
f 1649//2 1773//2 1772//2
f 1650//2 1774//2 1773//2
f 1651//2 1775//2 1774//2
f 1652//2 1776//2 1775//2
f 1653//2 1777//2 1776//2
f 1654//2 1778//2 1777//2
f 1655//2 1779//2 1778//2
f 1656//2 1780//2 1779//2
f 1657//2 1781//2 1780//2
f 1658//2 1782//2 1781//2
f 1659//2 1783//2 1782//2
f 1660//2 1784//2 1783//2
f 1661//2 1785//2 1784//2
f 1662//2 1786//2 1785//2
f 1663//2 1787//2 1786//2
f 1664//2 1788//2 1787//2
f 1665//2 1789//2 1788//2
f 1666//2 1790//2 1789//2
f 1667//2 1791//2 1790//2
f 1668//2 1792//2 1791//2
f 1669//2 1793//2 1792//2
f 1670//2 1794//2 1793//2
f 1671//2 1795//2 1794//2
f 1672//2 1796//2 1795//2
f 1673//2 1797//2 1796//2
f 1674//2 1798//2 1797//2
f 1675//2 1799//2 1798//2
f 1676//2 1800//2 1799//2
f 1770//2 1894//2 1893//2
f 1771//2 1895//2 1894//2
f 1772//2 1896//2 1895//2
f 1773//2 1897//2 1896//2
f 1774//2 1898//2 1897//2
f 1775//2 1899//2 1898//2
f 1776//2 1900//2 1899//2
f 1777//2 1901//2 1900//2
f 1778//2 1902//2 1901//2
f 1779//2 1903//2 1902//2
f 1780//2 1904//2 1903//2
f 1781//2 1905//2 1904//2
f 1782//2 1906//2 1905//2
f 1783//2 1907//2 1906//2
f 1784//2 1908//2 1907//2
f 1785//2 1909//2 1908//2
f 1786//2 1910//2 1909//2
f 1787//2 1911//2 1910//2
f 1788//2 1912//2 1911//2
f 1789//2 1913//2 1912//2
f 1790//2 1914//2 1913//2
f 1791//2 1915//2 1914//2
f 1792//2 1916//2 1915//2
f 1793//2 1917//2 1916//2
f 1794//2 1918//2 1917//2
f 1795//2 1919//2 1918//2
f 1796//2 1920//2 1919//2
f 1797//2 1921//2 1920//2
f 1798//2 1922//2 1921//2
f 1799//2 1923//2 1922//2
f 1800//2 1924//2 1923//2
f 1894//2 2018//2 2017//2
f 1895//2 2019//2 2018//2
f 1896//2 2020//2 2019//2
f 1897//2 2021//2 2020//2
f 1898//2 2022//2 2021//2
f 1899//2 2023//2 2022//2
f 1900//2 2024//2 2023//2
f 1901//2 2025//2 2024//2
f 1902//2 2026//2 2025//2
f 1903//2 2027//2 2026//2
f 1904//2 2028//2 2027//2
f 1905//2 2029//2 2028//2
f 1906//2 2030//2 2029//2
f 1907//2 2031//2 2030//2
f 1908//2 2032//2 2031//2
f 1909//2 2033//2 2032//2
f 1910//2 2034//2 2033//2
f 1911//2 2035//2 2034//2
f 1912//2 2036//2 2035//2
f 1913//2 2037//2 2036//2
f 1914//2 2038//2 2037//2
f 1915//2 2039//2 2038//2
f 1916//2 2040//2 2039//2
f 1917//2 2041//2 2040//2
f 1918//2 2042//2 2041//2
f 1919//2 2043//2 2042//2
f 1920//2 2044//2 2043//2
f 1921//2 2045//2 2044//2
f 1922//2 2046//2 2045//2
f 1923//2 2047//2 2046//2
f 1924//2 2048//2 2047//2
f 2018//2 2142//2 2141//2
f 2019//2 2143//2 2142//2
f 2020//2 2144//2 2143//2
f 2021//2 2145//2 2144//2
f 2022//2 2146//2 2145//2
f 2023//2 2147//2 2146//2
f 2024//2 2148//2 2147//2
f 2025//2 2149//2 2148//2
f 2026//2 2150//2 2149//2
f 2027//2 2151//2 2150//2
f 2028//2 2152//2 2151//2
f 2029//2 2153//2 2152//2
f 2030//2 2154//2 2153//2
f 2031//2 2155//2 2154//2
f 2032//2 2156//2 2155//2
f 2033//2 2157//2 2156//2
f 2034//2 2158//2 2157//2
f 2035//2 2159//2 2158//2
f 2036//2 2160//2 2159//2
f 2037//2 2161//2 2160//2
f 2038//2 2162//2 2161//2
f 2039//2 2163//2 2162//2
f 2040//2 2164//2 2163//2
f 2041//2 2165//2 2164//2
f 2042//2 2166//2 2165//2
f 2043//2 2167//2 2166//2
f 2044//2 2168//2 2167//2
f 2045//2 2169//2 2168//2
f 2046//2 2170//2 2169//2
f 2047//2 2171//2 2170//2
f 2048//2 2172//2 2171//2
f 2142//2 2266//2 2265//2
f 2143//2 2267//2 2266//2
f 2144//2 2268//2 2267//2
f 2145//2 2269//2 2268//2
f 2146//2 2270//2 2269//2
f 2147//2 2271//2 2270//2
f 2148//2 2272//2 2271//2
f 2149//2 2273//2 2272//2
f 2150//2 2274//2 2273//2
f 2151//2 2275//2 2274//2
f 2152//2 2276//2 2275//2
f 2153//2 2277//2 2276//2
f 2154//2 2278//2 2277//2
f 2155//2 2279//2 2278//2
f 2156//2 2280//2 2279//2
f 2157//2 2281//2 2280//2
f 2158//2 2282//2 2281//2
f 2159//2 2283//2 2282//2
f 2160//2 2284//2 2283//2
f 2161//2 2285//2 2284//2
f 2162//2 2286//2 2285//2
f 2163//2 2287//2 2286//2
f 2164//2 2288//2 2287//2
f 2165//2 2289//2 2288//2
f 2166//2 2290//2 2289//2
f 2167//2 2291//2 2290//2
f 2168//2 2292//2 2291//2
f 2169//2 2293//2 2292//2
f 2170//2 2294//2 2293//2
f 2171//2 2295//2 2294//2
f 2172//2 2296//2 2295//2
f 2266//2 2390//2 2389//2
f 2267//2 2391//2 2390//2
f 2268//2 2392//2 2391//2
f 2269//2 2393//2 2392//2
f 2270//2 2394//2 2393//2
f 2271//2 2395//2 2394//2
f 2272//2 2396//2 2395//2
f 2273//2 2397//2 2396//2
f 2274//2 2398//2 2397//2
f 2275//2 2399//2 2398//2
f 2276//2 2400//2 2399//2
f 2277//2 2401//2 2400//2
f 2278//2 2402//2 2401//2
f 2279//2 2403//2 2402//2
f 2280//2 2404//2 2403//2
f 2281//2 2405//2 2404//2
f 2282//2 2406//2 2405//2
f 2283//2 2407//2 2406//2
f 2284//2 2408//2 2407//2
f 2285//2 2409//2 2408//2
f 2286//2 2410//2 2409//2
f 2287//2 2411//2 2410//2
f 2288//2 2412//2 2411//2
f 2289//2 2413//2 2412//2
f 2290//2 2414//2 2413//2
f 2291//2 2415//2 2414//2
f 2292//2 2416//2 2415//2
f 2293//2 2417//2 2416//2
f 2294//2 2418//2 2417//2
f 2295//2 2419//2 2418//2
f 2296//2 2420//2 2419//2
f 2390//2 2514//2 2513//2
f 2391//2 2515//2 2514//2
f 2392//2 2516//2 2515//2
f 2393//2 2517//2 2516//2
f 2394//2 2518//2 2517//2
f 2395//2 2519//2 2518//2
f 2396//2 2520//2 2519//2
f 2397//2 2521//2 2520//2
f 2398//2 2522//2 2521//2
f 2399//2 2523//2 2522//2
f 2400//2 2524//2 2523//2
f 2401//2 2525//2 2524//2
f 2402//2 2526//2 2525//2
f 2403//2 2527//2 2526//2
f 2404//2 2528//2 2527//2
f 2405//2 2529//2 2528//2
f 2406//2 2530//2 2529//2
f 2407//2 2531//2 2530//2
f 2408//2 2532//2 2531//2
f 2409//2 2533//2 2532//2
f 2410//2 2534//2 2533//2
f 2411//2 2535//2 2534//2
f 2412//2 2536//2 2535//2
f 2413//2 2537//2 2536//2
f 2414//2 2538//2 2537//2
f 2415//2 2539//2 2538//2
f 2416//2 2540//2 2539//2
f 2417//2 2541//2 2540//2
f 2418//2 2542//2 2541//2
f 2419//2 2543//2 2542//2
f 2420//2 2544//2 2543//2
f 2514//2 2638//2 2637//2
f 2515//2 2639//2 2638//2
f 2516//2 2640//2 2639//2
f 2517//2 2641//2 2640//2
f 2518//2 2642//2 2641//2
f 2519//2 2643//2 2642//2
f 2520//2 2644//2 2643//2
f 2521//2 2645//2 2644//2
f 2522//2 2646//2 2645//2
f 2523//2 2647//2 2646//2
f 2524//2 2648//2 2647//2
f 2525//2 2649//2 2648//2
f 2526//2 2650//2 2649//2
f 2527//2 2651//2 2650//2
f 2528//2 2652//2 2651//2
f 2529//2 2653//2 2652//2
f 2530//2 2654//2 2653//2
f 2531//2 2655//2 2654//2
f 2532//2 2656//2 2655//2
f 2533//2 2657//2 2656//2
f 2534//2 2658//2 2657//2
f 2535//2 2659//2 2658//2
f 2536//2 2660//2 2659//2
f 2537//2 2661//2 2660//2
f 2538//2 2662//2 2661//2
f 2539//2 2663//2 2662//2
f 2540//2 2664//2 2663//2
f 2541//2 2665//2 2664//2
f 2542//2 2666//2 2665//2
f 2543//2 2667//2 2666//2
f 2544//2 2668//2 2667//2
f 2638//2 2762//2 2761//2
f 2639//2 2763//2 2762//2
f 2640//2 2764//2 2763//2
f 2641//2 2765//2 2764//2
f 2642//2 2766//2 2765//2
f 2643//2 2767//2 2766//2
f 2644//2 2768//2 2767//2
f 2645//2 2769//2 2768//2
f 2646//2 2770//2 2769//2
f 2647//2 2771//2 2770//2
f 2648//2 2772//2 2771//2
f 2649//2 2773//2 2772//2
f 2650//2 2774//2 2773//2
f 2651//2 2775//2 2774//2
f 2652//2 2776//2 2775//2
f 2653//2 2777//2 2776//2
f 2654//2 2778//2 2777//2
f 2655//2 2779//2 2778//2
f 2656//2 2780//2 2779//2
f 2657//2 2781//2 2780//2
f 2658//2 2782//2 2781//2
f 2659//2 2783//2 2782//2
f 2660//2 2784//2 2783//2
f 2661//2 2785//2 2784//2
f 2662//2 2786//2 2785//2
f 2663//2 2787//2 2786//2
f 2664//2 2788//2 2787//2
f 2665//2 2789//2 2788//2
f 2666//2 2790//2 2789//2
f 2667//2 2791//2 2790//2
f 2668//2 2792//2 2791//2
f 2762//2 2886//2 2885//2
f 2763//2 2887//2 2886//2
f 2764//2 2888//2 2887//2
f 2765//2 2889//2 2888//2
f 2766//2 2890//2 2889//2
f 2767//2 2891//2 2890//2
f 2768//2 2892//2 2891//2
f 2769//2 2893//2 2892//2
f 2770//2 2894//2 2893//2
f 2771//2 2895//2 2894//2
f 2772//2 2896//2 2895//2
f 2773//2 2897//2 2896//2
f 2774//2 2898//2 2897//2
f 2775//2 2899//2 2898//2
f 2776//2 2900//2 2899//2
f 2777//2 2901//2 2900//2
f 2778//2 2902//2 2901//2
f 2779//2 2903//2 2902//2
f 2780//2 2904//2 2903//2
f 2781//2 2905//2 2904//2
f 2782//2 2906//2 2905//2
f 2783//2 2907//2 2906//2
f 2784//2 2908//2 2907//2
f 2785//2 2909//2 2908//2
f 2786//2 2910//2 2909//2
f 2787//2 2911//2 2910//2
f 2788//2 2912//2 2911//2
f 2789//2 2913//2 2912//2
f 2790//2 2914//2 2913//2
f 2791//2 2915//2 2914//2
f 2792//2 2916//2 2915//2
f 2886//2 3010//2 3009//2
f 2887//2 3011//2 3010//2
f 2888//2 3012//2 3011//2
f 2889//2 3013//2 3012//2
f 2890//2 3014//2 3013//2
f 2891//2 3015//2 3014//2
f 2892//2 3016//2 3015//2
f 2893//2 3017//2 3016//2
f 2894//2 3018//2 3017//2
f 2895//2 3019//2 3018//2
f 2896//2 3020//2 3019//2
f 2897//2 3021//2 3020//2
f 2898//2 3022//2 3021//2
f 2899//2 3023//2 3022//2
f 2900//2 3024//2 3023//2
f 2901//2 3025//2 3024//2
f 2902//2 3026//2 3025//2
f 2903//2 3027//2 3026//2
f 2904//2 3028//2 3027//2
f 2905//2 3029//2 3028//2
f 2906//2 3030//2 3029//2
f 2907//2 3031//2 3030//2
f 2908//2 3032//2 3031//2
f 2909//2 3033//2 3032//2
f 2910//2 3034//2 3033//2
f 2911//2 3035//2 3034//2
f 2912//2 3036//2 3035//2
f 2913//2 3037//2 3036//2
f 2914//2 3038//2 3037//2
f 2915//2 3039//2 3038//2
f 2916//2 3040//2 3039//2
f 3010//2 3134//2 3133//2
f 3011//2 3135//2 3134//2
f 3012//2 3136//2 3135//2
f 3013//2 3137//2 3136//2
f 3014//2 3138//2 3137//2
f 3015//2 3139//2 3138//2
f 3016//2 3140//2 3139//2
f 3017//2 3141//2 3140//2
f 3018//2 3142//2 3141//2
f 3019//2 3143//2 3142//2
f 3020//2 3144//2 3143//2
f 3021//2 3145//2 3144//2
f 3022//2 3146//2 3145//2
f 3023//2 3147//2 3146//2
f 3024//2 3148//2 3147//2
f 3025//2 3149//2 3148//2
f 3026//2 3150//2 3149//2
f 3027//2 3151//2 3150//2
f 3028//2 3152//2 3151//2
f 3029//2 3153//2 3152//2
f 3030//2 3154//2 3153//2
f 3031//2 3155//2 3154//2
f 3032//2 3156//2 3155//2
f 3033//2 3157//2 3156//2
f 3034//2 3158//2 3157//2
f 3035//2 3159//2 3158//2
f 3036//2 3160//2 3159//2
f 3037//2 3161//2 3160//2
f 3038//2 3162//2 3161//2
f 3039//2 3163//2 3162//2
f 3040//2 3164//2 3163//2
f 3134//2 3258//2 3257//2
f 3135//2 3259//2 3258//2
f 3136//2 3260//2 3259//2
f 3137//2 3261//2 3260//2
f 3138//2 3262//2 3261//2
f 3139//2 3263//2 3262//2
f 3140//2 3264//2 3263//2
f 3141//2 3265//2 3264//2
f 3142//2 3266//2 3265//2
f 3143//2 3267//2 3266//2
f 3144//2 3268//2 3267//2
f 3145//2 3269//2 3268//2
f 3146//2 3270//2 3269//2
f 3147//2 3271//2 3270//2
f 3148//2 3272//2 3271//2
f 3149//2 3273//2 3272//2
f 3150//2 3274//2 3273//2
f 3151//2 3275//2 3274//2
f 3152//2 3276//2 3275//2
f 3153//2 3277//2 3276//2
f 3154//2 3278//2 3277//2
f 3155//2 3279//2 3278//2
f 3156//2 3280//2 3279//2
f 3157//2 3281//2 3280//2
f 3158//2 3282//2 3281//2
f 3159//2 3283//2 3282//2
f 3160//2 3284//2 3283//2
f 3161//2 3285//2 3284//2
f 3162//2 3286//2 3285//2
f 3163//2 3287//2 3286//2
f 3164//2 3288//2 3287//2
f 3258//2 3382//2 3381//2
f 3259//2 3383//2 3382//2
f 3260//2 3384//2 3383//2
f 3261//2 3385//2 3384//2
f 3262//2 3386//2 3385//2
f 3263//2 3387//2 3386//2
f 3264//2 3388//2 3387//2
f 3265//2 3389//2 3388//2
f 3266//2 3390//2 3389//2
f 3267//2 3391//2 3390//2
f 3268//2 3392//2 3391//2
f 3269//2 3393//2 3392//2
f 3270//2 3394//2 3393//2
f 3271//2 3395//2 3394//2
f 3272//2 3396//2 3395//2
f 3273//2 3397//2 3396//2
f 3274//2 3398//2 3397//2
f 3275//2 3399//2 3398//2
f 3276//2 3400//2 3399//2
f 3277//2 3401//2 3400//2
f 3278//2 3402//2 3401//2
f 3279//2 3403//2 3402//2
f 3280//2 3404//2 3403//2
f 3281//2 3405//2 3404//2
f 3282//2 3406//2 3405//2
f 3283//2 3407//2 3406//2
f 3284//2 3408//2 3407//2
f 3285//2 3409//2 3408//2
f 3286//2 3410//2 3409//2
f 3287//2 3411//2 3410//2
f 3288//2 3412//2 3411//2
f 3382//2 3506//2 3505//2
f 3383//2 3507//2 3506//2
f 3384//2 3508//2 3507//2
f 3385//2 3509//2 3508//2
f 3386//2 3510//2 3509//2
f 3387//2 3511//2 3510//2
f 3388//2 3512//2 3511//2
f 3389//2 3513//2 3512//2
f 3390//2 3514//2 3513//2
f 3391//2 3515//2 3514//2
f 3392//2 3516//2 3515//2
f 3393//2 3517//2 3516//2
f 3394//2 3518//2 3517//2
f 3395//2 3519//2 3518//2
f 3396//2 3520//2 3519//2
f 3397//2 3521//2 3520//2
f 3398//2 3522//2 3521//2
f 3399//2 3523//2 3522//2
f 3400//2 3524//2 3523//2
f 3401//2 3525//2 3524//2
f 3402//2 3526//2 3525//2
f 3403//2 3527//2 3526//2
f 3404//2 3528//2 3527//2
f 3405//2 3529//2 3528//2
f 3406//2 3530//2 3529//2
f 3407//2 3531//2 3530//2
f 3408//2 3532//2 3531//2
f 3409//2 3533//2 3532//2
f 3410//2 3534//2 3533//2
f 3411//2 3535//2 3534//2
f 3412//2 3536//2 3535//2
f 3506//2 3630//2 3629//2
f 3507//2 3631//2 3630//2
f 3508//2 3632//2 3631//2
f 3509//2 3633//2 3632//2
f 3510//2 3634//2 3633//2
f 3511//2 3635//2 3634//2
f 3512//2 3636//2 3635//2
f 3513//2 3637//2 3636//2
f 3514//2 3638//2 3637//2
f 3515//2 3639//2 3638//2
f 3516//2 3640//2 3639//2
f 3517//2 3641//2 3640//2
f 3518//2 3642//2 3641//2
f 3519//2 3643//2 3642//2
f 3520//2 3644//2 3643//2
f 3521//2 3645//2 3644//2
f 3522//2 3646//2 3645//2
f 3523//2 3647//2 3646//2
f 3524//2 3648//2 3647//2
f 3525//2 3649//2 3648//2
f 3526//2 3650//2 3649//2
f 3527//2 3651//2 3650//2
f 3528//2 3652//2 3651//2
f 3529//2 3653//2 3652//2
f 3530//2 3654//2 3653//2
f 3531//2 3655//2 3654//2
f 3532//2 3656//2 3655//2
f 3533//2 3657//2 3656//2
f 3534//2 3658//2 3657//2
f 3535//2 3659//2 3658//2
f 3536//2 3660//2 3659//2
f 3630//2 3754//2 3753//2
f 3631//2 3755//2 3754//2
f 3632//2 3756//2 3755//2
f 3633//2 3757//2 3756//2
f 3634//2 3758//2 3757//2
f 3635//2 3759//2 3758//2
f 3636//2 3760//2 3759//2
f 3637//2 3761//2 3760//2
f 3638//2 3762//2 3761//2
f 3639//2 3763//2 3762//2
f 3640//2 3764//2 3763//2
f 3641//2 3765//2 3764//2
f 3642//2 3766//2 3765//2
f 3643//2 3767//2 3766//2
f 3644//2 3768//2 3767//2
f 3645//2 3769//2 3768//2
f 3646//2 3770//2 3769//2
f 3647//2 3771//2 3770//2
f 3648//2 3772//2 3771//2
f 3649//2 3773//2 3772//2
f 3650//2 3774//2 3773//2
f 3651//2 3775//2 3774//2
f 3652//2 3776//2 3775//2
f 3653//2 3777//2 3776//2
f 3654//2 3778//2 3777//2
f 3655//2 3779//2 3778//2
f 3656//2 3780//2 3779//2
f 3657//2 3781//2 3780//2
f 3658//2 3782//2 3781//2
f 3659//2 3783//2 3782//2
f 3660//2 3784//2 3783//2
f 3754//2 3878//2 3877//2
f 3755//2 3879//2 3878//2
f 3756//2 3880//2 3879//2
f 3757//2 3881//2 3880//2
f 3758//2 3882//2 3881//2
f 3759//2 3883//2 3882//2
f 3760//2 3884//2 3883//2
f 3761//2 3885//2 3884//2
f 3762//2 3886//2 3885//2
f 3763//2 3887//2 3886//2
f 3764//2 3888//2 3887//2
f 3765//2 3889//2 3888//2
f 3766//2 3890//2 3889//2
f 3767//2 3891//2 3890//2
f 3768//2 3892//2 3891//2
f 3769//2 3893//2 3892//2
f 3770//2 3894//2 3893//2
f 3771//2 3895//2 3894//2
f 3772//2 3896//2 3895//2
f 3773//2 3897//2 3896//2
f 3774//2 3898//2 3897//2
f 3775//2 3899//2 3898//2
f 3776//2 3900//2 3899//2
f 3777//2 3901//2 3900//2
f 3778//2 3902//2 3901//2
f 3779//2 3903//2 3902//2
f 3780//2 3904//2 3903//2
f 3781//2 3905//2 3904//2
f 3782//2 3906//2 3905//2
f 3783//2 3907//2 3906//2
f 3784//2 3908//2 3907//2
f 3878//2 4002//2 4001//2
f 3879//2 4003//2 4002//2
f 3880//2 4004//2 4003//2
f 3881//2 4005//2 4004//2
f 3882//2 4006//2 4005//2
f 3883//2 4007//2 4006//2
f 3884//2 4008//2 4007//2
f 3885//2 4009//2 4008//2
f 3886//2 4010//2 4009//2
f 3887//2 4011//2 4010//2
f 3888//2 4012//2 4011//2
f 3889//2 4013//2 4012//2
f 3890//2 4014//2 4013//2
f 3891//2 4015//2 4014//2
f 3892//2 4016//2 4015//2
f 3893//2 4017//2 4016//2
f 3894//2 4018//2 4017//2
f 3895//2 4019//2 4018//2
f 3896//2 4020//2 4019//2
f 3897//2 4021//2 4020//2
f 3898//2 4022//2 4021//2
f 3899//2 4023//2 4022//2
f 3900//2 4024//2 4023//2
f 3901//2 4025//2 4024//2
f 3902//2 4026//2 4025//2
f 3903//2 4027//2 4026//2
f 3904//2 4028//2 4027//2
f 3905//2 4029//2 4028//2
f 3906//2 4030//2 4029//2
f 3907//2 4031//2 4030//2
f 3908//2 4032//2 4031//2
f 4002//2 4126//2 4125//2
f 4003//2 4127//2 4126//2
f 4004//2 4128//2 4127//2
f 4005//2 4129//2 4128//2
f 4006//2 4130//2 4129//2
f 4007//2 4131//2 4130//2
f 4008//2 4132//2 4131//2
f 4009//2 4133//2 4132//2
f 4010//2 4134//2 4133//2
f 4011//2 4135//2 4134//2
f 4012//2 4136//2 4135//2
f 4013//2 4137//2 4136//2
f 4014//2 4138//2 4137//2
f 4015//2 4139//2 4138//2
f 4016//2 4140//2 4139//2
f 4017//2 4141//2 4140//2
f 4018//2 4142//2 4141//2
f 4019//2 4143//2 4142//2
f 4020//2 4144//2 4143//2
f 4021//2 4145//2 4144//2
f 4022//2 4146//2 4145//2
f 4023//2 4147//2 4146//2
f 4024//2 4148//2 4147//2
f 4025//2 4149//2 4148//2
f 4026//2 4150//2 4149//2
f 4027//2 4151//2 4150//2
f 4028//2 4152//2 4151//2
f 4029//2 4153//2 4152//2
f 4030//2 4154//2 4153//2
f 4031//2 4155//2 4154//2
f 4032//2 4156//2 4155//2
f 4126//2 4250//2 4249//2
f 4127//2 4251//2 4250//2
f 4128//2 4252//2 4251//2
f 4129//2 4253//2 4252//2
f 4130//2 4254//2 4253//2
f 4131//2 4255//2 4254//2
f 4132//2 4256//2 4255//2
f 4133//2 4257//2 4256//2
f 4134//2 4258//2 4257//2
f 4135//2 4259//2 4258//2
f 4136//2 4260//2 4259//2
f 4137//2 4261//2 4260//2
f 4138//2 4262//2 4261//2
f 4139//2 4263//2 4262//2
f 4140//2 4264//2 4263//2
f 4141//2 4265//2 4264//2
f 4142//2 4266//2 4265//2
f 4143//2 4267//2 4266//2
f 4144//2 4268//2 4267//2
f 4145//2 4269//2 4268//2
f 4146//2 4270//2 4269//2
f 4147//2 4271//2 4270//2
f 4148//2 4272//2 4271//2
f 4149//2 4273//2 4272//2
f 4150//2 4274//2 4273//2
f 4151//2 4275//2 4274//2
f 4152//2 4276//2 4275//2
f 4153//2 4277//2 4276//2
f 4154//2 4278//2 4277//2
f 4155//2 4279//2 4278//2
f 4156//2 4280//2 4279//2
f 4250//2 4374//2 4373//2
f 4251//2 4375//2 4374//2
f 4252//2 4376//2 4375//2
f 4253//2 4377//2 4376//2
f 4254//2 4378//2 4377//2
f 4255//2 4379//2 4378//2
f 4256//2 4380//2 4379//2
f 4257//2 4381//2 4380//2
f 4258//2 4382//2 4381//2
f 4259//2 4383//2 4382//2
f 4260//2 4384//2 4383//2
f 4261//2 4385//2 4384//2
f 4262//2 4386//2 4385//2
f 4263//2 4387//2 4386//2
f 4264//2 4388//2 4387//2
f 4265//2 4389//2 4388//2
f 4266//2 4390//2 4389//2
f 4267//2 4391//2 4390//2
f 4268//2 4392//2 4391//2
f 4269//2 4393//2 4392//2
f 4270//2 4394//2 4393//2
f 4271//2 4395//2 4394//2
f 4272//2 4396//2 4395//2
f 4273//2 4397//2 4396//2
f 4274//2 4398//2 4397//2
f 4275//2 4399//2 4398//2
f 4276//2 4400//2 4399//2
f 4277//2 4401//2 4400//2
f 4278//2 4402//2 4401//2
f 4279//2 4403//2 4402//2
f 4280//2 4404//2 4403//2
f 4374//2 4498//2 4497//2
f 4375//2 4499//2 4498//2
f 4376//2 4500//2 4499//2
f 4377//2 4501//2 4500//2
f 4378//2 4502//2 4501//2
f 4379//2 4503//2 4502//2
f 4380//2 4504//2 4503//2
f 4381//2 4505//2 4504//2
f 4382//2 4506//2 4505//2
f 4383//2 4507//2 4506//2
f 4384//2 4508//2 4507//2
f 4385//2 4509//2 4508//2
f 4386//2 4510//2 4509//2
f 4387//2 4511//2 4510//2
f 4388//2 4512//2 4511//2
f 4389//2 4513//2 4512//2
f 4390//2 4514//2 4513//2
f 4391//2 4515//2 4514//2
f 4392//2 4516//2 4515//2
f 4393//2 4517//2 4516//2
f 4394//2 4518//2 4517//2
f 4395//2 4519//2 4518//2
f 4396//2 4520//2 4519//2
f 4397//2 4521//2 4520//2
f 4398//2 4522//2 4521//2
f 4399//2 4523//2 4522//2
f 4400//2 4524//2 4523//2
f 4401//2 4525//2 4524//2
f 4402//2 4526//2 4525//2
f 4403//2 4527//2 4526//2
f 4404//2 4528//2 4527//2
f 4498//2 4622//2 4621//2
f 4499//2 4623//2 4622//2
f 4500//2 4624//2 4623//2
f 4501//2 4625//2 4624//2
f 4502//2 4626//2 4625//2
f 4503//2 4627//2 4626//2
f 4504//2 4628//2 4627//2
f 4505//2 4629//2 4628//2
f 4506//2 4630//2 4629//2
f 4507//2 4631//2 4630//2
f 4508//2 4632//2 4631//2
f 4509//2 4633//2 4632//2
f 4510//2 4634//2 4633//2
f 4511//2 4635//2 4634//2
f 4512//2 4636//2 4635//2
f 4513//2 4637//2 4636//2
f 4514//2 4638//2 4637//2
f 4515//2 4639//2 4638//2
f 4516//2 4640//2 4639//2
f 4517//2 4641//2 4640//2
f 4518//2 4642//2 4641//2
f 4519//2 4643//2 4642//2
f 4520//2 4644//2 4643//2
f 4521//2 4645//2 4644//2
f 4522//2 4646//2 4645//2
f 4523//2 4647//2 4646//2
f 4524//2 4648//2 4647//2
f 4525//2 4649//2 4648//2
f 4526//2 4650//2 4649//2
f 4527//2 4651//2 4650//2
f 4528//2 4652//2 4651//2
f 4622//2 4746//2 4745//2
f 4623//2 4747//2 4746//2
f 4624//2 4748//2 4747//2
f 4625//2 4749//2 4748//2
f 4626//2 4750//2 4749//2
f 4627//2 4751//2 4750//2
f 4628//2 4752//2 4751//2
f 4629//2 4753//2 4752//2
f 4630//2 4754//2 4753//2
f 4631//2 4755//2 4754//2
f 4632//2 4756//2 4755//2
f 4633//2 4757//2 4756//2
f 4634//2 4758//2 4757//2
f 4635//2 4759//2 4758//2
f 4636//2 4760//2 4759//2
f 4637//2 4761//2 4760//2
f 4638//2 4762//2 4761//2
f 4639//2 4763//2 4762//2
f 4640//2 4764//2 4763//2
f 4641//2 4765//2 4764//2
f 4642//2 4766//2 4765//2
f 4643//2 4767//2 4766//2
f 4644//2 4768//2 4767//2
f 4645//2 4769//2 4768//2
f 4646//2 4770//2 4769//2
f 4647//2 4771//2 4770//2
f 4648//2 4772//2 4771//2
f 4649//2 4773//2 4772//2
f 4650//2 4774//2 4773//2
f 4651//2 4775//2 4774//2
f 4652//2 4776//2 4775//2
f 4746//3 4778//3 4777//3
f 4747//3 4779//3 4778//3
f 4748//3 4780//3 4779//3
f 4749//3 4781//3 4780//3
f 4750//3 4782//3 4781//3
f 4751//3 4783//3 4782//3
f 4752//3 4784//3 4783//3
f 4753//3 4785//3 4784//3
f 4754//3 4786//3 4785//3
f 4755//3 4787//3 4786//3
f 4756//3 4788//3 4787//3
f 4757//3 4789//3 4788//3
f 4758//3 4790//3 4789//3
f 4759//3 4791//3 4790//3
f 4760//3 4792//3 4791//3
f 4761//3 4793//3 4792//3
f 4762//3 4794//3 4793//3
f 4763//3 4795//3 4794//3
f 4764//3 4796//3 4795//3
f 4765//3 4797//3 4796//3
f 4766//3 4798//3 4797//3
f 4767//3 4799//3 4798//3
f 4768//3 4800//3 4799//3
f 4769//3 4801//3 4800//3
f 4770//3 4802//3 4801//3
f 4771//3 4803//3 4802//3
f 4772//3 4804//3 4803//3
f 4773//3 4805//3 4804//3
f 4774//3 4806//3 4805//3
f 4775//3 4807//3 4806//3
f 4776//3 4808//3 4807//3
f 4778//3 4810//3 4809//3
f 4779//3 4811//3 4810//3
f 4780//3 4812//3 4811//3
f 4781//3 4813//3 4812//3
f 4782//3 4814//3 4813//3
f 4783//3 4815//3 4814//3
f 4784//3 4816//3 4815//3
f 4785//3 4817//3 4816//3
f 4786//3 4818//3 4817//3
f 4787//3 4819//3 4818//3
f 4788//3 4820//3 4819//3
f 4789//3 4821//3 4820//3
f 4790//3 4822//3 4821//3
f 4791//3 4823//3 4822//3
f 4792//3 4824//3 4823//3
f 4793//3 4825//3 4824//3
f 4794//3 4826//3 4825//3
f 4795//3 4827//3 4826//3
f 4796//3 4828//3 4827//3
f 4797//3 4829//3 4828//3
f 4798//3 4830//3 4829//3
f 4799//3 4831//3 4830//3
f 4800//3 4832//3 4831//3
f 4801//3 4833//3 4832//3
f 4802//3 4834//3 4833//3
f 4803//3 4835//3 4834//3
f 4804//3 4836//3 4835//3
f 4805//3 4837//3 4836//3
f 4806//3 4838//3 4837//3
f 4807//3 4839//3 4838//3
f 4808//3 4840//3 4839//3
f 4810//3 4842//3 4841//3
f 4811//3 4843//3 4842//3
f 4812//3 4844//3 4843//3
f 4813//3 4845//3 4844//3
f 4814//3 4846//3 4845//3
f 4815//3 4847//3 4846//3
f 4816//3 4848//3 4847//3
f 4817//3 4849//3 4848//3
f 4818//3 4850//3 4849//3
f 4819//3 4851//3 4850//3
f 4820//3 4852//3 4851//3
f 4821//3 4853//3 4852//3
f 4822//3 4854//3 4853//3
f 4823//3 4855//3 4854//3
f 4824//3 4856//3 4855//3
f 4825//3 4857//3 4856//3
f 4826//3 4858//3 4857//3
f 4827//3 4859//3 4858//3
f 4828//3 4860//3 4859//3
f 4829//3 4861//3 4860//3
f 4830//3 4862//3 4861//3
f 4831//3 4863//3 4862//3
f 4832//3 4864//3 4863//3
f 4833//3 4865//3 4864//3
f 4834//3 4866//3 4865//3
f 4835//3 4867//3 4866//3
f 4836//3 4868//3 4867//3
f 4837//3 4869//3 4868//3
f 4838//3 4870//3 4869//3
f 4839//3 4871//3 4870//3
f 4840//3 4872//3 4871//3
f 4842//3 4874//3 4873//3
f 4843//3 4875//3 4874//3
f 4844//3 4876//3 4875//3
f 4845//3 4877//3 4876//3
f 4846//3 4878//3 4877//3
f 4847//3 4879//3 4878//3
f 4848//3 4880//3 4879//3
f 4849//3 4881//3 4880//3
f 4850//3 4882//3 4881//3
f 4851//3 4883//3 4882//3
f 4852//3 4884//3 4883//3
f 4853//3 4885//3 4884//3
f 4854//3 4886//3 4885//3
f 4855//3 4887//3 4886//3
f 4856//3 4888//3 4887//3
f 4857//3 4889//3 4888//3
f 4858//3 4890//3 4889//3
f 4859//3 4891//3 4890//3
f 4860//3 4892//3 4891//3
f 4861//3 4893//3 4892//3
f 4862//3 4894//3 4893//3
f 4863//3 4895//3 4894//3
f 4864//3 4896//3 4895//3
f 4865//3 4897//3 4896//3
f 4866//3 4898//3 4897//3
f 4867//3 4899//3 4898//3
f 4868//3 4900//3 4899//3
f 4869//3 4901//3 4900//3
f 4870//3 4902//3 4901//3
f 4871//3 4903//3 4902//3
f 4872//3 4904//3 4903//3
f 4874//3 4906//3 4905//3
f 4875//3 4907//3 4906//3
f 4876//3 4908//3 4907//3
f 4877//3 4909//3 4908//3
f 4878//3 4910//3 4909//3
f 4879//3 4911//3 4910//3
f 4880//3 4912//3 4911//3
f 4881//3 4913//3 4912//3
f 4882//3 4914//3 4913//3
f 4883//3 4915//3 4914//3
f 4884//3 4916//3 4915//3
f 4885//3 4917//3 4916//3
f 4886//3 4918//3 4917//3
f 4887//3 4919//3 4918//3
f 4888//3 4920//3 4919//3
f 4889//3 4921//3 4920//3
f 4890//3 4922//3 4921//3
f 4891//3 4923//3 4922//3
f 4892//3 4924//3 4923//3
f 4893//3 4925//3 4924//3
f 4894//3 4926//3 4925//3
f 4895//3 4927//3 4926//3
f 4896//3 4928//3 4927//3
f 4897//3 4929//3 4928//3
f 4898//3 4930//3 4929//3
f 4899//3 4931//3 4930//3
f 4900//3 4932//3 4931//3
f 4901//3 4933//3 4932//3
f 4902//3 4934//3 4933//3
f 4903//3 4935//3 4934//3
f 4904//3 4936//3 4935//3
f 4906//3 4938//3 4937//3
f 4907//3 4939//3 4938//3
f 4908//3 4940//3 4939//3
f 4909//3 4941//3 4940//3
f 4910//3 4942//3 4941//3
f 4911//3 4943//3 4942//3
f 4912//3 4944//3 4943//3
f 4913//3 4945//3 4944//3
f 4914//3 4946//3 4945//3
f 4915//3 4947//3 4946//3
f 4916//3 4948//3 4947//3
f 4917//3 4949//3 4948//3
f 4918//3 4950//3 4949//3
f 4919//3 4951//3 4950//3
f 4920//3 4952//3 4951//3
f 4921//3 4953//3 4952//3
f 4922//3 4954//3 4953//3
f 4923//3 4955//3 4954//3
f 4924//3 4956//3 4955//3
f 4925//3 4957//3 4956//3
f 4926//3 4958//3 4957//3
f 4927//3 4959//3 4958//3
f 4928//3 4960//3 4959//3
f 4929//3 4961//3 4960//3
f 4930//3 4962//3 4961//3
f 4931//3 4963//3 4962//3
f 4932//3 4964//3 4963//3
f 4933//3 4965//3 4964//3
f 4934//3 4966//3 4965//3
f 4935//3 4967//3 4966//3
f 4936//3 4968//3 4967//3
f 4938//3 4970//3 4969//3
f 4939//3 4971//3 4970//3
f 4940//3 4972//3 4971//3
f 4941//3 4973//3 4972//3
f 4942//3 4974//3 4973//3
f 4943//3 4975//3 4974//3
f 4944//3 4976//3 4975//3
f 4945//3 4977//3 4976//3
f 4946//3 4978//3 4977//3
f 4947//3 4979//3 4978//3
f 4948//3 4980//3 4979//3
f 4949//3 4981//3 4980//3
f 4950//3 4982//3 4981//3
f 4951//3 4983//3 4982//3
f 4952//3 4984//3 4983//3
f 4953//3 4985//3 4984//3
f 4954//3 4986//3 4985//3
f 4955//3 4987//3 4986//3
f 4956//3 4988//3 4987//3
f 4957//3 4989//3 4988//3
f 4958//3 4990//3 4989//3
f 4959//3 4991//3 4990//3
f 4960//3 4992//3 4991//3
f 4961//3 4993//3 4992//3
f 4962//3 4994//3 4993//3
f 4963//3 4995//3 4994//3
f 4964//3 4996//3 4995//3
f 4965//3 4997//3 4996//3
f 4966//3 4998//3 4997//3
f 4967//3 4999//3 4998//3
f 4968//3 5000//3 4999//3
f 4970//3 5002//3 5001//3
f 4971//3 5003//3 5002//3
f 4972//3 5004//3 5003//3
f 4973//3 5005//3 5004//3
f 4974//3 5006//3 5005//3
f 4975//3 5007//3 5006//3
f 4976//3 5008//3 5007//3
f 4977//3 5009//3 5008//3
f 4978//3 5010//3 5009//3
f 4979//3 5011//3 5010//3
f 4980//3 5012//3 5011//3
f 4981//3 5013//3 5012//3
f 4982//3 5014//3 5013//3
f 4983//3 5015//3 5014//3
f 4984//3 5016//3 5015//3
f 4985//3 5017//3 5016//3
f 4986//3 5018//3 5017//3
f 4987//3 5019//3 5018//3
f 4988//3 5020//3 5019//3
f 4989//3 5021//3 5020//3
f 4990//3 5022//3 5021//3
f 4991//3 5023//3 5022//3
f 4992//3 5024//3 5023//3
f 4993//3 5025//3 5024//3
f 4994//3 5026//3 5025//3
f 4995//3 5027//3 5026//3
f 4996//3 5028//3 5027//3
f 4997//3 5029//3 5028//3
f 4998//3 5030//3 5029//3
f 4999//3 5031//3 5030//3
f 5000//3 5032//3 5031//3
f 5002//3 5034//3 5033//3
f 5003//3 5035//3 5034//3
f 5004//3 5036//3 5035//3
f 5005//3 5037//3 5036//3
f 5006//3 5038//3 5037//3
f 5007//3 5039//3 5038//3
f 5008//3 5040//3 5039//3
f 5009//3 5041//3 5040//3
f 5010//3 5042//3 5041//3
f 5011//3 5043//3 5042//3
f 5012//3 5044//3 5043//3
f 5013//3 5045//3 5044//3
f 5014//3 5046//3 5045//3
f 5015//3 5047//3 5046//3
f 5016//3 5048//3 5047//3
f 5017//3 5049//3 5048//3
f 5018//3 5050//3 5049//3
f 5019//3 5051//3 5050//3
f 5020//3 5052//3 5051//3
f 5021//3 5053//3 5052//3
f 5022//3 5054//3 5053//3
f 5023//3 5055//3 5054//3
f 5024//3 5056//3 5055//3
f 5025//3 5057//3 5056//3
f 5026//3 5058//3 5057//3
f 5027//3 5059//3 5058//3
f 5028//3 5060//3 5059//3
f 5029//3 5061//3 5060//3
f 5030//3 5062//3 5061//3
f 5031//3 5063//3 5062//3
f 5032//3 5064//3 5063//3
f 5034//3 5066//3 5065//3
f 5035//3 5067//3 5066//3
f 5036//3 5068//3 5067//3
f 5037//3 5069//3 5068//3
f 5038//3 5070//3 5069//3
f 5039//3 5071//3 5070//3
f 5040//3 5072//3 5071//3
f 5041//3 5073//3 5072//3
f 5042//3 5074//3 5073//3
f 5043//3 5075//3 5074//3
f 5044//3 5076//3 5075//3
f 5045//3 5077//3 5076//3
f 5046//3 5078//3 5077//3
f 5047//3 5079//3 5078//3
f 5048//3 5080//3 5079//3
f 5049//3 5081//3 5080//3
f 5050//3 5082//3 5081//3
f 5051//3 5083//3 5082//3
f 5052//3 5084//3 5083//3
f 5053//3 5085//3 5084//3
f 5054//3 5086//3 5085//3
f 5055//3 5087//3 5086//3
f 5056//3 5088//3 5087//3
f 5057//3 5089//3 5088//3
f 5058//3 5090//3 5089//3
f 5059//3 5091//3 5090//3
f 5060//3 5092//3 5091//3
f 5061//3 5093//3 5092//3
f 5062//3 5094//3 5093//3
f 5063//3 5095//3 5094//3
f 5064//3 5096//3 5095//3
f 5066//3 5098//3 5097//3
f 5067//3 5099//3 5098//3
f 5068//3 5100//3 5099//3
f 5069//3 5101//3 5100//3
f 5070//3 5102//3 5101//3
f 5071//3 5103//3 5102//3
f 5072//3 5104//3 5103//3
f 5073//3 5105//3 5104//3
f 5074//3 5106//3 5105//3
f 5075//3 5107//3 5106//3
f 5076//3 5108//3 5107//3
f 5077//3 5109//3 5108//3
f 5078//3 5110//3 5109//3
f 5079//3 5111//3 5110//3
f 5080//3 5112//3 5111//3
f 5081//3 5113//3 5112//3
f 5082//3 5114//3 5113//3
f 5083//3 5115//3 5114//3
f 5084//3 5116//3 5115//3
f 5085//3 5117//3 5116//3
f 5086//3 5118//3 5117//3
f 5087//3 5119//3 5118//3
f 5088//3 5120//3 5119//3
f 5089//3 5121//3 5120//3
f 5090//3 5122//3 5121//3
f 5091//3 5123//3 5122//3
f 5092//3 5124//3 5123//3
f 5093//3 5125//3 5124//3
f 5094//3 5126//3 5125//3
f 5095//3 5127//3 5126//3
f 5096//3 5128//3 5127//3
f 5098//3 5130//3 5129//3
f 5099//3 5131//3 5130//3
f 5100//3 5132//3 5131//3
f 5101//3 5133//3 5132//3
f 5102//3 5134//3 5133//3
f 5103//3 5135//3 5134//3
f 5104//3 5136//3 5135//3
f 5105//3 5137//3 5136//3
f 5106//3 5138//3 5137//3
f 5107//3 5139//3 5138//3
f 5108//3 5140//3 5139//3
f 5109//3 5141//3 5140//3
f 5110//3 5142//3 5141//3
f 5111//3 5143//3 5142//3
f 5112//3 5144//3 5143//3
f 5113//3 5145//3 5144//3
f 5114//3 5146//3 5145//3
f 5115//3 5147//3 5146//3
f 5116//3 5148//3 5147//3
f 5117//3 5149//3 5148//3
f 5118//3 5150//3 5149//3
f 5119//3 5151//3 5150//3
f 5120//3 5152//3 5151//3
f 5121//3 5153//3 5152//3
f 5122//3 5154//3 5153//3
f 5123//3 5155//3 5154//3
f 5124//3 5156//3 5155//3
f 5125//3 5157//3 5156//3
f 5126//3 5158//3 5157//3
f 5127//3 5159//3 5158//3
f 5128//3 5160//3 5159//3
f 5130//3 5162//3 5161//3
f 5131//3 5163//3 5162//3
f 5132//3 5164//3 5163//3
f 5133//3 5165//3 5164//3
f 5134//3 5166//3 5165//3
f 5135//3 5167//3 5166//3
f 5136//3 5168//3 5167//3
f 5137//3 5169//3 5168//3
f 5138//3 5170//3 5169//3
f 5139//3 5171//3 5170//3
f 5140//3 5172//3 5171//3
f 5141//3 5173//3 5172//3
f 5142//3 5174//3 5173//3
f 5143//3 5175//3 5174//3
f 5144//3 5176//3 5175//3
f 5145//3 5177//3 5176//3
f 5146//3 5178//3 5177//3
f 5147//3 5179//3 5178//3
f 5148//3 5180//3 5179//3
f 5149//3 5181//3 5180//3
f 5150//3 5182//3 5181//3
f 5151//3 5183//3 5182//3
f 5152//3 5184//3 5183//3
f 5153//3 5185//3 5184//3
f 5154//3 5186//3 5185//3
f 5155//3 5187//3 5186//3
f 5156//3 5188//3 5187//3
f 5157//3 5189//3 5188//3
f 5158//3 5190//3 5189//3
f 5159//3 5191//3 5190//3
f 5160//3 5192//3 5191//3
f 5162//3 5194//3 5193//3
f 5163//3 5195//3 5194//3
f 5164//3 5196//3 5195//3
f 5165//3 5197//3 5196//3
f 5166//3 5198//3 5197//3
f 5167//3 5199//3 5198//3
f 5168//3 5200//3 5199//3
f 5169//3 5201//3 5200//3
f 5170//3 5202//3 5201//3
f 5171//3 5203//3 5202//3
f 5172//3 5204//3 5203//3
f 5173//3 5205//3 5204//3
f 5174//3 5206//3 5205//3
f 5175//3 5207//3 5206//3
f 5176//3 5208//3 5207//3
f 5177//3 5209//3 5208//3
f 5178//3 5210//3 5209//3
f 5179//3 5211//3 5210//3
f 5180//3 5212//3 5211//3
f 5181//3 5213//3 5212//3
f 5182//3 5214//3 5213//3
f 5183//3 5215//3 5214//3
f 5184//3 5216//3 5215//3
f 5185//3 5217//3 5216//3
f 5186//3 5218//3 5217//3
f 5187//3 5219//3 5218//3
f 5188//3 5220//3 5219//3
f 5189//3 5221//3 5220//3
f 5190//3 5222//3 5221//3
f 5191//3 5223//3 5222//3
f 5192//3 5224//3 5223//3
f 5194//3 5226//3 5225//3
f 5195//3 5227//3 5226//3
f 5196//3 5228//3 5227//3
f 5197//3 5229//3 5228//3
f 5198//3 5230//3 5229//3
f 5199//3 5231//3 5230//3
f 5200//3 5232//3 5231//3
f 5201//3 5233//3 5232//3
f 5202//3 5234//3 5233//3
f 5203//3 5235//3 5234//3
f 5204//3 5236//3 5235//3
f 5205//3 5237//3 5236//3
f 5206//3 5238//3 5237//3
f 5207//3 5239//3 5238//3
f 5208//3 5240//3 5239//3
f 5209//3 5241//3 5240//3
f 5210//3 5242//3 5241//3
f 5211//3 5243//3 5242//3
f 5212//3 5244//3 5243//3
f 5213//3 5245//3 5244//3
f 5214//3 5246//3 5245//3
f 5215//3 5247//3 5246//3
f 5216//3 5248//3 5247//3
f 5217//3 5249//3 5248//3
f 5218//3 5250//3 5249//3
f 5219//3 5251//3 5250//3
f 5220//3 5252//3 5251//3
f 5221//3 5253//3 5252//3
f 5222//3 5254//3 5253//3
f 5223//3 5255//3 5254//3
f 5224//3 5256//3 5255//3
f 5226//3 5258//3 5257//3
f 5227//3 5259//3 5258//3
f 5228//3 5260//3 5259//3
f 5229//3 5261//3 5260//3
f 5230//3 5262//3 5261//3
f 5231//3 5263//3 5262//3
f 5232//3 5264//3 5263//3
f 5233//3 5265//3 5264//3
f 5234//3 5266//3 5265//3
f 5235//3 5267//3 5266//3
f 5236//3 5268//3 5267//3
f 5237//3 5269//3 5268//3
f 5238//3 5270//3 5269//3
f 5239//3 5271//3 5270//3
f 5240//3 5272//3 5271//3
f 5241//3 5273//3 5272//3
f 5242//3 5274//3 5273//3
f 5243//3 5275//3 5274//3
f 5244//3 5276//3 5275//3
f 5245//3 5277//3 5276//3
f 5246//3 5278//3 5277//3
f 5247//3 5279//3 5278//3
f 5248//3 5280//3 5279//3
f 5249//3 5281//3 5280//3
f 5250//3 5282//3 5281//3
f 5251//3 5283//3 5282//3
f 5252//3 5284//3 5283//3
f 5253//3 5285//3 5284//3
f 5254//3 5286//3 5285//3
f 5255//3 5287//3 5286//3
f 5256//3 5288//3 5287//3
f 5258//3 5290//3 5289//3
f 5259//3 5291//3 5290//3
f 5260//3 5292//3 5291//3
f 5261//3 5293//3 5292//3
f 5262//3 5294//3 5293//3
f 5263//3 5295//3 5294//3
f 5264//3 5296//3 5295//3
f 5265//3 5297//3 5296//3
f 5266//3 5298//3 5297//3
f 5267//3 5299//3 5298//3
f 5268//3 5300//3 5299//3
f 5269//3 5301//3 5300//3
f 5270//3 5302//3 5301//3
f 5271//3 5303//3 5302//3
f 5272//3 5304//3 5303//3
f 5273//3 5305//3 5304//3
f 5274//3 5306//3 5305//3
f 5275//3 5307//3 5306//3
f 5276//3 5308//3 5307//3
f 5277//3 5309//3 5308//3
f 5278//3 5310//3 5309//3
f 5279//3 5311//3 5310//3
f 5280//3 5312//3 5311//3
f 5281//3 5313//3 5312//3
f 5282//3 5314//3 5313//3
f 5283//3 5315//3 5314//3
f 5284//3 5316//3 5315//3
f 5285//3 5317//3 5316//3
f 5286//3 5318//3 5317//3
f 5287//3 5319//3 5318//3
f 5288//3 5320//3 5319//3
f 5290//3 5322//3 5321//3
f 5291//3 5323//3 5322//3
f 5292//3 5324//3 5323//3
f 5293//3 5325//3 5324//3
f 5294//3 5326//3 5325//3
f 5295//3 5327//3 5326//3
f 5296//3 5328//3 5327//3
f 5297//3 5329//3 5328//3
f 5298//3 5330//3 5329//3
f 5299//3 5331//3 5330//3
f 5300//3 5332//3 5331//3
f 5301//3 5333//3 5332//3
f 5302//3 5334//3 5333//3
f 5303//3 5335//3 5334//3
f 5304//3 5336//3 5335//3
f 5305//3 5337//3 5336//3
f 5306//3 5338//3 5337//3
f 5307//3 5339//3 5338//3
f 5308//3 5340//3 5339//3
f 5309//3 5341//3 5340//3
f 5310//3 5342//3 5341//3
f 5311//3 5343//3 5342//3
f 5312//3 5344//3 5343//3
f 5313//3 5345//3 5344//3
f 5314//3 5346//3 5345//3
f 5315//3 5347//3 5346//3
f 5316//3 5348//3 5347//3
f 5317//3 5349//3 5348//3
f 5318//3 5350//3 5349//3
f 5319//3 5351//3 5350//3
f 5320//3 5352//3 5351//3
f 5322//3 5354//3 5353//3
f 5323//3 5355//3 5354//3
f 5324//3 5356//3 5355//3
f 5325//3 5357//3 5356//3
f 5326//3 5358//3 5357//3
f 5327//3 5359//3 5358//3
f 5328//3 5360//3 5359//3
f 5329//3 5361//3 5360//3
f 5330//3 5362//3 5361//3
f 5331//3 5363//3 5362//3
f 5332//3 5364//3 5363//3
f 5333//3 5365//3 5364//3
f 5334//3 5366//3 5365//3
f 5335//3 5367//3 5366//3
f 5336//3 5368//3 5367//3
f 5337//3 5369//3 5368//3
f 5338//3 5370//3 5369//3
f 5339//3 5371//3 5370//3
f 5340//3 5372//3 5371//3
f 5341//3 5373//3 5372//3
f 5342//3 5374//3 5373//3
f 5343//3 5375//3 5374//3
f 5344//3 5376//3 5375//3
f 5345//3 5377//3 5376//3
f 5346//3 5378//3 5377//3
f 5347//3 5379//3 5378//3
f 5348//3 5380//3 5379//3
f 5349//3 5381//3 5380//3
f 5350//3 5382//3 5381//3
f 5351//3 5383//3 5382//3
f 5352//3 5384//3 5383//3
f 5354//3 5386//3 5385//3
f 5355//3 5387//3 5386//3
f 5356//3 5388//3 5387//3
f 5357//3 5389//3 5388//3
f 5358//3 5390//3 5389//3
f 5359//3 5391//3 5390//3
f 5360//3 5392//3 5391//3
f 5361//3 5393//3 5392//3
f 5362//3 5394//3 5393//3
f 5363//3 5395//3 5394//3
f 5364//3 5396//3 5395//3
f 5365//3 5397//3 5396//3
f 5366//3 5398//3 5397//3
f 5367//3 5399//3 5398//3
f 5368//3 5400//3 5399//3
f 5369//3 5401//3 5400//3
f 5370//3 5402//3 5401//3
f 5371//3 5403//3 5402//3
f 5372//3 5404//3 5403//3
f 5373//3 5405//3 5404//3
f 5374//3 5406//3 5405//3
f 5375//3 5407//3 5406//3
f 5376//3 5408//3 5407//3
f 5377//3 5409//3 5408//3
f 5378//3 5410//3 5409//3
f 5379//3 5411//3 5410//3
f 5380//3 5412//3 5411//3
f 5381//3 5413//3 5412//3
f 5382//3 5414//3 5413//3
f 5383//3 5415//3 5414//3
f 5384//3 5416//3 5415//3
f 5386//3 5418//3 5417//3
f 5387//3 5419//3 5418//3
f 5388//3 5420//3 5419//3
f 5389//3 5421//3 5420//3
f 5390//3 5422//3 5421//3
f 5391//3 5423//3 5422//3
f 5392//3 5424//3 5423//3
f 5393//3 5425//3 5424//3
f 5394//3 5426//3 5425//3
f 5395//3 5427//3 5426//3
f 5396//3 5428//3 5427//3
f 5397//3 5429//3 5428//3
f 5398//3 5430//3 5429//3
f 5399//3 5431//3 5430//3
f 5400//3 5432//3 5431//3
f 5401//3 5433//3 5432//3
f 5402//3 5434//3 5433//3
f 5403//3 5435//3 5434//3
f 5404//3 5436//3 5435//3
f 5405//3 5437//3 5436//3
f 5406//3 5438//3 5437//3
f 5407//3 5439//3 5438//3
f 5408//3 5440//3 5439//3
f 5409//3 5441//3 5440//3
f 5410//3 5442//3 5441//3
f 5411//3 5443//3 5442//3
f 5412//3 5444//3 5443//3
f 5413//3 5445//3 5444//3
f 5414//3 5446//3 5445//3
f 5415//3 5447//3 5446//3
f 5416//3 5448//3 5447//3
f 5418//3 5450//3 5449//3
f 5419//3 5451//3 5450//3
f 5420//3 5452//3 5451//3
f 5421//3 5453//3 5452//3
f 5422//3 5454//3 5453//3
f 5423//3 5455//3 5454//3
f 5424//3 5456//3 5455//3
f 5425//3 5457//3 5456//3
f 5426//3 5458//3 5457//3
f 5427//3 5459//3 5458//3
f 5428//3 5460//3 5459//3
f 5429//3 5461//3 5460//3
f 5430//3 5462//3 5461//3
f 5431//3 5463//3 5462//3
f 5432//3 5464//3 5463//3
f 5433//3 5465//3 5464//3
f 5434//3 5466//3 5465//3
f 5435//3 5467//3 5466//3
f 5436//3 5468//3 5467//3
f 5437//3 5469//3 5468//3
f 5438//3 5470//3 5469//3
f 5439//3 5471//3 5470//3
f 5440//3 5472//3 5471//3
f 5441//3 5473//3 5472//3
f 5442//3 5474//3 5473//3
f 5443//3 5475//3 5474//3
f 5444//3 5476//3 5475//3
f 5445//3 5477//3 5476//3
f 5446//3 5478//3 5477//3
f 5447//3 5479//3 5478//3
f 5448//3 5480//3 5479//3
f 5450//3 5482//3 5481//3
f 5451//3 5483//3 5482//3
f 5452//3 5484//3 5483//3
f 5453//3 5485//3 5484//3
f 5454//3 5486//3 5485//3
f 5455//3 5487//3 5486//3
f 5456//3 5488//3 5487//3
f 5457//3 5489//3 5488//3
f 5458//3 5490//3 5489//3
f 5459//3 5491//3 5490//3
f 5460//3 5492//3 5491//3
f 5461//3 5493//3 5492//3
f 5462//3 5494//3 5493//3
f 5463//3 5495//3 5494//3
f 5464//3 5496//3 5495//3
f 5465//3 5497//3 5496//3
f 5466//3 5498//3 5497//3
f 5467//3 5499//3 5498//3
f 5468//3 5500//3 5499//3
f 5469//3 5501//3 5500//3
f 5470//3 5502//3 5501//3
f 5471//3 5503//3 5502//3
f 5472//3 5504//3 5503//3
f 5473//3 5505//3 5504//3
f 5474//3 5506//3 5505//3
f 5475//3 5507//3 5506//3
f 5476//3 5508//3 5507//3
f 5477//3 5509//3 5508//3
f 5478//3 5510//3 5509//3
f 5479//3 5511//3 5510//3
f 5480//3 5512//3 5511//3
f 5482//3 5514//3 5513//3
f 5483//3 5515//3 5514//3
f 5484//3 5516//3 5515//3
f 5485//3 5517//3 5516//3
f 5486//3 5518//3 5517//3
f 5487//3 5519//3 5518//3
f 5488//3 5520//3 5519//3
f 5489//3 5521//3 5520//3
f 5490//3 5522//3 5521//3
f 5491//3 5523//3 5522//3
f 5492//3 5524//3 5523//3
f 5493//3 5525//3 5524//3
f 5494//3 5526//3 5525//3
f 5495//3 5527//3 5526//3
f 5496//3 5528//3 5527//3
f 5497//3 5529//3 5528//3
f 5498//3 5530//3 5529//3
f 5499//3 5531//3 5530//3
f 5500//3 5532//3 5531//3
f 5501//3 5533//3 5532//3
f 5502//3 5534//3 5533//3
f 5503//3 5535//3 5534//3
f 5504//3 5536//3 5535//3
f 5505//3 5537//3 5536//3
f 5506//3 5538//3 5537//3
f 5507//3 5539//3 5538//3
f 5508//3 5540//3 5539//3
f 5509//3 5541//3 5540//3
f 5510//3 5542//3 5541//3
f 5511//3 5543//3 5542//3
f 5512//3 5544//3 5543//3
f 5514//3 5546//3 5545//3
f 5515//3 5547//3 5546//3
f 5516//3 5548//3 5547//3
f 5517//3 5549//3 5548//3
f 5518//3 5550//3 5549//3
f 5519//3 5551//3 5550//3
f 5520//3 5552//3 5551//3
f 5521//3 5553//3 5552//3
f 5522//3 5554//3 5553//3
f 5523//3 5555//3 5554//3
f 5524//3 5556//3 5555//3
f 5525//3 5557//3 5556//3
f 5526//3 5558//3 5557//3
f 5527//3 5559//3 5558//3
f 5528//3 5560//3 5559//3
f 5529//3 5561//3 5560//3
f 5530//3 5562//3 5561//3
f 5531//3 5563//3 5562//3
f 5532//3 5564//3 5563//3
f 5533//3 5565//3 5564//3
f 5534//3 5566//3 5565//3
f 5535//3 5567//3 5566//3
f 5536//3 5568//3 5567//3
f 5537//3 5569//3 5568//3
f 5538//3 5570//3 5569//3
f 5539//3 5571//3 5570//3
f 5540//3 5572//3 5571//3
f 5541//3 5573//3 5572//3
f 5542//3 5574//3 5573//3
f 5543//3 5575//3 5574//3
f 5544//3 5576//3 5575//3
f 5546//3 5578//3 5577//3
f 5547//3 5579//3 5578//3
f 5548//3 5580//3 5579//3
f 5549//3 5581//3 5580//3
f 5550//3 5582//3 5581//3
f 5551//3 5583//3 5582//3
f 5552//3 5584//3 5583//3
f 5553//3 5585//3 5584//3
f 5554//3 5586//3 5585//3
f 5555//3 5587//3 5586//3
f 5556//3 5588//3 5587//3
f 5557//3 5589//3 5588//3
f 5558//3 5590//3 5589//3
f 5559//3 5591//3 5590//3
f 5560//3 5592//3 5591//3
f 5561//3 5593//3 5592//3
f 5562//3 5594//3 5593//3
f 5563//3 5595//3 5594//3
f 5564//3 5596//3 5595//3
f 5565//3 5597//3 5596//3
f 5566//3 5598//3 5597//3
f 5567//3 5599//3 5598//3
f 5568//3 5600//3 5599//3
f 5569//3 5601//3 5600//3
f 5570//3 5602//3 5601//3
f 5571//3 5603//3 5602//3
f 5572//3 5604//3 5603//3
f 5573//3 5605//3 5604//3
f 5574//3 5606//3 5605//3
f 5575//3 5607//3 5606//3
f 5576//3 5608//3 5607//3
f 5578//3 5610//3 5609//3
f 5579//3 5611//3 5610//3
f 5580//3 5612//3 5611//3
f 5581//3 5613//3 5612//3
f 5582//3 5614//3 5613//3
f 5583//3 5615//3 5614//3
f 5584//3 5616//3 5615//3
f 5585//3 5617//3 5616//3
f 5586//3 5618//3 5617//3
f 5587//3 5619//3 5618//3
f 5588//3 5620//3 5619//3
f 5589//3 5621//3 5620//3
f 5590//3 5622//3 5621//3
f 5591//3 5623//3 5622//3
f 5592//3 5624//3 5623//3
f 5593//3 5625//3 5624//3
f 5594//3 5626//3 5625//3
f 5595//3 5627//3 5626//3
f 5596//3 5628//3 5627//3
f 5597//3 5629//3 5628//3
f 5598//3 5630//3 5629//3
f 5599//3 5631//3 5630//3
f 5600//3 5632//3 5631//3
f 5601//3 5633//3 5632//3
f 5602//3 5634//3 5633//3
f 5603//3 5635//3 5634//3
f 5604//3 5636//3 5635//3
f 5605//3 5637//3 5636//3
f 5606//3 5638//3 5637//3
f 5607//3 5639//3 5638//3
f 5608//3 5640//3 5639//3
f 5610//3 5642//3 5641//3
f 5611//3 5643//3 5642//3
f 5612//3 5644//3 5643//3
f 5613//3 5645//3 5644//3
f 5614//3 5646//3 5645//3
f 5615//3 5647//3 5646//3
f 5616//3 5648//3 5647//3
f 5617//3 5649//3 5648//3
f 5618//3 5650//3 5649//3
f 5619//3 5651//3 5650//3
f 5620//3 5652//3 5651//3
f 5621//3 5653//3 5652//3
f 5622//3 5654//3 5653//3
f 5623//3 5655//3 5654//3
f 5624//3 5656//3 5655//3
f 5625//3 5657//3 5656//3
f 5626//3 5658//3 5657//3
f 5627//3 5659//3 5658//3
f 5628//3 5660//3 5659//3
f 5629//3 5661//3 5660//3
f 5630//3 5662//3 5661//3
f 5631//3 5663//3 5662//3
f 5632//3 5664//3 5663//3
f 5633//3 5665//3 5664//3
f 5634//3 5666//3 5665//3
f 5635//3 5667//3 5666//3
f 5636//3 5668//3 5667//3
f 5637//3 5669//3 5668//3
f 5638//3 5670//3 5669//3
f 5639//3 5671//3 5670//3
f 5640//3 5672//3 5671//3
f 5642//3 5674//3 5673//3
f 5643//3 5675//3 5674//3
f 5644//3 5676//3 5675//3
f 5645//3 5677//3 5676//3
f 5646//3 5678//3 5677//3
f 5647//3 5679//3 5678//3
f 5648//3 5680//3 5679//3
f 5649//3 5681//3 5680//3
f 5650//3 5682//3 5681//3
f 5651//3 5683//3 5682//3
f 5652//3 5684//3 5683//3
f 5653//3 5685//3 5684//3
f 5654//3 5686//3 5685//3
f 5655//3 5687//3 5686//3
f 5656//3 5688//3 5687//3
f 5657//3 5689//3 5688//3
f 5658//3 5690//3 5689//3
f 5659//3 5691//3 5690//3
f 5660//3 5692//3 5691//3
f 5661//3 5693//3 5692//3
f 5662//3 5694//3 5693//3
f 5663//3 5695//3 5694//3
f 5664//3 5696//3 5695//3
f 5665//3 5697//3 5696//3
f 5666//3 5698//3 5697//3
f 5667//3 5699//3 5698//3
f 5668//3 5700//3 5699//3
f 5669//3 5701//3 5700//3
f 5670//3 5702//3 5701//3
f 5671//3 5703//3 5702//3
f 5672//3 5704//3 5703//3
f 5674//3 5706//3 5705//3
f 5675//3 5707//3 5706//3
f 5676//3 5708//3 5707//3
f 5677//3 5709//3 5708//3
f 5678//3 5710//3 5709//3
f 5679//3 5711//3 5710//3
f 5680//3 5712//3 5711//3
f 5681//3 5713//3 5712//3
f 5682//3 5714//3 5713//3
f 5683//3 5715//3 5714//3
f 5684//3 5716//3 5715//3
f 5685//3 5717//3 5716//3
f 5686//3 5718//3 5717//3
f 5687//3 5719//3 5718//3
f 5688//3 5720//3 5719//3
f 5689//3 5721//3 5720//3
f 5690//3 5722//3 5721//3
f 5691//3 5723//3 5722//3
f 5692//3 5724//3 5723//3
f 5693//3 5725//3 5724//3
f 5694//3 5726//3 5725//3
f 5695//3 5727//3 5726//3
f 5696//3 5728//3 5727//3
f 5697//3 5729//3 5728//3
f 5698//3 5730//3 5729//3
f 5699//3 5731//3 5730//3
f 5700//3 5732//3 5731//3
f 5701//3 5733//3 5732//3
f 5702//3 5734//3 5733//3
f 5703//3 5735//3 5734//3
f 5704//3 5736//3 5735//3
f 5706//3 5738//3 5737//3
f 5707//3 5739//3 5738//3
f 5708//3 5740//3 5739//3
f 5709//3 5741//3 5740//3
f 5710//3 5742//3 5741//3
f 5711//3 5743//3 5742//3
f 5712//3 5744//3 5743//3
f 5713//3 5745//3 5744//3
f 5714//3 5746//3 5745//3
f 5715//3 5747//3 5746//3
f 5716//3 5748//3 5747//3
f 5717//3 5749//3 5748//3
f 5718//3 5750//3 5749//3
f 5719//3 5751//3 5750//3
f 5720//3 5752//3 5751//3
f 5721//3 5753//3 5752//3
f 5722//3 5754//3 5753//3
f 5723//3 5755//3 5754//3
f 5724//3 5756//3 5755//3
f 5725//3 5757//3 5756//3
f 5726//3 5758//3 5757//3
f 5727//3 5759//3 5758//3
f 5728//3 5760//3 5759//3
f 5729//3 5761//3 5760//3
f 5730//3 5762//3 5761//3
f 5731//3 5763//3 5762//3
f 5732//3 5764//3 5763//3
f 5733//3 5765//3 5764//3
f 5734//3 5766//3 5765//3
f 5735//3 5767//3 5766//3
f 5736//3 5768//3 5767//3
f 1117//4 1118//4 994//4
f 1118//4 1119//4 995//4
f 1119//4 1120//4 996//4
f 1120//4 1121//4 997//4
f 1121//4 1122//4 998//4
f 1122//4 1123//4 999//4
f 1123//4 1124//4 1000//4
f 1124//4 1125//4 1001//4
f 1125//4 1126//4 1002//4
f 1126//4 1127//4 1003//4
f 1127//4 1128//4 1004//4
f 1128//4 1129//4 1005//4
f 1129//4 1130//4 1006//4
f 1130//4 1131//4 1007//4
f 1131//4 1132//4 1008//4
f 1132//4 1133//4 1009//4
f 1133//4 1134//4 1010//4
f 1134//4 1135//4 1011//4
f 1135//4 1136//4 1012//4
f 1136//4 1137//4 1013//4
f 1137//4 1138//4 1014//4
f 1138//4 1139//4 1015//4
f 1139//4 1140//4 1016//4
f 1140//4 1141//4 1017//4
f 1141//4 1142//4 1018//4
f 1142//4 1143//4 1019//4
f 1143//4 1144//4 1020//4
f 1144//4 1145//4 1021//4
f 1145//4 1146//4 1022//4
f 1146//4 1147//4 1023//4
f 1147//4 1148//4 1024//4
f 1241//4 1242//4 1118//4
f 1242//4 1243//4 1119//4
f 1243//4 1244//4 1120//4
f 1244//4 1245//4 1121//4
f 1245//4 1246//4 1122//4
f 1246//4 1247//4 1123//4
f 1247//4 1248//4 1124//4
f 1248//4 1249//4 1125//4
f 1249//4 1250//4 1126//4
f 1250//4 1251//4 1127//4
f 1251//4 1252//4 1128//4
f 1252//4 1253//4 1129//4
f 1253//4 1254//4 1130//4
f 1254//4 1255//4 1131//4
f 1255//4 1256//4 1132//4
f 1256//4 1257//4 1133//4
f 1257//4 1258//4 1134//4
f 1258//4 1259//4 1135//4
f 1259//4 1260//4 1136//4
f 1260//4 1261//4 1137//4
f 1261//4 1262//4 1138//4
f 1262//4 1263//4 1139//4
f 1263//4 1264//4 1140//4
f 1264//4 1265//4 1141//4
f 1265//4 1266//4 1142//4
f 1266//4 1267//4 1143//4
f 1267//4 1268//4 1144//4
f 1268//4 1269//4 1145//4
f 1269//4 1270//4 1146//4
f 1270//4 1271//4 1147//4
f 1271//4 1272//4 1148//4
f 1365//4 1366//4 1242//4
f 1366//4 1367//4 1243//4
f 1367//4 1368//4 1244//4
f 1368//4 1369//4 1245//4
f 1369//4 1370//4 1246//4
f 1370//4 1371//4 1247//4
f 1371//4 1372//4 1248//4
f 1372//4 1373//4 1249//4
f 1373//4 1374//4 1250//4
f 1374//4 1375//4 1251//4
f 1375//4 1376//4 1252//4
f 1376//4 1377//4 1253//4
f 1377//4 1378//4 1254//4
f 1378//4 1379//4 1255//4
f 1379//4 1380//4 1256//4
f 1380//4 1381//4 1257//4
f 1381//4 1382//4 1258//4
f 1382//4 1383//4 1259//4
f 1383//4 1384//4 1260//4
f 1384//4 1385//4 1261//4
f 1385//4 1386//4 1262//4
f 1386//4 1387//4 1263//4
f 1387//4 1388//4 1264//4
f 1388//4 1389//4 1265//4
f 1389//4 1390//4 1266//4
f 1390//4 1391//4 1267//4
f 1391//4 1392//4 1268//4
f 1392//4 1393//4 1269//4
f 1393//4 1394//4 1270//4
f 1394//4 1395//4 1271//4
f 1395//4 1396//4 1272//4
f 1489//4 1490//4 1366//4
f 1490//4 1491//4 1367//4
f 1491//4 1492//4 1368//4
f 1492//4 1493//4 1369//4
f 1493//4 1494//4 1370//4
f 1494//4 1495//4 1371//4
f 1495//4 1496//4 1372//4
f 1496//4 1497//4 1373//4
f 1497//4 1498//4 1374//4
f 1498//4 1499//4 1375//4
f 1499//4 1500//4 1376//4
f 1500//4 1501//4 1377//4
f 1501//4 1502//4 1378//4
f 1502//4 1503//4 1379//4
f 1503//4 1504//4 1380//4
f 1504//4 1505//4 1381//4
f 1505//4 1506//4 1382//4
f 1506//4 1507//4 1383//4
f 1507//4 1508//4 1384//4
f 1508//4 1509//4 1385//4
f 1509//4 1510//4 1386//4
f 1510//4 1511//4 1387//4
f 1511//4 1512//4 1388//4
f 1512//4 1513//4 1389//4
f 1513//4 1514//4 1390//4
f 1514//4 1515//4 1391//4
f 1515//4 1516//4 1392//4
f 1516//4 1517//4 1393//4
f 1517//4 1518//4 1394//4
f 1518//4 1519//4 1395//4
f 1519//4 1520//4 1396//4
f 1613//4 1614//4 1490//4
f 1614//4 1615//4 1491//4
f 1615//4 1616//4 1492//4
f 1616//4 1617//4 1493//4
f 1617//4 1618//4 1494//4
f 1618//4 1619//4 1495//4
f 1619//4 1620//4 1496//4
f 1620//4 1621//4 1497//4
f 1621//4 1622//4 1498//4
f 1622//4 1623//4 1499//4
f 1623//4 1624//4 1500//4
f 1624//4 1625//4 1501//4
f 1625//4 1626//4 1502//4
f 1626//4 1627//4 1503//4
f 1627//4 1628//4 1504//4
f 1628//4 1629//4 1505//4
f 1629//4 1630//4 1506//4
f 1630//4 1631//4 1507//4
f 1631//4 1632//4 1508//4
f 1632//4 1633//4 1509//4
f 1633//4 1634//4 1510//4
f 1634//4 1635//4 1511//4
f 1635//4 1636//4 1512//4
f 1636//4 1637//4 1513//4
f 1637//4 1638//4 1514//4
f 1638//4 1639//4 1515//4
f 1639//4 1640//4 1516//4
f 1640//4 1641//4 1517//4
f 1641//4 1642//4 1518//4
f 1642//4 1643//4 1519//4
f 1643//4 1644//4 1520//4
f 1737//4 1738//4 1614//4
f 1738//4 1739//4 1615//4
f 1739//4 1740//4 1616//4
f 1740//4 1741//4 1617//4
f 1741//4 1742//4 1618//4
f 1742//4 1743//4 1619//4
f 1743//4 1744//4 1620//4
f 1744//4 1745//4 1621//4
f 1745//4 1746//4 1622//4
f 1746//4 1747//4 1623//4
f 1747//4 1748//4 1624//4
f 1748//4 1749//4 1625//4
f 1749//4 1750//4 1626//4
f 1750//4 1751//4 1627//4
f 1751//4 1752//4 1628//4
f 1752//4 1753//4 1629//4
f 1753//4 1754//4 1630//4
f 1754//4 1755//4 1631//4
f 1755//4 1756//4 1632//4
f 1756//4 1757//4 1633//4
f 1757//4 1758//4 1634//4
f 1758//4 1759//4 1635//4
f 1759//4 1760//4 1636//4
f 1760//4 1761//4 1637//4
f 1761//4 1762//4 1638//4
f 1762//4 1763//4 1639//4
f 1763//4 1764//4 1640//4
f 1764//4 1765//4 1641//4
f 1765//4 1766//4 1642//4
f 1766//4 1767//4 1643//4
f 1767//4 1768//4 1644//4
f 1861//4 1862//4 1738//4
f 1862//4 1863//4 1739//4
f 1863//4 1864//4 1740//4
f 1864//4 1865//4 1741//4
f 1865//4 1866//4 1742//4
f 1866//4 1867//4 1743//4
f 1867//4 1868//4 1744//4
f 1868//4 1869//4 1745//4
f 1869//4 1870//4 1746//4
f 1870//4 1871//4 1747//4
f 1871//4 1872//4 1748//4
f 1872//4 1873//4 1749//4
f 1873//4 1874//4 1750//4
f 1874//4 1875//4 1751//4
f 1875//4 1876//4 1752//4
f 1876//4 1877//4 1753//4
f 1877//4 1878//4 1754//4
f 1878//4 1879//4 1755//4
f 1879//4 1880//4 1756//4
f 1880//4 1881//4 1757//4
f 1881//4 1882//4 1758//4
f 1882//4 1883//4 1759//4
f 1883//4 1884//4 1760//4
f 1884//4 1885//4 1761//4
f 1885//4 1886//4 1762//4
f 1886//4 1887//4 1763//4
f 1887//4 1888//4 1764//4
f 1888//4 1889//4 1765//4
f 1889//4 1890//4 1766//4
f 1890//4 1891//4 1767//4
f 1891//4 1892//4 1768//4
f 1985//4 1986//4 1862//4
f 1986//4 1987//4 1863//4
f 1987//4 1988//4 1864//4
f 1988//4 1989//4 1865//4
f 1989//4 1990//4 1866//4
f 1990//4 1991//4 1867//4
f 1991//4 1992//4 1868//4
f 1992//4 1993//4 1869//4
f 1993//4 1994//4 1870//4
f 1994//4 1995//4 1871//4
f 1995//4 1996//4 1872//4
f 1996//4 1997//4 1873//4
f 1997//4 1998//4 1874//4
f 1998//4 1999//4 1875//4
f 1999//4 2000//4 1876//4
f 2000//4 2001//4 1877//4
f 2001//4 2002//4 1878//4
f 2002//4 2003//4 1879//4
f 2003//4 2004//4 1880//4
f 2004//4 2005//4 1881//4
f 2005//4 2006//4 1882//4
f 2006//4 2007//4 1883//4
f 2007//4 2008//4 1884//4
f 2008//4 2009//4 1885//4
f 2009//4 2010//4 1886//4
f 2010//4 2011//4 1887//4
f 2011//4 2012//4 1888//4
f 2012//4 2013//4 1889//4
f 2013//4 2014//4 1890//4
f 2014//4 2015//4 1891//4
f 2015//4 2016//4 1892//4
f 2109//4 2110//4 1986//4
f 2110//4 2111//4 1987//4
f 2111//4 2112//4 1988//4
f 2112//4 2113//4 1989//4
f 2113//4 2114//4 1990//4
f 2114//4 2115//4 1991//4
f 2115//4 2116//4 1992//4
f 2116//4 2117//4 1993//4
f 2117//4 2118//4 1994//4
f 2118//4 2119//4 1995//4
f 2119//4 2120//4 1996//4
f 2120//4 2121//4 1997//4
f 2121//4 2122//4 1998//4
f 2122//4 2123//4 1999//4
f 2123//4 2124//4 2000//4
f 2124//4 2125//4 2001//4
f 2125//4 2126//4 2002//4
f 2126//4 2127//4 2003//4
f 2127//4 2128//4 2004//4
f 2128//4 2129//4 2005//4
f 2129//4 2130//4 2006//4
f 2130//4 2131//4 2007//4
f 2131//4 2132//4 2008//4
f 2132//4 2133//4 2009//4
f 2133//4 2134//4 2010//4
f 2134//4 2135//4 2011//4
f 2135//4 2136//4 2012//4
f 2136//4 2137//4 2013//4
f 2137//4 2138//4 2014//4
f 2138//4 2139//4 2015//4
f 2139//4 2140//4 2016//4
f 2233//4 2234//4 2110//4
f 2234//4 2235//4 2111//4
f 2235//4 2236//4 2112//4
f 2236//4 2237//4 2113//4
f 2237//4 2238//4 2114//4
f 2238//4 2239//4 2115//4
f 2239//4 2240//4 2116//4
f 2240//4 2241//4 2117//4
f 2241//4 2242//4 2118//4
f 2242//4 2243//4 2119//4
f 2243//4 2244//4 2120//4
f 2244//4 2245//4 2121//4
f 2245//4 2246//4 2122//4
f 2246//4 2247//4 2123//4
f 2247//4 2248//4 2124//4
f 2248//4 2249//4 2125//4
f 2249//4 2250//4 2126//4
f 2250//4 2251//4 2127//4
f 2251//4 2252//4 2128//4
f 2252//4 2253//4 2129//4
f 2253//4 2254//4 2130//4
f 2254//4 2255//4 2131//4
f 2255//4 2256//4 2132//4
f 2256//4 2257//4 2133//4
f 2257//4 2258//4 2134//4
f 2258//4 2259//4 2135//4
f 2259//4 2260//4 2136//4
f 2260//4 2261//4 2137//4
f 2261//4 2262//4 2138//4
f 2262//4 2263//4 2139//4
f 2263//4 2264//4 2140//4
f 2357//4 2358//4 2234//4
f 2358//4 2359//4 2235//4
f 2359//4 2360//4 2236//4
f 2360//4 2361//4 2237//4
f 2361//4 2362//4 2238//4
f 2362//4 2363//4 2239//4
f 2363//4 2364//4 2240//4
f 2364//4 2365//4 2241//4
f 2365//4 2366//4 2242//4
f 2366//4 2367//4 2243//4
f 2367//4 2368//4 2244//4
f 2368//4 2369//4 2245//4
f 2369//4 2370//4 2246//4
f 2370//4 2371//4 2247//4
f 2371//4 2372//4 2248//4
f 2372//4 2373//4 2249//4
f 2373//4 2374//4 2250//4
f 2374//4 2375//4 2251//4
f 2375//4 2376//4 2252//4
f 2376//4 2377//4 2253//4
f 2377//4 2378//4 2254//4
f 2378//4 2379//4 2255//4
f 2379//4 2380//4 2256//4
f 2380//4 2381//4 2257//4
f 2381//4 2382//4 2258//4
f 2382//4 2383//4 2259//4
f 2383//4 2384//4 2260//4
f 2384//4 2385//4 2261//4
f 2385//4 2386//4 2262//4
f 2386//4 2387//4 2263//4
f 2387//4 2388//4 2264//4
f 2481//4 2482//4 2358//4
f 2482//4 2483//4 2359//4
f 2483//4 2484//4 2360//4
f 2484//4 2485//4 2361//4
f 2485//4 2486//4 2362//4
f 2486//4 2487//4 2363//4
f 2487//4 2488//4 2364//4
f 2488//4 2489//4 2365//4
f 2489//4 2490//4 2366//4
f 2490//4 2491//4 2367//4
f 2491//4 2492//4 2368//4
f 2492//4 2493//4 2369//4
f 2493//4 2494//4 2370//4
f 2494//4 2495//4 2371//4
f 2495//4 2496//4 2372//4
f 2496//4 2497//4 2373//4
f 2497//4 2498//4 2374//4
f 2498//4 2499//4 2375//4
f 2499//4 2500//4 2376//4
f 2500//4 2501//4 2377//4
f 2501//4 2502//4 2378//4
f 2502//4 2503//4 2379//4
f 2503//4 2504//4 2380//4
f 2504//4 2505//4 2381//4
f 2505//4 2506//4 2382//4
f 2506//4 2507//4 2383//4
f 2507//4 2508//4 2384//4
f 2508//4 2509//4 2385//4
f 2509//4 2510//4 2386//4
f 2510//4 2511//4 2387//4
f 2511//4 2512//4 2388//4
f 2605//4 2606//4 2482//4
f 2606//4 2607//4 2483//4
f 2607//4 2608//4 2484//4
f 2608//4 2609//4 2485//4
f 2609//4 2610//4 2486//4
f 2610//4 2611//4 2487//4
f 2611//4 2612//4 2488//4
f 2612//4 2613//4 2489//4
f 2613//4 2614//4 2490//4
f 2614//4 2615//4 2491//4
f 2615//4 2616//4 2492//4
f 2616//4 2617//4 2493//4
f 2617//4 2618//4 2494//4
f 2618//4 2619//4 2495//4
f 2619//4 2620//4 2496//4
f 2620//4 2621//4 2497//4
f 2621//4 2622//4 2498//4
f 2622//4 2623//4 2499//4
f 2623//4 2624//4 2500//4
f 2624//4 2625//4 2501//4
f 2625//4 2626//4 2502//4
f 2626//4 2627//4 2503//4
f 2627//4 2628//4 2504//4
f 2628//4 2629//4 2505//4
f 2629//4 2630//4 2506//4
f 2630//4 2631//4 2507//4
f 2631//4 2632//4 2508//4
f 2632//4 2633//4 2509//4
f 2633//4 2634//4 2510//4
f 2634//4 2635//4 2511//4
f 2635//4 2636//4 2512//4
f 2729//4 2730//4 2606//4
f 2730//4 2731//4 2607//4
f 2731//4 2732//4 2608//4
f 2732//4 2733//4 2609//4
f 2733//4 2734//4 2610//4
f 2734//4 2735//4 2611//4
f 2735//4 2736//4 2612//4
f 2736//4 2737//4 2613//4
f 2737//4 2738//4 2614//4
f 2738//4 2739//4 2615//4
f 2739//4 2740//4 2616//4
f 2740//4 2741//4 2617//4
f 2741//4 2742//4 2618//4
f 2742//4 2743//4 2619//4
f 2743//4 2744//4 2620//4
f 2744//4 2745//4 2621//4
f 2745//4 2746//4 2622//4
f 2746//4 2747//4 2623//4
f 2747//4 2748//4 2624//4
f 2748//4 2749//4 2625//4
f 2749//4 2750//4 2626//4
f 2750//4 2751//4 2627//4
f 2751//4 2752//4 2628//4
f 2752//4 2753//4 2629//4
f 2753//4 2754//4 2630//4
f 2754//4 2755//4 2631//4
f 2755//4 2756//4 2632//4
f 2756//4 2757//4 2633//4
f 2757//4 2758//4 2634//4
f 2758//4 2759//4 2635//4
f 2759//4 2760//4 2636//4
f 2853//4 2854//4 2730//4
f 2854//4 2855//4 2731//4
f 2855//4 2856//4 2732//4
f 2856//4 2857//4 2733//4
f 2857//4 2858//4 2734//4
f 2858//4 2859//4 2735//4
f 2859//4 2860//4 2736//4
f 2860//4 2861//4 2737//4
f 2861//4 2862//4 2738//4
f 2862//4 2863//4 2739//4
f 2863//4 2864//4 2740//4
f 2864//4 2865//4 2741//4
f 2865//4 2866//4 2742//4
f 2866//4 2867//4 2743//4
f 2867//4 2868//4 2744//4
f 2868//4 2869//4 2745//4
f 2869//4 2870//4 2746//4
f 2870//4 2871//4 2747//4
f 2871//4 2872//4 2748//4
f 2872//4 2873//4 2749//4
f 2873//4 2874//4 2750//4
f 2874//4 2875//4 2751//4
f 2875//4 2876//4 2752//4
f 2876//4 2877//4 2753//4
f 2877//4 2878//4 2754//4
f 2878//4 2879//4 2755//4
f 2879//4 2880//4 2756//4
f 2880//4 2881//4 2757//4
f 2881//4 2882//4 2758//4
f 2882//4 2883//4 2759//4
f 2883//4 2884//4 2760//4
f 2977//4 2978//4 2854//4
f 2978//4 2979//4 2855//4
f 2979//4 2980//4 2856//4
f 2980//4 2981//4 2857//4
f 2981//4 2982//4 2858//4
f 2982//4 2983//4 2859//4
f 2983//4 2984//4 2860//4
f 2984//4 2985//4 2861//4
f 2985//4 2986//4 2862//4
f 2986//4 2987//4 2863//4
f 2987//4 2988//4 2864//4
f 2988//4 2989//4 2865//4
f 2989//4 2990//4 2866//4
f 2990//4 2991//4 2867//4
f 2991//4 2992//4 2868//4
f 2992//4 2993//4 2869//4
f 2993//4 2994//4 2870//4
f 2994//4 2995//4 2871//4
f 2995//4 2996//4 2872//4
f 2996//4 2997//4 2873//4
f 2997//4 2998//4 2874//4
f 2998//4 2999//4 2875//4
f 2999//4 3000//4 2876//4
f 3000//4 3001//4 2877//4
f 3001//4 3002//4 2878//4
f 3002//4 3003//4 2879//4
f 3003//4 3004//4 2880//4
f 3004//4 3005//4 2881//4
f 3005//4 3006//4 2882//4
f 3006//4 3007//4 2883//4
f 3007//4 3008//4 2884//4
f 3101//4 3102//4 2978//4
f 3102//4 3103//4 2979//4
f 3103//4 3104//4 2980//4
f 3104//4 3105//4 2981//4
f 3105//4 3106//4 2982//4
f 3106//4 3107//4 2983//4
f 3107//4 3108//4 2984//4
f 3108//4 3109//4 2985//4
f 3109//4 3110//4 2986//4
f 3110//4 3111//4 2987//4
f 3111//4 3112//4 2988//4
f 3112//4 3113//4 2989//4
f 3113//4 3114//4 2990//4
f 3114//4 3115//4 2991//4
f 3115//4 3116//4 2992//4
f 3116//4 3117//4 2993//4
f 3117//4 3118//4 2994//4
f 3118//4 3119//4 2995//4
f 3119//4 3120//4 2996//4
f 3120//4 3121//4 2997//4
f 3121//4 3122//4 2998//4
f 3122//4 3123//4 2999//4
f 3123//4 3124//4 3000//4
f 3124//4 3125//4 3001//4
f 3125//4 3126//4 3002//4
f 3126//4 3127//4 3003//4
f 3127//4 3128//4 3004//4
f 3128//4 3129//4 3005//4
f 3129//4 3130//4 3006//4
f 3130//4 3131//4 3007//4
f 3131//4 3132//4 3008//4
f 3225//4 3226//4 3102//4
f 3226//4 3227//4 3103//4
f 3227//4 3228//4 3104//4
f 3228//4 3229//4 3105//4
f 3229//4 3230//4 3106//4
f 3230//4 3231//4 3107//4
f 3231//4 3232//4 3108//4
f 3232//4 3233//4 3109//4
f 3233//4 3234//4 3110//4
f 3234//4 3235//4 3111//4
f 3235//4 3236//4 3112//4
f 3236//4 3237//4 3113//4
f 3237//4 3238//4 3114//4
f 3238//4 3239//4 3115//4
f 3239//4 3240//4 3116//4
f 3240//4 3241//4 3117//4
f 3241//4 3242//4 3118//4
f 3242//4 3243//4 3119//4
f 3243//4 3244//4 3120//4
f 3244//4 3245//4 3121//4
f 3245//4 3246//4 3122//4
f 3246//4 3247//4 3123//4
f 3247//4 3248//4 3124//4
f 3248//4 3249//4 3125//4
f 3249//4 3250//4 3126//4
f 3250//4 3251//4 3127//4
f 3251//4 3252//4 3128//4
f 3252//4 3253//4 3129//4
f 3253//4 3254//4 3130//4
f 3254//4 3255//4 3131//4
f 3255//4 3256//4 3132//4
f 3349//4 3350//4 3226//4
f 3350//4 3351//4 3227//4
f 3351//4 3352//4 3228//4
f 3352//4 3353//4 3229//4
f 3353//4 3354//4 3230//4
f 3354//4 3355//4 3231//4
f 3355//4 3356//4 3232//4
f 3356//4 3357//4 3233//4
f 3357//4 3358//4 3234//4
f 3358//4 3359//4 3235//4
f 3359//4 3360//4 3236//4
f 3360//4 3361//4 3237//4
f 3361//4 3362//4 3238//4
f 3362//4 3363//4 3239//4
f 3363//4 3364//4 3240//4
f 3364//4 3365//4 3241//4
f 3365//4 3366//4 3242//4
f 3366//4 3367//4 3243//4
f 3367//4 3368//4 3244//4
f 3368//4 3369//4 3245//4
f 3369//4 3370//4 3246//4
f 3370//4 3371//4 3247//4
f 3371//4 3372//4 3248//4
f 3372//4 3373//4 3249//4
f 3373//4 3374//4 3250//4
f 3374//4 3375//4 3251//4
f 3375//4 3376//4 3252//4
f 3376//4 3377//4 3253//4
f 3377//4 3378//4 3254//4
f 3378//4 3379//4 3255//4
f 3379//4 3380//4 3256//4
f 3473//4 3474//4 3350//4
f 3474//4 3475//4 3351//4
f 3475//4 3476//4 3352//4
f 3476//4 3477//4 3353//4
f 3477//4 3478//4 3354//4
f 3478//4 3479//4 3355//4
f 3479//4 3480//4 3356//4
f 3480//4 3481//4 3357//4
f 3481//4 3482//4 3358//4
f 3482//4 3483//4 3359//4
f 3483//4 3484//4 3360//4
f 3484//4 3485//4 3361//4
f 3485//4 3486//4 3362//4
f 3486//4 3487//4 3363//4
f 3487//4 3488//4 3364//4
f 3488//4 3489//4 3365//4
f 3489//4 3490//4 3366//4
f 3490//4 3491//4 3367//4
f 3491//4 3492//4 3368//4
f 3492//4 3493//4 3369//4
f 3493//4 3494//4 3370//4
f 3494//4 3495//4 3371//4
f 3495//4 3496//4 3372//4
f 3496//4 3497//4 3373//4
f 3497//4 3498//4 3374//4
f 3498//4 3499//4 3375//4
f 3499//4 3500//4 3376//4
f 3500//4 3501//4 3377//4
f 3501//4 3502//4 3378//4
f 3502//4 3503//4 3379//4
f 3503//4 3504//4 3380//4
f 3597//4 3598//4 3474//4
f 3598//4 3599//4 3475//4
f 3599//4 3600//4 3476//4
f 3600//4 3601//4 3477//4
f 3601//4 3602//4 3478//4
f 3602//4 3603//4 3479//4
f 3603//4 3604//4 3480//4
f 3604//4 3605//4 3481//4
f 3605//4 3606//4 3482//4
f 3606//4 3607//4 3483//4
f 3607//4 3608//4 3484//4
f 3608//4 3609//4 3485//4
f 3609//4 3610//4 3486//4
f 3610//4 3611//4 3487//4
f 3611//4 3612//4 3488//4
f 3612//4 3613//4 3489//4
f 3613//4 3614//4 3490//4
f 3614//4 3615//4 3491//4
f 3615//4 3616//4 3492//4
f 3616//4 3617//4 3493//4
f 3617//4 3618//4 3494//4
f 3618//4 3619//4 3495//4
f 3619//4 3620//4 3496//4
f 3620//4 3621//4 3497//4
f 3621//4 3622//4 3498//4
f 3622//4 3623//4 3499//4
f 3623//4 3624//4 3500//4
f 3624//4 3625//4 3501//4
f 3625//4 3626//4 3502//4
f 3626//4 3627//4 3503//4
f 3627//4 3628//4 3504//4
f 3721//4 3722//4 3598//4
f 3722//4 3723//4 3599//4
f 3723//4 3724//4 3600//4
f 3724//4 3725//4 3601//4
f 3725//4 3726//4 3602//4
f 3726//4 3727//4 3603//4
f 3727//4 3728//4 3604//4
f 3728//4 3729//4 3605//4
f 3729//4 3730//4 3606//4
f 3730//4 3731//4 3607//4
f 3731//4 3732//4 3608//4
f 3732//4 3733//4 3609//4
f 3733//4 3734//4 3610//4
f 3734//4 3735//4 3611//4
f 3735//4 3736//4 3612//4
f 3736//4 3737//4 3613//4
f 3737//4 3738//4 3614//4
f 3738//4 3739//4 3615//4
f 3739//4 3740//4 3616//4
f 3740//4 3741//4 3617//4
f 3741//4 3742//4 3618//4
f 3742//4 3743//4 3619//4
f 3743//4 3744//4 3620//4
f 3744//4 3745//4 3621//4
f 3745//4 3746//4 3622//4
f 3746//4 3747//4 3623//4
f 3747//4 3748//4 3624//4
f 3748//4 3749//4 3625//4
f 3749//4 3750//4 3626//4
f 3750//4 3751//4 3627//4
f 3751//4 3752//4 3628//4
f 3845//4 3846//4 3722//4
f 3846//4 3847//4 3723//4
f 3847//4 3848//4 3724//4
f 3848//4 3849//4 3725//4
f 3849//4 3850//4 3726//4
f 3850//4 3851//4 3727//4
f 3851//4 3852//4 3728//4
f 3852//4 3853//4 3729//4
f 3853//4 3854//4 3730//4
f 3854//4 3855//4 3731//4
f 3855//4 3856//4 3732//4
f 3856//4 3857//4 3733//4
f 3857//4 3858//4 3734//4
f 3858//4 3859//4 3735//4
f 3859//4 3860//4 3736//4
f 3860//4 3861//4 3737//4
f 3861//4 3862//4 3738//4
f 3862//4 3863//4 3739//4
f 3863//4 3864//4 3740//4
f 3864//4 3865//4 3741//4
f 3865//4 3866//4 3742//4
f 3866//4 3867//4 3743//4
f 3867//4 3868//4 3744//4
f 3868//4 3869//4 3745//4
f 3869//4 3870//4 3746//4
f 3870//4 3871//4 3747//4
f 3871//4 3872//4 3748//4
f 3872//4 3873//4 3749//4
f 3873//4 3874//4 3750//4
f 3874//4 3875//4 3751//4
f 3875//4 3876//4 3752//4
f 3969//4 3970//4 3846//4
f 3970//4 3971//4 3847//4
f 3971//4 3972//4 3848//4
f 3972//4 3973//4 3849//4
f 3973//4 3974//4 3850//4
f 3974//4 3975//4 3851//4
f 3975//4 3976//4 3852//4
f 3976//4 3977//4 3853//4
f 3977//4 3978//4 3854//4
f 3978//4 3979//4 3855//4
f 3979//4 3980//4 3856//4
f 3980//4 3981//4 3857//4
f 3981//4 3982//4 3858//4
f 3982//4 3983//4 3859//4
f 3983//4 3984//4 3860//4
f 3984//4 3985//4 3861//4
f 3985//4 3986//4 3862//4
f 3986//4 3987//4 3863//4
f 3987//4 3988//4 3864//4
f 3988//4 3989//4 3865//4
f 3989//4 3990//4 3866//4
f 3990//4 3991//4 3867//4
f 3991//4 3992//4 3868//4
f 3992//4 3993//4 3869//4
f 3993//4 3994//4 3870//4
f 3994//4 3995//4 3871//4
f 3995//4 3996//4 3872//4
f 3996//4 3997//4 3873//4
f 3997//4 3998//4 3874//4
f 3998//4 3999//4 3875//4
f 3999//4 4000//4 3876//4
f 4093//4 4094//4 3970//4
f 4094//4 4095//4 3971//4
f 4095//4 4096//4 3972//4
f 4096//4 4097//4 3973//4
f 4097//4 4098//4 3974//4
f 4098//4 4099//4 3975//4
f 4099//4 4100//4 3976//4
f 4100//4 4101//4 3977//4
f 4101//4 4102//4 3978//4
f 4102//4 4103//4 3979//4
f 4103//4 4104//4 3980//4
f 4104//4 4105//4 3981//4
f 4105//4 4106//4 3982//4
f 4106//4 4107//4 3983//4
f 4107//4 4108//4 3984//4
f 4108//4 4109//4 3985//4
f 4109//4 4110//4 3986//4
f 4110//4 4111//4 3987//4
f 4111//4 4112//4 3988//4
f 4112//4 4113//4 3989//4
f 4113//4 4114//4 3990//4
f 4114//4 4115//4 3991//4
f 4115//4 4116//4 3992//4
f 4116//4 4117//4 3993//4
f 4117//4 4118//4 3994//4
f 4118//4 4119//4 3995//4
f 4119//4 4120//4 3996//4
f 4120//4 4121//4 3997//4
f 4121//4 4122//4 3998//4
f 4122//4 4123//4 3999//4
f 4123//4 4124//4 4000//4
f 4217//4 4218//4 4094//4
f 4218//4 4219//4 4095//4
f 4219//4 4220//4 4096//4
f 4220//4 4221//4 4097//4
f 4221//4 4222//4 4098//4
f 4222//4 4223//4 4099//4
f 4223//4 4224//4 4100//4
f 4224//4 4225//4 4101//4
f 4225//4 4226//4 4102//4
f 4226//4 4227//4 4103//4
f 4227//4 4228//4 4104//4
f 4228//4 4229//4 4105//4
f 4229//4 4230//4 4106//4
f 4230//4 4231//4 4107//4
f 4231//4 4232//4 4108//4
f 4232//4 4233//4 4109//4
f 4233//4 4234//4 4110//4
f 4234//4 4235//4 4111//4
f 4235//4 4236//4 4112//4
f 4236//4 4237//4 4113//4
f 4237//4 4238//4 4114//4
f 4238//4 4239//4 4115//4
f 4239//4 4240//4 4116//4
f 4240//4 4241//4 4117//4
f 4241//4 4242//4 4118//4
f 4242//4 4243//4 4119//4
f 4243//4 4244//4 4120//4
f 4244//4 4245//4 4121//4
f 4245//4 4246//4 4122//4
f 4246//4 4247//4 4123//4
f 4247//4 4248//4 4124//4
f 4341//4 4342//4 4218//4
f 4342//4 4343//4 4219//4
f 4343//4 4344//4 4220//4
f 4344//4 4345//4 4221//4
f 4345//4 4346//4 4222//4
f 4346//4 4347//4 4223//4
f 4347//4 4348//4 4224//4
f 4348//4 4349//4 4225//4
f 4349//4 4350//4 4226//4
f 4350//4 4351//4 4227//4
f 4351//4 4352//4 4228//4
f 4352//4 4353//4 4229//4
f 4353//4 4354//4 4230//4
f 4354//4 4355//4 4231//4
f 4355//4 4356//4 4232//4
f 4356//4 4357//4 4233//4
f 4357//4 4358//4 4234//4
f 4358//4 4359//4 4235//4
f 4359//4 4360//4 4236//4
f 4360//4 4361//4 4237//4
f 4361//4 4362//4 4238//4
f 4362//4 4363//4 4239//4
f 4363//4 4364//4 4240//4
f 4364//4 4365//4 4241//4
f 4365//4 4366//4 4242//4
f 4366//4 4367//4 4243//4
f 4367//4 4368//4 4244//4
f 4368//4 4369//4 4245//4
f 4369//4 4370//4 4246//4
f 4370//4 4371//4 4247//4
f 4371//4 4372//4 4248//4
f 4465//4 4466//4 4342//4
f 4466//4 4467//4 4343//4
f 4467//4 4468//4 4344//4
f 4468//4 4469//4 4345//4
f 4469//4 4470//4 4346//4
f 4470//4 4471//4 4347//4
f 4471//4 4472//4 4348//4
f 4472//4 4473//4 4349//4
f 4473//4 4474//4 4350//4
f 4474//4 4475//4 4351//4
f 4475//4 4476//4 4352//4
f 4476//4 4477//4 4353//4
f 4477//4 4478//4 4354//4
f 4478//4 4479//4 4355//4
f 4479//4 4480//4 4356//4
f 4480//4 4481//4 4357//4
f 4481//4 4482//4 4358//4
f 4482//4 4483//4 4359//4
f 4483//4 4484//4 4360//4
f 4484//4 4485//4 4361//4
f 4485//4 4486//4 4362//4
f 4486//4 4487//4 4363//4
f 4487//4 4488//4 4364//4
f 4488//4 4489//4 4365//4
f 4489//4 4490//4 4366//4
f 4490//4 4491//4 4367//4
f 4491//4 4492//4 4368//4
f 4492//4 4493//4 4369//4
f 4493//4 4494//4 4370//4
f 4494//4 4495//4 4371//4
f 4495//4 4496//4 4372//4
f 4589//4 4590//4 4466//4
f 4590//4 4591//4 4467//4
f 4591//4 4592//4 4468//4
f 4592//4 4593//4 4469//4
f 4593//4 4594//4 4470//4
f 4594//4 4595//4 4471//4
f 4595//4 4596//4 4472//4
f 4596//4 4597//4 4473//4
f 4597//4 4598//4 4474//4
f 4598//4 4599//4 4475//4
f 4599//4 4600//4 4476//4
f 4600//4 4601//4 4477//4
f 4601//4 4602//4 4478//4
f 4602//4 4603//4 4479//4
f 4603//4 4604//4 4480//4
f 4604//4 4605//4 4481//4
f 4605//4 4606//4 4482//4
f 4606//4 4607//4 4483//4
f 4607//4 4608//4 4484//4
f 4608//4 4609//4 4485//4
f 4609//4 4610//4 4486//4
f 4610//4 4611//4 4487//4
f 4611//4 4612//4 4488//4
f 4612//4 4613//4 4489//4
f 4613//4 4614//4 4490//4
f 4614//4 4615//4 4491//4
f 4615//4 4616//4 4492//4
f 4616//4 4617//4 4493//4
f 4617//4 4618//4 4494//4
f 4618//4 4619//4 4495//4
f 4619//4 4620//4 4496//4
f 4713//4 4714//4 4590//4
f 4714//4 4715//4 4591//4
f 4715//4 4716//4 4592//4
f 4716//4 4717//4 4593//4
f 4717//4 4718//4 4594//4
f 4718//4 4719//4 4595//4
f 4719//4 4720//4 4596//4
f 4720//4 4721//4 4597//4
f 4721//4 4722//4 4598//4
f 4722//4 4723//4 4599//4
f 4723//4 4724//4 4600//4
f 4724//4 4725//4 4601//4
f 4725//4 4726//4 4602//4
f 4726//4 4727//4 4603//4
f 4727//4 4728//4 4604//4
f 4728//4 4729//4 4605//4
f 4729//4 4730//4 4606//4
f 4730//4 4731//4 4607//4
f 4731//4 4732//4 4608//4
f 4732//4 4733//4 4609//4
f 4733//4 4734//4 4610//4
f 4734//4 4735//4 4611//4
f 4735//4 4736//4 4612//4
f 4736//4 4737//4 4613//4
f 4737//4 4738//4 4614//4
f 4738//4 4739//4 4615//4
f 4739//4 4740//4 4616//4
f 4740//4 4741//4 4617//4
f 4741//4 4742//4 4618//4
f 4742//4 4743//4 4619//4
f 4743//4 4744//4 4620//4
f 5737//4 5738//4 4714//4
f 5738//4 5739//4 4715//4
f 5739//4 5740//4 4716//4
f 5740//4 5741//4 4717//4
f 5741//4 5742//4 4718//4
f 5742//4 5743//4 4719//4
f 5743//4 5744//4 4720//4
f 5744//4 5745//4 4721//4
f 5745//4 5746//4 4722//4
f 5746//4 5747//4 4723//4
f 5747//4 5748//4 4724//4
f 5748//4 5749//4 4725//4
f 5749//4 5750//4 4726//4
f 5750//4 5751//4 4727//4
f 5751//4 5752//4 4728//4
f 5752//4 5753//4 4729//4
f 5753//4 5754//4 4730//4
f 5754//4 5755//4 4731//4
f 5755//4 5756//4 4732//4
f 5756//4 5757//4 4733//4
f 5757//4 5758//4 4734//4
f 5758//4 5759//4 4735//4
f 5759//4 5760//4 4736//4
f 5760//4 5761//4 4737//4
f 5761//4 5762//4 4738//4
f 5762//4 5763//4 4739//4
f 5763//4 5764//4 4740//4
f 5764//4 5765//4 4741//4
f 5765//4 5766//4 4742//4
f 5766//4 5767//4 4743//4
f 5767//4 5768//4 4744//4
f 1025//5 1057//5 33//5
f 1057//5 1059//5 65//5
f 1059//5 1061//5 97//5
f 1061//5 1063//5 129//5
f 1063//5 1065//5 161//5
f 1065//5 1067//5 193//5
f 1067//5 1069//5 225//5
f 1069//5 1071//5 257//5
f 1071//5 1073//5 289//5
f 1073//5 1075//5 321//5
f 1075//5 1077//5 353//5
f 1077//5 1079//5 385//5
f 1079//5 1081//5 417//5
f 1081//5 1083//5 449//5
f 1083//5 1085//5 481//5
f 1085//5 1087//5 513//5
f 1087//5 1089//5 545//5
f 1089//5 1091//5 577//5
f 1091//5 1093//5 609//5
f 1093//5 1095//5 641//5
f 1095//5 1097//5 673//5
f 1097//5 1099//5 705//5
f 1099//5 1101//5 737//5
f 1101//5 1103//5 769//5
f 1103//5 1105//5 801//5
f 1105//5 1107//5 833//5
f 1107//5 1109//5 865//5
f 1109//5 1111//5 897//5
f 1111//5 1113//5 929//5
f 1113//5 1115//5 961//5
f 1115//5 1117//5 993//5
f 1149//5 1181//5 1057//5
f 1181//5 1183//5 1059//5
f 1183//5 1185//5 1061//5
f 1185//5 1187//5 1063//5
f 1187//5 1189//5 1065//5
f 1189//5 1191//5 1067//5
f 1191//5 1193//5 1069//5
f 1193//5 1195//5 1071//5
f 1195//5 1197//5 1073//5
f 1197//5 1199//5 1075//5
f 1199//5 1201//5 1077//5
f 1201//5 1203//5 1079//5
f 1203//5 1205//5 1081//5
f 1205//5 1207//5 1083//5
f 1207//5 1209//5 1085//5
f 1209//5 1211//5 1087//5
f 1211//5 1213//5 1089//5
f 1213//5 1215//5 1091//5
f 1215//5 1217//5 1093//5
f 1217//5 1219//5 1095//5
f 1219//5 1221//5 1097//5
f 1221//5 1223//5 1099//5
f 1223//5 1225//5 1101//5
f 1225//5 1227//5 1103//5
f 1227//5 1229//5 1105//5
f 1229//5 1231//5 1107//5
f 1231//5 1233//5 1109//5
f 1233//5 1235//5 1111//5
f 1235//5 1237//5 1113//5
f 1237//5 1239//5 1115//5
f 1239//5 1241//5 1117//5
f 1273//5 1305//5 1181//5
f 1305//5 1307//5 1183//5
f 1307//5 1309//5 1185//5
f 1309//5 1311//5 1187//5
f 1311//5 1313//5 1189//5
f 1313//5 1315//5 1191//5
f 1315//5 1317//5 1193//5
f 1317//5 1319//5 1195//5
f 1319//5 1321//5 1197//5
f 1321//5 1323//5 1199//5
f 1323//5 1325//5 1201//5
f 1325//5 1327//5 1203//5
f 1327//5 1329//5 1205//5
f 1329//5 1331//5 1207//5
f 1331//5 1333//5 1209//5
f 1333//5 1335//5 1211//5
f 1335//5 1337//5 1213//5
f 1337//5 1339//5 1215//5
f 1339//5 1341//5 1217//5
f 1341//5 1343//5 1219//5
f 1343//5 1345//5 1221//5
f 1345//5 1347//5 1223//5
f 1347//5 1349//5 1225//5
f 1349//5 1351//5 1227//5
f 1351//5 1353//5 1229//5
f 1353//5 1355//5 1231//5
f 1355//5 1357//5 1233//5
f 1357//5 1359//5 1235//5
f 1359//5 1361//5 1237//5
f 1361//5 1363//5 1239//5
f 1363//5 1365//5 1241//5
f 1397//5 1429//5 1305//5
f 1429//5 1431//5 1307//5
f 1431//5 1433//5 1309//5
f 1433//5 1435//5 1311//5
f 1435//5 1437//5 1313//5
f 1437//5 1439//5 1315//5
f 1439//5 1441//5 1317//5
f 1441//5 1443//5 1319//5
f 1443//5 1445//5 1321//5
f 1445//5 1447//5 1323//5
f 1447//5 1449//5 1325//5
f 1449//5 1451//5 1327//5
f 1451//5 1453//5 1329//5
f 1453//5 1455//5 1331//5
f 1455//5 1457//5 1333//5
f 1457//5 1459//5 1335//5
f 1459//5 1461//5 1337//5
f 1461//5 1463//5 1339//5
f 1463//5 1465//5 1341//5
f 1465//5 1467//5 1343//5
f 1467//5 1469//5 1345//5
f 1469//5 1471//5 1347//5
f 1471//5 1473//5 1349//5
f 1473//5 1475//5 1351//5
f 1475//5 1477//5 1353//5
f 1477//5 1479//5 1355//5
f 1479//5 1481//5 1357//5
f 1481//5 1483//5 1359//5
f 1483//5 1485//5 1361//5
f 1485//5 1487//5 1363//5
f 1487//5 1489//5 1365//5
f 1521//5 1553//5 1429//5
f 1553//5 1555//5 1431//5
f 1555//5 1557//5 1433//5
f 1557//5 1559//5 1435//5
f 1559//5 1561//5 1437//5
f 1561//5 1563//5 1439//5
f 1563//5 1565//5 1441//5
f 1565//5 1567//5 1443//5
f 1567//5 1569//5 1445//5
f 1569//5 1571//5 1447//5
f 1571//5 1573//5 1449//5
f 1573//5 1575//5 1451//5
f 1575//5 1577//5 1453//5
f 1577//5 1579//5 1455//5
f 1579//5 1581//5 1457//5
f 1581//5 1583//5 1459//5
f 1583//5 1585//5 1461//5
f 1585//5 1587//5 1463//5
f 1587//5 1589//5 1465//5
f 1589//5 1591//5 1467//5
f 1591//5 1593//5 1469//5
f 1593//5 1595//5 1471//5
f 1595//5 1597//5 1473//5
f 1597//5 1599//5 1475//5
f 1599//5 1601//5 1477//5
f 1601//5 1603//5 1479//5
f 1603//5 1605//5 1481//5
f 1605//5 1607//5 1483//5
f 1607//5 1609//5 1485//5
f 1609//5 1611//5 1487//5
f 1611//5 1613//5 1489//5
f 1645//5 1677//5 1553//5
f 1677//5 1679//5 1555//5
f 1679//5 1681//5 1557//5
f 1681//5 1683//5 1559//5
f 1683//5 1685//5 1561//5
f 1685//5 1687//5 1563//5
f 1687//5 1689//5 1565//5
f 1689//5 1691//5 1567//5
f 1691//5 1693//5 1569//5
f 1693//5 1695//5 1571//5
f 1695//5 1697//5 1573//5
f 1697//5 1699//5 1575//5
f 1699//5 1701//5 1577//5
f 1701//5 1703//5 1579//5
f 1703//5 1705//5 1581//5
f 1705//5 1707//5 1583//5
f 1707//5 1709//5 1585//5
f 1709//5 1711//5 1587//5
f 1711//5 1713//5 1589//5
f 1713//5 1715//5 1591//5
f 1715//5 1717//5 1593//5
f 1717//5 1719//5 1595//5
f 1719//5 1721//5 1597//5
f 1721//5 1723//5 1599//5
f 1723//5 1725//5 1601//5
f 1725//5 1727//5 1603//5
f 1727//5 1729//5 1605//5
f 1729//5 1731//5 1607//5
f 1731//5 1733//5 1609//5
f 1733//5 1735//5 1611//5
f 1735//5 1737//5 1613//5
f 1769//5 1801//5 1677//5
f 1801//5 1803//5 1679//5
f 1803//5 1805//5 1681//5
f 1805//5 1807//5 1683//5
f 1807//5 1809//5 1685//5
f 1809//5 1811//5 1687//5
f 1811//5 1813//5 1689//5
f 1813//5 1815//5 1691//5
f 1815//5 1817//5 1693//5
f 1817//5 1819//5 1695//5
f 1819//5 1821//5 1697//5
f 1821//5 1823//5 1699//5
f 1823//5 1825//5 1701//5
f 1825//5 1827//5 1703//5
f 1827//5 1829//5 1705//5
f 1829//5 1831//5 1707//5
f 1831//5 1833//5 1709//5
f 1833//5 1835//5 1711//5
f 1835//5 1837//5 1713//5
f 1837//5 1839//5 1715//5
f 1839//5 1841//5 1717//5
f 1841//5 1843//5 1719//5
f 1843//5 1845//5 1721//5
f 1845//5 1847//5 1723//5
f 1847//5 1849//5 1725//5
f 1849//5 1851//5 1727//5
f 1851//5 1853//5 1729//5
f 1853//5 1855//5 1731//5
f 1855//5 1857//5 1733//5
f 1857//5 1859//5 1735//5
f 1859//5 1861//5 1737//5
f 1893//5 1925//5 1801//5
f 1925//5 1927//5 1803//5
f 1927//5 1929//5 1805//5
f 1929//5 1931//5 1807//5
f 1931//5 1933//5 1809//5
f 1933//5 1935//5 1811//5
f 1935//5 1937//5 1813//5
f 1937//5 1939//5 1815//5
f 1939//5 1941//5 1817//5
f 1941//5 1943//5 1819//5
f 1943//5 1945//5 1821//5
f 1945//5 1947//5 1823//5
f 1947//5 1949//5 1825//5
f 1949//5 1951//5 1827//5
f 1951//5 1953//5 1829//5
f 1953//5 1955//5 1831//5
f 1955//5 1957//5 1833//5
f 1957//5 1959//5 1835//5
f 1959//5 1961//5 1837//5
f 1961//5 1963//5 1839//5
f 1963//5 1965//5 1841//5
f 1965//5 1967//5 1843//5
f 1967//5 1969//5 1845//5
f 1969//5 1971//5 1847//5
f 1971//5 1973//5 1849//5
f 1973//5 1975//5 1851//5
f 1975//5 1977//5 1853//5
f 1977//5 1979//5 1855//5
f 1979//5 1981//5 1857//5
f 1981//5 1983//5 1859//5
f 1983//5 1985//5 1861//5
f 2017//5 2049//5 1925//5
f 2049//5 2051//5 1927//5
f 2051//5 2053//5 1929//5
f 2053//5 2055//5 1931//5
f 2055//5 2057//5 1933//5
f 2057//5 2059//5 1935//5
f 2059//5 2061//5 1937//5
f 2061//5 2063//5 1939//5
f 2063//5 2065//5 1941//5
f 2065//5 2067//5 1943//5
f 2067//5 2069//5 1945//5
f 2069//5 2071//5 1947//5
f 2071//5 2073//5 1949//5
f 2073//5 2075//5 1951//5
f 2075//5 2077//5 1953//5
f 2077//5 2079//5 1955//5
f 2079//5 2081//5 1957//5
f 2081//5 2083//5 1959//5
f 2083//5 2085//5 1961//5
f 2085//5 2087//5 1963//5
f 2087//5 2089//5 1965//5
f 2089//5 2091//5 1967//5
f 2091//5 2093//5 1969//5
f 2093//5 2095//5 1971//5
f 2095//5 2097//5 1973//5
f 2097//5 2099//5 1975//5
f 2099//5 2101//5 1977//5
f 2101//5 2103//5 1979//5
f 2103//5 2105//5 1981//5
f 2105//5 2107//5 1983//5
f 2107//5 2109//5 1985//5
f 2141//5 2173//5 2049//5
f 2173//5 2175//5 2051//5
f 2175//5 2177//5 2053//5
f 2177//5 2179//5 2055//5
f 2179//5 2181//5 2057//5
f 2181//5 2183//5 2059//5
f 2183//5 2185//5 2061//5
f 2185//5 2187//5 2063//5
f 2187//5 2189//5 2065//5
f 2189//5 2191//5 2067//5
f 2191//5 2193//5 2069//5
f 2193//5 2195//5 2071//5
f 2195//5 2197//5 2073//5
f 2197//5 2199//5 2075//5
f 2199//5 2201//5 2077//5
f 2201//5 2203//5 2079//5
f 2203//5 2205//5 2081//5
f 2205//5 2207//5 2083//5
f 2207//5 2209//5 2085//5
f 2209//5 2211//5 2087//5
f 2211//5 2213//5 2089//5
f 2213//5 2215//5 2091//5
f 2215//5 2217//5 2093//5
f 2217//5 2219//5 2095//5
f 2219//5 2221//5 2097//5
f 2221//5 2223//5 2099//5
f 2223//5 2225//5 2101//5
f 2225//5 2227//5 2103//5
f 2227//5 2229//5 2105//5
f 2229//5 2231//5 2107//5
f 2231//5 2233//5 2109//5
f 2265//5 2297//5 2173//5
f 2297//5 2299//5 2175//5
f 2299//5 2301//5 2177//5
f 2301//5 2303//5 2179//5
f 2303//5 2305//5 2181//5
f 2305//5 2307//5 2183//5
f 2307//5 2309//5 2185//5
f 2309//5 2311//5 2187//5
f 2311//5 2313//5 2189//5
f 2313//5 2315//5 2191//5
f 2315//5 2317//5 2193//5
f 2317//5 2319//5 2195//5
f 2319//5 2321//5 2197//5
f 2321//5 2323//5 2199//5
f 2323//5 2325//5 2201//5
f 2325//5 2327//5 2203//5
f 2327//5 2329//5 2205//5
f 2329//5 2331//5 2207//5
f 2331//5 2333//5 2209//5
f 2333//5 2335//5 2211//5
f 2335//5 2337//5 2213//5
f 2337//5 2339//5 2215//5
f 2339//5 2341//5 2217//5
f 2341//5 2343//5 2219//5
f 2343//5 2345//5 2221//5
f 2345//5 2347//5 2223//5
f 2347//5 2349//5 2225//5
f 2349//5 2351//5 2227//5
f 2351//5 2353//5 2229//5
f 2353//5 2355//5 2231//5
f 2355//5 2357//5 2233//5
f 2389//5 2421//5 2297//5
f 2421//5 2423//5 2299//5
f 2423//5 2425//5 2301//5
f 2425//5 2427//5 2303//5
f 2427//5 2429//5 2305//5
f 2429//5 2431//5 2307//5
f 2431//5 2433//5 2309//5
f 2433//5 2435//5 2311//5
f 2435//5 2437//5 2313//5
f 2437//5 2439//5 2315//5
f 2439//5 2441//5 2317//5
f 2441//5 2443//5 2319//5
f 2443//5 2445//5 2321//5
f 2445//5 2447//5 2323//5
f 2447//5 2449//5 2325//5
f 2449//5 2451//5 2327//5
f 2451//5 2453//5 2329//5
f 2453//5 2455//5 2331//5
f 2455//5 2457//5 2333//5
f 2457//5 2459//5 2335//5
f 2459//5 2461//5 2337//5
f 2461//5 2463//5 2339//5
f 2463//5 2465//5 2341//5
f 2465//5 2467//5 2343//5
f 2467//5 2469//5 2345//5
f 2469//5 2471//5 2347//5
f 2471//5 2473//5 2349//5
f 2473//5 2475//5 2351//5
f 2475//5 2477//5 2353//5
f 2477//5 2479//5 2355//5
f 2479//5 2481//5 2357//5
f 2513//5 2545//5 2421//5
f 2545//5 2547//5 2423//5
f 2547//5 2549//5 2425//5
f 2549//5 2551//5 2427//5
f 2551//5 2553//5 2429//5
f 2553//5 2555//5 2431//5
f 2555//5 2557//5 2433//5
f 2557//5 2559//5 2435//5
f 2559//5 2561//5 2437//5
f 2561//5 2563//5 2439//5
f 2563//5 2565//5 2441//5
f 2565//5 2567//5 2443//5
f 2567//5 2569//5 2445//5
f 2569//5 2571//5 2447//5
f 2571//5 2573//5 2449//5
f 2573//5 2575//5 2451//5
f 2575//5 2577//5 2453//5
f 2577//5 2579//5 2455//5
f 2579//5 2581//5 2457//5
f 2581//5 2583//5 2459//5
f 2583//5 2585//5 2461//5
f 2585//5 2587//5 2463//5
f 2587//5 2589//5 2465//5
f 2589//5 2591//5 2467//5
f 2591//5 2593//5 2469//5
f 2593//5 2595//5 2471//5
f 2595//5 2597//5 2473//5
f 2597//5 2599//5 2475//5
f 2599//5 2601//5 2477//5
f 2601//5 2603//5 2479//5
f 2603//5 2605//5 2481//5
f 2637//5 2669//5 2545//5
f 2669//5 2671//5 2547//5
f 2671//5 2673//5 2549//5
f 2673//5 2675//5 2551//5
f 2675//5 2677//5 2553//5
f 2677//5 2679//5 2555//5
f 2679//5 2681//5 2557//5
f 2681//5 2683//5 2559//5
f 2683//5 2685//5 2561//5
f 2685//5 2687//5 2563//5
f 2687//5 2689//5 2565//5
f 2689//5 2691//5 2567//5
f 2691//5 2693//5 2569//5
f 2693//5 2695//5 2571//5
f 2695//5 2697//5 2573//5
f 2697//5 2699//5 2575//5
f 2699//5 2701//5 2577//5
f 2701//5 2703//5 2579//5
f 2703//5 2705//5 2581//5
f 2705//5 2707//5 2583//5
f 2707//5 2709//5 2585//5
f 2709//5 2711//5 2587//5
f 2711//5 2713//5 2589//5
f 2713//5 2715//5 2591//5
f 2715//5 2717//5 2593//5
f 2717//5 2719//5 2595//5
f 2719//5 2721//5 2597//5
f 2721//5 2723//5 2599//5
f 2723//5 2725//5 2601//5
f 2725//5 2727//5 2603//5
f 2727//5 2729//5 2605//5
f 2761//5 2793//5 2669//5
f 2793//5 2795//5 2671//5
f 2795//5 2797//5 2673//5
f 2797//5 2799//5 2675//5
f 2799//5 2801//5 2677//5
f 2801//5 2803//5 2679//5
f 2803//5 2805//5 2681//5
f 2805//5 2807//5 2683//5
f 2807//5 2809//5 2685//5
f 2809//5 2811//5 2687//5
f 2811//5 2813//5 2689//5
f 2813//5 2815//5 2691//5
f 2815//5 2817//5 2693//5
f 2817//5 2819//5 2695//5
f 2819//5 2821//5 2697//5
f 2821//5 2823//5 2699//5
f 2823//5 2825//5 2701//5
f 2825//5 2827//5 2703//5
f 2827//5 2829//5 2705//5
f 2829//5 2831//5 2707//5
f 2831//5 2833//5 2709//5
f 2833//5 2835//5 2711//5
f 2835//5 2837//5 2713//5
f 2837//5 2839//5 2715//5
f 2839//5 2841//5 2717//5
f 2841//5 2843//5 2719//5
f 2843//5 2845//5 2721//5
f 2845//5 2847//5 2723//5
f 2847//5 2849//5 2725//5
f 2849//5 2851//5 2727//5
f 2851//5 2853//5 2729//5
f 2885//5 2917//5 2793//5
f 2917//5 2919//5 2795//5
f 2919//5 2921//5 2797//5
f 2921//5 2923//5 2799//5
f 2923//5 2925//5 2801//5
f 2925//5 2927//5 2803//5
f 2927//5 2929//5 2805//5
f 2929//5 2931//5 2807//5
f 2931//5 2933//5 2809//5
f 2933//5 2935//5 2811//5
f 2935//5 2937//5 2813//5
f 2937//5 2939//5 2815//5
f 2939//5 2941//5 2817//5
f 2941//5 2943//5 2819//5
f 2943//5 2945//5 2821//5
f 2945//5 2947//5 2823//5
f 2947//5 2949//5 2825//5
f 2949//5 2951//5 2827//5
f 2951//5 2953//5 2829//5
f 2953//5 2955//5 2831//5
f 2955//5 2957//5 2833//5
f 2957//5 2959//5 2835//5
f 2959//5 2961//5 2837//5
f 2961//5 2963//5 2839//5
f 2963//5 2965//5 2841//5
f 2965//5 2967//5 2843//5
f 2967//5 2969//5 2845//5
f 2969//5 2971//5 2847//5
f 2971//5 2973//5 2849//5
f 2973//5 2975//5 2851//5
f 2975//5 2977//5 2853//5
f 3009//5 3041//5 2917//5
f 3041//5 3043//5 2919//5
f 3043//5 3045//5 2921//5
f 3045//5 3047//5 2923//5
f 3047//5 3049//5 2925//5
f 3049//5 3051//5 2927//5
f 3051//5 3053//5 2929//5
f 3053//5 3055//5 2931//5
f 3055//5 3057//5 2933//5
f 3057//5 3059//5 2935//5
f 3059//5 3061//5 2937//5
f 3061//5 3063//5 2939//5
f 3063//5 3065//5 2941//5
f 3065//5 3067//5 2943//5
f 3067//5 3069//5 2945//5
f 3069//5 3071//5 2947//5
f 3071//5 3073//5 2949//5
f 3073//5 3075//5 2951//5
f 3075//5 3077//5 2953//5
f 3077//5 3079//5 2955//5
f 3079//5 3081//5 2957//5
f 3081//5 3083//5 2959//5
f 3083//5 3085//5 2961//5
f 3085//5 3087//5 2963//5
f 3087//5 3089//5 2965//5
f 3089//5 3091//5 2967//5
f 3091//5 3093//5 2969//5
f 3093//5 3095//5 2971//5
f 3095//5 3097//5 2973//5
f 3097//5 3099//5 2975//5
f 3099//5 3101//5 2977//5
f 3133//5 3165//5 3041//5
f 3165//5 3167//5 3043//5
f 3167//5 3169//5 3045//5
f 3169//5 3171//5 3047//5
f 3171//5 3173//5 3049//5
f 3173//5 3175//5 3051//5
f 3175//5 3177//5 3053//5
f 3177//5 3179//5 3055//5
f 3179//5 3181//5 3057//5
f 3181//5 3183//5 3059//5
f 3183//5 3185//5 3061//5
f 3185//5 3187//5 3063//5
f 3187//5 3189//5 3065//5
f 3189//5 3191//5 3067//5
f 3191//5 3193//5 3069//5
f 3193//5 3195//5 3071//5
f 3195//5 3197//5 3073//5
f 3197//5 3199//5 3075//5
f 3199//5 3201//5 3077//5
f 3201//5 3203//5 3079//5
f 3203//5 3205//5 3081//5
f 3205//5 3207//5 3083//5
f 3207//5 3209//5 3085//5
f 3209//5 3211//5 3087//5
f 3211//5 3213//5 3089//5
f 3213//5 3215//5 3091//5
f 3215//5 3217//5 3093//5
f 3217//5 3219//5 3095//5
f 3219//5 3221//5 3097//5
f 3221//5 3223//5 3099//5
f 3223//5 3225//5 3101//5
f 3257//5 3289//5 3165//5
f 3289//5 3291//5 3167//5
f 3291//5 3293//5 3169//5
f 3293//5 3295//5 3171//5
f 3295//5 3297//5 3173//5
f 3297//5 3299//5 3175//5
f 3299//5 3301//5 3177//5
f 3301//5 3303//5 3179//5
f 3303//5 3305//5 3181//5
f 3305//5 3307//5 3183//5
f 3307//5 3309//5 3185//5
f 3309//5 3311//5 3187//5
f 3311//5 3313//5 3189//5
f 3313//5 3315//5 3191//5
f 3315//5 3317//5 3193//5
f 3317//5 3319//5 3195//5
f 3319//5 3321//5 3197//5
f 3321//5 3323//5 3199//5
f 3323//5 3325//5 3201//5
f 3325//5 3327//5 3203//5
f 3327//5 3329//5 3205//5
f 3329//5 3331//5 3207//5
f 3331//5 3333//5 3209//5
f 3333//5 3335//5 3211//5
f 3335//5 3337//5 3213//5
f 3337//5 3339//5 3215//5
f 3339//5 3341//5 3217//5
f 3341//5 3343//5 3219//5
f 3343//5 3345//5 3221//5
f 3345//5 3347//5 3223//5
f 3347//5 3349//5 3225//5
f 3381//5 3413//5 3289//5
f 3413//5 3415//5 3291//5
f 3415//5 3417//5 3293//5
f 3417//5 3419//5 3295//5
f 3419//5 3421//5 3297//5
f 3421//5 3423//5 3299//5
f 3423//5 3425//5 3301//5
f 3425//5 3427//5 3303//5
f 3427//5 3429//5 3305//5
f 3429//5 3431//5 3307//5
f 3431//5 3433//5 3309//5
f 3433//5 3435//5 3311//5
f 3435//5 3437//5 3313//5
f 3437//5 3439//5 3315//5
f 3439//5 3441//5 3317//5
f 3441//5 3443//5 3319//5
f 3443//5 3445//5 3321//5
f 3445//5 3447//5 3323//5
f 3447//5 3449//5 3325//5
f 3449//5 3451//5 3327//5
f 3451//5 3453//5 3329//5
f 3453//5 3455//5 3331//5
f 3455//5 3457//5 3333//5
f 3457//5 3459//5 3335//5
f 3459//5 3461//5 3337//5
f 3461//5 3463//5 3339//5
f 3463//5 3465//5 3341//5
f 3465//5 3467//5 3343//5
f 3467//5 3469//5 3345//5
f 3469//5 3471//5 3347//5
f 3471//5 3473//5 3349//5
f 3505//5 3537//5 3413//5
f 3537//5 3539//5 3415//5
f 3539//5 3541//5 3417//5
f 3541//5 3543//5 3419//5
f 3543//5 3545//5 3421//5
f 3545//5 3547//5 3423//5
f 3547//5 3549//5 3425//5
f 3549//5 3551//5 3427//5
f 3551//5 3553//5 3429//5
f 3553//5 3555//5 3431//5
f 3555//5 3557//5 3433//5
f 3557//5 3559//5 3435//5
f 3559//5 3561//5 3437//5
f 3561//5 3563//5 3439//5
f 3563//5 3565//5 3441//5
f 3565//5 3567//5 3443//5
f 3567//5 3569//5 3445//5
f 3569//5 3571//5 3447//5
f 3571//5 3573//5 3449//5
f 3573//5 3575//5 3451//5
f 3575//5 3577//5 3453//5
f 3577//5 3579//5 3455//5
f 3579//5 3581//5 3457//5
f 3581//5 3583//5 3459//5
f 3583//5 3585//5 3461//5
f 3585//5 3587//5 3463//5
f 3587//5 3589//5 3465//5
f 3589//5 3591//5 3467//5
f 3591//5 3593//5 3469//5
f 3593//5 3595//5 3471//5
f 3595//5 3597//5 3473//5
f 3629//5 3661//5 3537//5
f 3661//5 3663//5 3539//5
f 3663//5 3665//5 3541//5
f 3665//5 3667//5 3543//5
f 3667//5 3669//5 3545//5
f 3669//5 3671//5 3547//5
f 3671//5 3673//5 3549//5
f 3673//5 3675//5 3551//5
f 3675//5 3677//5 3553//5
f 3677//5 3679//5 3555//5
f 3679//5 3681//5 3557//5
f 3681//5 3683//5 3559//5
f 3683//5 3685//5 3561//5
f 3685//5 3687//5 3563//5
f 3687//5 3689//5 3565//5
f 3689//5 3691//5 3567//5
f 3691//5 3693//5 3569//5
f 3693//5 3695//5 3571//5
f 3695//5 3697//5 3573//5
f 3697//5 3699//5 3575//5
f 3699//5 3701//5 3577//5
f 3701//5 3703//5 3579//5
f 3703//5 3705//5 3581//5
f 3705//5 3707//5 3583//5
f 3707//5 3709//5 3585//5
f 3709//5 3711//5 3587//5
f 3711//5 3713//5 3589//5
f 3713//5 3715//5 3591//5
f 3715//5 3717//5 3593//5
f 3717//5 3719//5 3595//5
f 3719//5 3721//5 3597//5
f 3753//5 3785//5 3661//5
f 3785//5 3787//5 3663//5
f 3787//5 3789//5 3665//5
f 3789//5 3791//5 3667//5
f 3791//5 3793//5 3669//5
f 3793//5 3795//5 3671//5
f 3795//5 3797//5 3673//5
f 3797//5 3799//5 3675//5
f 3799//5 3801//5 3677//5
f 3801//5 3803//5 3679//5
f 3803//5 3805//5 3681//5
f 3805//5 3807//5 3683//5
f 3807//5 3809//5 3685//5
f 3809//5 3811//5 3687//5
f 3811//5 3813//5 3689//5
f 3813//5 3815//5 3691//5
f 3815//5 3817//5 3693//5
f 3817//5 3819//5 3695//5
f 3819//5 3821//5 3697//5
f 3821//5 3823//5 3699//5
f 3823//5 3825//5 3701//5
f 3825//5 3827//5 3703//5
f 3827//5 3829//5 3705//5
f 3829//5 3831//5 3707//5
f 3831//5 3833//5 3709//5
f 3833//5 3835//5 3711//5
f 3835//5 3837//5 3713//5
f 3837//5 3839//5 3715//5
f 3839//5 3841//5 3717//5
f 3841//5 3843//5 3719//5
f 3843//5 3845//5 3721//5
f 3877//5 3909//5 3785//5
f 3909//5 3911//5 3787//5
f 3911//5 3913//5 3789//5
f 3913//5 3915//5 3791//5
f 3915//5 3917//5 3793//5
f 3917//5 3919//5 3795//5
f 3919//5 3921//5 3797//5
f 3921//5 3923//5 3799//5
f 3923//5 3925//5 3801//5
f 3925//5 3927//5 3803//5
f 3927//5 3929//5 3805//5
f 3929//5 3931//5 3807//5
f 3931//5 3933//5 3809//5
f 3933//5 3935//5 3811//5
f 3935//5 3937//5 3813//5
f 3937//5 3939//5 3815//5
f 3939//5 3941//5 3817//5
f 3941//5 3943//5 3819//5
f 3943//5 3945//5 3821//5
f 3945//5 3947//5 3823//5
f 3947//5 3949//5 3825//5
f 3949//5 3951//5 3827//5
f 3951//5 3953//5 3829//5
f 3953//5 3955//5 3831//5
f 3955//5 3957//5 3833//5
f 3957//5 3959//5 3835//5
f 3959//5 3961//5 3837//5
f 3961//5 3963//5 3839//5
f 3963//5 3965//5 3841//5
f 3965//5 3967//5 3843//5
f 3967//5 3969//5 3845//5
f 4001//5 4033//5 3909//5
f 4033//5 4035//5 3911//5
f 4035//5 4037//5 3913//5
f 4037//5 4039//5 3915//5
f 4039//5 4041//5 3917//5
f 4041//5 4043//5 3919//5
f 4043//5 4045//5 3921//5
f 4045//5 4047//5 3923//5
f 4047//5 4049//5 3925//5
f 4049//5 4051//5 3927//5
f 4051//5 4053//5 3929//5
f 4053//5 4055//5 3931//5
f 4055//5 4057//5 3933//5
f 4057//5 4059//5 3935//5
f 4059//5 4061//5 3937//5
f 4061//5 4063//5 3939//5
f 4063//5 4065//5 3941//5
f 4065//5 4067//5 3943//5
f 4067//5 4069//5 3945//5
f 4069//5 4071//5 3947//5
f 4071//5 4073//5 3949//5
f 4073//5 4075//5 3951//5
f 4075//5 4077//5 3953//5
f 4077//5 4079//5 3955//5
f 4079//5 4081//5 3957//5
f 4081//5 4083//5 3959//5
f 4083//5 4085//5 3961//5
f 4085//5 4087//5 3963//5
f 4087//5 4089//5 3965//5
f 4089//5 4091//5 3967//5
f 4091//5 4093//5 3969//5
f 4125//5 4157//5 4033//5
f 4157//5 4159//5 4035//5
f 4159//5 4161//5 4037//5
f 4161//5 4163//5 4039//5
f 4163//5 4165//5 4041//5
f 4165//5 4167//5 4043//5
f 4167//5 4169//5 4045//5
f 4169//5 4171//5 4047//5
f 4171//5 4173//5 4049//5
f 4173//5 4175//5 4051//5
f 4175//5 4177//5 4053//5
f 4177//5 4179//5 4055//5
f 4179//5 4181//5 4057//5
f 4181//5 4183//5 4059//5
f 4183//5 4185//5 4061//5
f 4185//5 4187//5 4063//5
f 4187//5 4189//5 4065//5
f 4189//5 4191//5 4067//5
f 4191//5 4193//5 4069//5
f 4193//5 4195//5 4071//5
f 4195//5 4197//5 4073//5
f 4197//5 4199//5 4075//5
f 4199//5 4201//5 4077//5
f 4201//5 4203//5 4079//5
f 4203//5 4205//5 4081//5
f 4205//5 4207//5 4083//5
f 4207//5 4209//5 4085//5
f 4209//5 4211//5 4087//5
f 4211//5 4213//5 4089//5
f 4213//5 4215//5 4091//5
f 4215//5 4217//5 4093//5
f 4249//5 4281//5 4157//5
f 4281//5 4283//5 4159//5
f 4283//5 4285//5 4161//5
f 4285//5 4287//5 4163//5
f 4287//5 4289//5 4165//5
f 4289//5 4291//5 4167//5
f 4291//5 4293//5 4169//5
f 4293//5 4295//5 4171//5
f 4295//5 4297//5 4173//5
f 4297//5 4299//5 4175//5
f 4299//5 4301//5 4177//5
f 4301//5 4303//5 4179//5
f 4303//5 4305//5 4181//5
f 4305//5 4307//5 4183//5
f 4307//5 4309//5 4185//5
f 4309//5 4311//5 4187//5
f 4311//5 4313//5 4189//5
f 4313//5 4315//5 4191//5
f 4315//5 4317//5 4193//5
f 4317//5 4319//5 4195//5
f 4319//5 4321//5 4197//5
f 4321//5 4323//5 4199//5
f 4323//5 4325//5 4201//5
f 4325//5 4327//5 4203//5
f 4327//5 4329//5 4205//5
f 4329//5 4331//5 4207//5
f 4331//5 4333//5 4209//5
f 4333//5 4335//5 4211//5
f 4335//5 4337//5 4213//5
f 4337//5 4339//5 4215//5
f 4339//5 4341//5 4217//5
f 4373//5 4405//5 4281//5
f 4405//5 4407//5 4283//5
f 4407//5 4409//5 4285//5
f 4409//5 4411//5 4287//5
f 4411//5 4413//5 4289//5
f 4413//5 4415//5 4291//5
f 4415//5 4417//5 4293//5
f 4417//5 4419//5 4295//5
f 4419//5 4421//5 4297//5
f 4421//5 4423//5 4299//5
f 4423//5 4425//5 4301//5
f 4425//5 4427//5 4303//5
f 4427//5 4429//5 4305//5
f 4429//5 4431//5 4307//5
f 4431//5 4433//5 4309//5
f 4433//5 4435//5 4311//5
f 4435//5 4437//5 4313//5
f 4437//5 4439//5 4315//5
f 4439//5 4441//5 4317//5
f 4441//5 4443//5 4319//5
f 4443//5 4445//5 4321//5
f 4445//5 4447//5 4323//5
f 4447//5 4449//5 4325//5
f 4449//5 4451//5 4327//5
f 4451//5 4453//5 4329//5
f 4453//5 4455//5 4331//5
f 4455//5 4457//5 4333//5
f 4457//5 4459//5 4335//5
f 4459//5 4461//5 4337//5
f 4461//5 4463//5 4339//5
f 4463//5 4465//5 4341//5
f 4497//5 4529//5 4405//5
f 4529//5 4531//5 4407//5
f 4531//5 4533//5 4409//5
f 4533//5 4535//5 4411//5
f 4535//5 4537//5 4413//5
f 4537//5 4539//5 4415//5
f 4539//5 4541//5 4417//5
f 4541//5 4543//5 4419//5
f 4543//5 4545//5 4421//5
f 4545//5 4547//5 4423//5
f 4547//5 4549//5 4425//5
f 4549//5 4551//5 4427//5
f 4551//5 4553//5 4429//5
f 4553//5 4555//5 4431//5
f 4555//5 4557//5 4433//5
f 4557//5 4559//5 4435//5
f 4559//5 4561//5 4437//5
f 4561//5 4563//5 4439//5
f 4563//5 4565//5 4441//5
f 4565//5 4567//5 4443//5
f 4567//5 4569//5 4445//5
f 4569//5 4571//5 4447//5
f 4571//5 4573//5 4449//5
f 4573//5 4575//5 4451//5
f 4575//5 4577//5 4453//5
f 4577//5 4579//5 4455//5
f 4579//5 4581//5 4457//5
f 4581//5 4583//5 4459//5
f 4583//5 4585//5 4461//5
f 4585//5 4587//5 4463//5
f 4587//5 4589//5 4465//5
f 4621//5 4653//5 4529//5
f 4653//5 4655//5 4531//5
f 4655//5 4657//5 4533//5
f 4657//5 4659//5 4535//5
f 4659//5 4661//5 4537//5
f 4661//5 4663//5 4539//5
f 4663//5 4665//5 4541//5
f 4665//5 4667//5 4543//5
f 4667//5 4669//5 4545//5
f 4669//5 4671//5 4547//5
f 4671//5 4673//5 4549//5
f 4673//5 4675//5 4551//5
f 4675//5 4677//5 4553//5
f 4677//5 4679//5 4555//5
f 4679//5 4681//5 4557//5
f 4681//5 4683//5 4559//5
f 4683//5 4685//5 4561//5
f 4685//5 4687//5 4563//5
f 4687//5 4689//5 4565//5
f 4689//5 4691//5 4567//5
f 4691//5 4693//5 4569//5
f 4693//5 4695//5 4571//5
f 4695//5 4697//5 4573//5
f 4697//5 4699//5 4575//5
f 4699//5 4701//5 4577//5
f 4701//5 4703//5 4579//5
f 4703//5 4705//5 4581//5
f 4705//5 4707//5 4583//5
f 4707//5 4709//5 4585//5
f 4709//5 4711//5 4587//5
f 4711//5 4713//5 4589//5
f 4745//5 4777//5 4653//5
f 4777//5 4809//5 4655//5
f 4809//5 4841//5 4657//5
f 4841//5 4873//5 4659//5
f 4873//5 4905//5 4661//5
f 4905//5 4937//5 4663//5
f 4937//5 4969//5 4665//5
f 4969//5 5001//5 4667//5
f 5001//5 5033//5 4669//5
f 5033//5 5065//5 4671//5
f 5065//5 5097//5 4673//5
f 5097//5 5129//5 4675//5
f 5129//5 5161//5 4677//5
f 5161//5 5193//5 4679//5
f 5193//5 5225//5 4681//5
f 5225//5 5257//5 4683//5
f 5257//5 5289//5 4685//5
f 5289//5 5321//5 4687//5
f 5321//5 5353//5 4689//5
f 5353//5 5385//5 4691//5
f 5385//5 5417//5 4693//5
f 5417//5 5449//5 4695//5
f 5449//5 5481//5 4697//5
f 5481//5 5513//5 4699//5
f 5513//5 5545//5 4701//5
f 5545//5 5577//5 4703//5
f 5577//5 5609//5 4705//5
f 5609//5 5641//5 4707//5
f 5641//5 5673//5 4709//5
f 5673//5 5705//5 4711//5
f 5705//5 5737//5 4713//5
f 64//6 1058//6 1056//6
f 96//6 1060//6 1058//6
f 128//6 1062//6 1060//6
f 160//6 1064//6 1062//6
f 192//6 1066//6 1064//6
f 224//6 1068//6 1066//6
f 256//6 1070//6 1068//6
f 288//6 1072//6 1070//6
f 320//6 1074//6 1072//6
f 352//6 1076//6 1074//6
f 384//6 1078//6 1076//6
f 416//6 1080//6 1078//6
f 448//6 1082//6 1080//6
f 480//6 1084//6 1082//6
f 512//6 1086//6 1084//6
f 544//6 1088//6 1086//6
f 576//6 1090//6 1088//6
f 608//6 1092//6 1090//6
f 640//6 1094//6 1092//6
f 672//6 1096//6 1094//6
f 704//6 1098//6 1096//6
f 736//6 1100//6 1098//6
f 768//6 1102//6 1100//6
f 800//6 1104//6 1102//6
f 832//6 1106//6 1104//6
f 864//6 1108//6 1106//6
f 896//6 1110//6 1108//6
f 928//6 1112//6 1110//6
f 960//6 1114//6 1112//6
f 992//6 1116//6 1114//6
f 1024//6 1148//6 1116//6
f 1058//6 1182//6 1180//6
f 1060//6 1184//6 1182//6
f 1062//6 1186//6 1184//6
f 1064//6 1188//6 1186//6
f 1066//6 1190//6 1188//6
f 1068//6 1192//6 1190//6
f 1070//6 1194//6 1192//6
f 1072//6 1196//6 1194//6
f 1074//6 1198//6 1196//6
f 1076//6 1200//6 1198//6
f 1078//6 1202//6 1200//6
f 1080//6 1204//6 1202//6
f 1082//6 1206//6 1204//6
f 1084//6 1208//6 1206//6
f 1086//6 1210//6 1208//6
f 1088//6 1212//6 1210//6
f 1090//6 1214//6 1212//6
f 1092//6 1216//6 1214//6
f 1094//6 1218//6 1216//6
f 1096//6 1220//6 1218//6
f 1098//6 1222//6 1220//6
f 1100//6 1224//6 1222//6
f 1102//6 1226//6 1224//6
f 1104//6 1228//6 1226//6
f 1106//6 1230//6 1228//6
f 1108//6 1232//6 1230//6
f 1110//6 1234//6 1232//6
f 1112//6 1236//6 1234//6
f 1114//6 1238//6 1236//6
f 1116//6 1240//6 1238//6
f 1148//6 1272//6 1240//6
f 1182//6 1306//6 1304//6
f 1184//6 1308//6 1306//6
f 1186//6 1310//6 1308//6
f 1188//6 1312//6 1310//6
f 1190//6 1314//6 1312//6
f 1192//6 1316//6 1314//6
f 1194//6 1318//6 1316//6
f 1196//6 1320//6 1318//6
f 1198//6 1322//6 1320//6
f 1200//6 1324//6 1322//6
f 1202//6 1326//6 1324//6
f 1204//6 1328//6 1326//6
f 1206//6 1330//6 1328//6
f 1208//6 1332//6 1330//6
f 1210//6 1334//6 1332//6
f 1212//6 1336//6 1334//6
f 1214//6 1338//6 1336//6
f 1216//6 1340//6 1338//6
f 1218//6 1342//6 1340//6
f 1220//6 1344//6 1342//6
f 1222//6 1346//6 1344//6
f 1224//6 1348//6 1346//6
f 1226//6 1350//6 1348//6
f 1228//6 1352//6 1350//6
f 1230//6 1354//6 1352//6
f 1232//6 1356//6 1354//6
f 1234//6 1358//6 1356//6
f 1236//6 1360//6 1358//6
f 1238//6 1362//6 1360//6
f 1240//6 1364//6 1362//6
f 1272//6 1396//6 1364//6
f 1306//6 1430//6 1428//6
f 1308//6 1432//6 1430//6
f 1310//6 1434//6 1432//6
f 1312//6 1436//6 1434//6
f 1314//6 1438//6 1436//6
f 1316//6 1440//6 1438//6
f 1318//6 1442//6 1440//6
f 1320//6 1444//6 1442//6
f 1322//6 1446//6 1444//6
f 1324//6 1448//6 1446//6
f 1326//6 1450//6 1448//6
f 1328//6 1452//6 1450//6
f 1330//6 1454//6 1452//6
f 1332//6 1456//6 1454//6
f 1334//6 1458//6 1456//6
f 1336//6 1460//6 1458//6
f 1338//6 1462//6 1460//6
f 1340//6 1464//6 1462//6
f 1342//6 1466//6 1464//6
f 1344//6 1468//6 1466//6
f 1346//6 1470//6 1468//6
f 1348//6 1472//6 1470//6
f 1350//6 1474//6 1472//6
f 1352//6 1476//6 1474//6
f 1354//6 1478//6 1476//6
f 1356//6 1480//6 1478//6
f 1358//6 1482//6 1480//6
f 1360//6 1484//6 1482//6
f 1362//6 1486//6 1484//6
f 1364//6 1488//6 1486//6
f 1396//6 1520//6 1488//6
f 1430//6 1554//6 1552//6
f 1432//6 1556//6 1554//6
f 1434//6 1558//6 1556//6
f 1436//6 1560//6 1558//6
f 1438//6 1562//6 1560//6
f 1440//6 1564//6 1562//6
f 1442//6 1566//6 1564//6
f 1444//6 1568//6 1566//6
f 1446//6 1570//6 1568//6
f 1448//6 1572//6 1570//6
f 1450//6 1574//6 1572//6
f 1452//6 1576//6 1574//6
f 1454//6 1578//6 1576//6
f 1456//6 1580//6 1578//6
f 1458//6 1582//6 1580//6
f 1460//6 1584//6 1582//6
f 1462//6 1586//6 1584//6
f 1464//6 1588//6 1586//6
f 1466//6 1590//6 1588//6
f 1468//6 1592//6 1590//6
f 1470//6 1594//6 1592//6
f 1472//6 1596//6 1594//6
f 1474//6 1598//6 1596//6
f 1476//6 1600//6 1598//6
f 1478//6 1602//6 1600//6
f 1480//6 1604//6 1602//6
f 1482//6 1606//6 1604//6
f 1484//6 1608//6 1606//6
f 1486//6 1610//6 1608//6
f 1488//6 1612//6 1610//6
f 1520//6 1644//6 1612//6
f 1554//6 1678//6 1676//6
f 1556//6 1680//6 1678//6
f 1558//6 1682//6 1680//6
f 1560//6 1684//6 1682//6
f 1562//6 1686//6 1684//6
f 1564//6 1688//6 1686//6
f 1566//6 1690//6 1688//6
f 1568//6 1692//6 1690//6
f 1570//6 1694//6 1692//6
f 1572//6 1696//6 1694//6
f 1574//6 1698//6 1696//6
f 1576//6 1700//6 1698//6
f 1578//6 1702//6 1700//6
f 1580//6 1704//6 1702//6
f 1582//6 1706//6 1704//6
f 1584//6 1708//6 1706//6
f 1586//6 1710//6 1708//6
f 1588//6 1712//6 1710//6
f 1590//6 1714//6 1712//6
f 1592//6 1716//6 1714//6
f 1594//6 1718//6 1716//6
f 1596//6 1720//6 1718//6
f 1598//6 1722//6 1720//6
f 1600//6 1724//6 1722//6
f 1602//6 1726//6 1724//6
f 1604//6 1728//6 1726//6
f 1606//6 1730//6 1728//6
f 1608//6 1732//6 1730//6
f 1610//6 1734//6 1732//6
f 1612//6 1736//6 1734//6
f 1644//6 1768//6 1736//6
f 1678//6 1802//6 1800//6
f 1680//6 1804//6 1802//6
f 1682//6 1806//6 1804//6
f 1684//6 1808//6 1806//6
f 1686//6 1810//6 1808//6
f 1688//6 1812//6 1810//6
f 1690//6 1814//6 1812//6
f 1692//6 1816//6 1814//6
f 1694//6 1818//6 1816//6
f 1696//6 1820//6 1818//6
f 1698//6 1822//6 1820//6
f 1700//6 1824//6 1822//6
f 1702//6 1826//6 1824//6
f 1704//6 1828//6 1826//6
f 1706//6 1830//6 1828//6
f 1708//6 1832//6 1830//6
f 1710//6 1834//6 1832//6
f 1712//6 1836//6 1834//6
f 1714//6 1838//6 1836//6
f 1716//6 1840//6 1838//6
f 1718//6 1842//6 1840//6
f 1720//6 1844//6 1842//6
f 1722//6 1846//6 1844//6
f 1724//6 1848//6 1846//6
f 1726//6 1850//6 1848//6
f 1728//6 1852//6 1850//6
f 1730//6 1854//6 1852//6
f 1732//6 1856//6 1854//6
f 1734//6 1858//6 1856//6
f 1736//6 1860//6 1858//6
f 1768//6 1892//6 1860//6
f 1802//6 1926//6 1924//6
f 1804//6 1928//6 1926//6
f 1806//6 1930//6 1928//6
f 1808//6 1932//6 1930//6
f 1810//6 1934//6 1932//6
f 1812//6 1936//6 1934//6
f 1814//6 1938//6 1936//6
f 1816//6 1940//6 1938//6
f 1818//6 1942//6 1940//6
f 1820//6 1944//6 1942//6
f 1822//6 1946//6 1944//6
f 1824//6 1948//6 1946//6
f 1826//6 1950//6 1948//6
f 1828//6 1952//6 1950//6
f 1830//6 1954//6 1952//6
f 1832//6 1956//6 1954//6
f 1834//6 1958//6 1956//6
f 1836//6 1960//6 1958//6
f 1838//6 1962//6 1960//6
f 1840//6 1964//6 1962//6
f 1842//6 1966//6 1964//6
f 1844//6 1968//6 1966//6
f 1846//6 1970//6 1968//6
f 1848//6 1972//6 1970//6
f 1850//6 1974//6 1972//6
f 1852//6 1976//6 1974//6
f 1854//6 1978//6 1976//6
f 1856//6 1980//6 1978//6
f 1858//6 1982//6 1980//6
f 1860//6 1984//6 1982//6
f 1892//6 2016//6 1984//6
f 1926//6 2050//6 2048//6
f 1928//6 2052//6 2050//6
f 1930//6 2054//6 2052//6
f 1932//6 2056//6 2054//6
f 1934//6 2058//6 2056//6
f 1936//6 2060//6 2058//6
f 1938//6 2062//6 2060//6
f 1940//6 2064//6 2062//6
f 1942//6 2066//6 2064//6
f 1944//6 2068//6 2066//6
f 1946//6 2070//6 2068//6
f 1948//6 2072//6 2070//6
f 1950//6 2074//6 2072//6
f 1952//6 2076//6 2074//6
f 1954//6 2078//6 2076//6
f 1956//6 2080//6 2078//6
f 1958//6 2082//6 2080//6
f 1960//6 2084//6 2082//6
f 1962//6 2086//6 2084//6
f 1964//6 2088//6 2086//6
f 1966//6 2090//6 2088//6
f 1968//6 2092//6 2090//6
f 1970//6 2094//6 2092//6
f 1972//6 2096//6 2094//6
f 1974//6 2098//6 2096//6
f 1976//6 2100//6 2098//6
f 1978//6 2102//6 2100//6
f 1980//6 2104//6 2102//6
f 1982//6 2106//6 2104//6
f 1984//6 2108//6 2106//6
f 2016//6 2140//6 2108//6
f 2050//6 2174//6 2172//6
f 2052//6 2176//6 2174//6
f 2054//6 2178//6 2176//6
f 2056//6 2180//6 2178//6
f 2058//6 2182//6 2180//6
f 2060//6 2184//6 2182//6
f 2062//6 2186//6 2184//6
f 2064//6 2188//6 2186//6
f 2066//6 2190//6 2188//6
f 2068//6 2192//6 2190//6
f 2070//6 2194//6 2192//6
f 2072//6 2196//6 2194//6
f 2074//6 2198//6 2196//6
f 2076//6 2200//6 2198//6
f 2078//6 2202//6 2200//6
f 2080//6 2204//6 2202//6
f 2082//6 2206//6 2204//6
f 2084//6 2208//6 2206//6
f 2086//6 2210//6 2208//6
f 2088//6 2212//6 2210//6
f 2090//6 2214//6 2212//6
f 2092//6 2216//6 2214//6
f 2094//6 2218//6 2216//6
f 2096//6 2220//6 2218//6
f 2098//6 2222//6 2220//6
f 2100//6 2224//6 2222//6
f 2102//6 2226//6 2224//6
f 2104//6 2228//6 2226//6
f 2106//6 2230//6 2228//6
f 2108//6 2232//6 2230//6
f 2140//6 2264//6 2232//6
f 2174//6 2298//6 2296//6
f 2176//6 2300//6 2298//6
f 2178//6 2302//6 2300//6
f 2180//6 2304//6 2302//6
f 2182//6 2306//6 2304//6
f 2184//6 2308//6 2306//6
f 2186//6 2310//6 2308//6
f 2188//6 2312//6 2310//6
f 2190//6 2314//6 2312//6
f 2192//6 2316//6 2314//6
f 2194//6 2318//6 2316//6
f 2196//6 2320//6 2318//6
f 2198//6 2322//6 2320//6
f 2200//6 2324//6 2322//6
f 2202//6 2326//6 2324//6
f 2204//6 2328//6 2326//6
f 2206//6 2330//6 2328//6
f 2208//6 2332//6 2330//6
f 2210//6 2334//6 2332//6
f 2212//6 2336//6 2334//6
f 2214//6 2338//6 2336//6
f 2216//6 2340//6 2338//6
f 2218//6 2342//6 2340//6
f 2220//6 2344//6 2342//6
f 2222//6 2346//6 2344//6
f 2224//6 2348//6 2346//6
f 2226//6 2350//6 2348//6
f 2228//6 2352//6 2350//6
f 2230//6 2354//6 2352//6
f 2232//6 2356//6 2354//6
f 2264//6 2388//6 2356//6
f 2298//6 2422//6 2420//6
f 2300//6 2424//6 2422//6
f 2302//6 2426//6 2424//6
f 2304//6 2428//6 2426//6
f 2306//6 2430//6 2428//6
f 2308//6 2432//6 2430//6
f 2310//6 2434//6 2432//6
f 2312//6 2436//6 2434//6
f 2314//6 2438//6 2436//6
f 2316//6 2440//6 2438//6
f 2318//6 2442//6 2440//6
f 2320//6 2444//6 2442//6
f 2322//6 2446//6 2444//6
f 2324//6 2448//6 2446//6
f 2326//6 2450//6 2448//6
f 2328//6 2452//6 2450//6
f 2330//6 2454//6 2452//6
f 2332//6 2456//6 2454//6
f 2334//6 2458//6 2456//6
f 2336//6 2460//6 2458//6
f 2338//6 2462//6 2460//6
f 2340//6 2464//6 2462//6
f 2342//6 2466//6 2464//6
f 2344//6 2468//6 2466//6
f 2346//6 2470//6 2468//6
f 2348//6 2472//6 2470//6
f 2350//6 2474//6 2472//6
f 2352//6 2476//6 2474//6
f 2354//6 2478//6 2476//6
f 2356//6 2480//6 2478//6
f 2388//6 2512//6 2480//6
f 2422//6 2546//6 2544//6
f 2424//6 2548//6 2546//6
f 2426//6 2550//6 2548//6
f 2428//6 2552//6 2550//6
f 2430//6 2554//6 2552//6
f 2432//6 2556//6 2554//6
f 2434//6 2558//6 2556//6
f 2436//6 2560//6 2558//6
f 2438//6 2562//6 2560//6
f 2440//6 2564//6 2562//6
f 2442//6 2566//6 2564//6
f 2444//6 2568//6 2566//6
f 2446//6 2570//6 2568//6
f 2448//6 2572//6 2570//6
f 2450//6 2574//6 2572//6
f 2452//6 2576//6 2574//6
f 2454//6 2578//6 2576//6
f 2456//6 2580//6 2578//6
f 2458//6 2582//6 2580//6
f 2460//6 2584//6 2582//6
f 2462//6 2586//6 2584//6
f 2464//6 2588//6 2586//6
f 2466//6 2590//6 2588//6
f 2468//6 2592//6 2590//6
f 2470//6 2594//6 2592//6
f 2472//6 2596//6 2594//6
f 2474//6 2598//6 2596//6
f 2476//6 2600//6 2598//6
f 2478//6 2602//6 2600//6
f 2480//6 2604//6 2602//6
f 2512//6 2636//6 2604//6
f 2546//6 2670//6 2668//6
f 2548//6 2672//6 2670//6
f 2550//6 2674//6 2672//6
f 2552//6 2676//6 2674//6
f 2554//6 2678//6 2676//6
f 2556//6 2680//6 2678//6
f 2558//6 2682//6 2680//6
f 2560//6 2684//6 2682//6
f 2562//6 2686//6 2684//6
f 2564//6 2688//6 2686//6
f 2566//6 2690//6 2688//6
f 2568//6 2692//6 2690//6
f 2570//6 2694//6 2692//6
f 2572//6 2696//6 2694//6
f 2574//6 2698//6 2696//6
f 2576//6 2700//6 2698//6
f 2578//6 2702//6 2700//6
f 2580//6 2704//6 2702//6
f 2582//6 2706//6 2704//6
f 2584//6 2708//6 2706//6
f 2586//6 2710//6 2708//6
f 2588//6 2712//6 2710//6
f 2590//6 2714//6 2712//6
f 2592//6 2716//6 2714//6
f 2594//6 2718//6 2716//6
f 2596//6 2720//6 2718//6
f 2598//6 2722//6 2720//6
f 2600//6 2724//6 2722//6
f 2602//6 2726//6 2724//6
f 2604//6 2728//6 2726//6
f 2636//6 2760//6 2728//6
f 2670//6 2794//6 2792//6
f 2672//6 2796//6 2794//6
f 2674//6 2798//6 2796//6
f 2676//6 2800//6 2798//6
f 2678//6 2802//6 2800//6
f 2680//6 2804//6 2802//6
f 2682//6 2806//6 2804//6
f 2684//6 2808//6 2806//6
f 2686//6 2810//6 2808//6
f 2688//6 2812//6 2810//6
f 2690//6 2814//6 2812//6
f 2692//6 2816//6 2814//6
f 2694//6 2818//6 2816//6
f 2696//6 2820//6 2818//6
f 2698//6 2822//6 2820//6
f 2700//6 2824//6 2822//6
f 2702//6 2826//6 2824//6
f 2704//6 2828//6 2826//6
f 2706//6 2830//6 2828//6
f 2708//6 2832//6 2830//6
f 2710//6 2834//6 2832//6
f 2712//6 2836//6 2834//6
f 2714//6 2838//6 2836//6
f 2716//6 2840//6 2838//6
f 2718//6 2842//6 2840//6
f 2720//6 2844//6 2842//6
f 2722//6 2846//6 2844//6
f 2724//6 2848//6 2846//6
f 2726//6 2850//6 2848//6
f 2728//6 2852//6 2850//6
f 2760//6 2884//6 2852//6
f 2794//6 2918//6 2916//6
f 2796//6 2920//6 2918//6
f 2798//6 2922//6 2920//6
f 2800//6 2924//6 2922//6
f 2802//6 2926//6 2924//6
f 2804//6 2928//6 2926//6
f 2806//6 2930//6 2928//6
f 2808//6 2932//6 2930//6
f 2810//6 2934//6 2932//6
f 2812//6 2936//6 2934//6
f 2814//6 2938//6 2936//6
f 2816//6 2940//6 2938//6
f 2818//6 2942//6 2940//6
f 2820//6 2944//6 2942//6
f 2822//6 2946//6 2944//6
f 2824//6 2948//6 2946//6
f 2826//6 2950//6 2948//6
f 2828//6 2952//6 2950//6
f 2830//6 2954//6 2952//6
f 2832//6 2956//6 2954//6
f 2834//6 2958//6 2956//6
f 2836//6 2960//6 2958//6
f 2838//6 2962//6 2960//6
f 2840//6 2964//6 2962//6
f 2842//6 2966//6 2964//6
f 2844//6 2968//6 2966//6
f 2846//6 2970//6 2968//6
f 2848//6 2972//6 2970//6
f 2850//6 2974//6 2972//6
f 2852//6 2976//6 2974//6
f 2884//6 3008//6 2976//6
f 2918//6 3042//6 3040//6
f 2920//6 3044//6 3042//6
f 2922//6 3046//6 3044//6
f 2924//6 3048//6 3046//6
f 2926//6 3050//6 3048//6
f 2928//6 3052//6 3050//6
f 2930//6 3054//6 3052//6
f 2932//6 3056//6 3054//6
f 2934//6 3058//6 3056//6
f 2936//6 3060//6 3058//6
f 2938//6 3062//6 3060//6
f 2940//6 3064//6 3062//6
f 2942//6 3066//6 3064//6
f 2944//6 3068//6 3066//6
f 2946//6 3070//6 3068//6
f 2948//6 3072//6 3070//6
f 2950//6 3074//6 3072//6
f 2952//6 3076//6 3074//6
f 2954//6 3078//6 3076//6
f 2956//6 3080//6 3078//6
f 2958//6 3082//6 3080//6
f 2960//6 3084//6 3082//6
f 2962//6 3086//6 3084//6
f 2964//6 3088//6 3086//6
f 2966//6 3090//6 3088//6
f 2968//6 3092//6 3090//6
f 2970//6 3094//6 3092//6
f 2972//6 3096//6 3094//6
f 2974//6 3098//6 3096//6
f 2976//6 3100//6 3098//6
f 3008//6 3132//6 3100//6
f 3042//6 3166//6 3164//6
f 3044//6 3168//6 3166//6
f 3046//6 3170//6 3168//6
f 3048//6 3172//6 3170//6
f 3050//6 3174//6 3172//6
f 3052//6 3176//6 3174//6
f 3054//6 3178//6 3176//6
f 3056//6 3180//6 3178//6
f 3058//6 3182//6 3180//6
f 3060//6 3184//6 3182//6
f 3062//6 3186//6 3184//6
f 3064//6 3188//6 3186//6
f 3066//6 3190//6 3188//6
f 3068//6 3192//6 3190//6
f 3070//6 3194//6 3192//6
f 3072//6 3196//6 3194//6
f 3074//6 3198//6 3196//6
f 3076//6 3200//6 3198//6
f 3078//6 3202//6 3200//6
f 3080//6 3204//6 3202//6
f 3082//6 3206//6 3204//6
f 3084//6 3208//6 3206//6
f 3086//6 3210//6 3208//6
f 3088//6 3212//6 3210//6
f 3090//6 3214//6 3212//6
f 3092//6 3216//6 3214//6
f 3094//6 3218//6 3216//6
f 3096//6 3220//6 3218//6
f 3098//6 3222//6 3220//6
f 3100//6 3224//6 3222//6
f 3132//6 3256//6 3224//6
f 3166//6 3290//6 3288//6
f 3168//6 3292//6 3290//6
f 3170//6 3294//6 3292//6
f 3172//6 3296//6 3294//6
f 3174//6 3298//6 3296//6
f 3176//6 3300//6 3298//6
f 3178//6 3302//6 3300//6
f 3180//6 3304//6 3302//6
f 3182//6 3306//6 3304//6
f 3184//6 3308//6 3306//6
f 3186//6 3310//6 3308//6
f 3188//6 3312//6 3310//6
f 3190//6 3314//6 3312//6
f 3192//6 3316//6 3314//6
f 3194//6 3318//6 3316//6
f 3196//6 3320//6 3318//6
f 3198//6 3322//6 3320//6
f 3200//6 3324//6 3322//6
f 3202//6 3326//6 3324//6
f 3204//6 3328//6 3326//6
f 3206//6 3330//6 3328//6
f 3208//6 3332//6 3330//6
f 3210//6 3334//6 3332//6
f 3212//6 3336//6 3334//6
f 3214//6 3338//6 3336//6
f 3216//6 3340//6 3338//6
f 3218//6 3342//6 3340//6
f 3220//6 3344//6 3342//6
f 3222//6 3346//6 3344//6
f 3224//6 3348//6 3346//6
f 3256//6 3380//6 3348//6
f 3290//6 3414//6 3412//6
f 3292//6 3416//6 3414//6
f 3294//6 3418//6 3416//6
f 3296//6 3420//6 3418//6
f 3298//6 3422//6 3420//6
f 3300//6 3424//6 3422//6
f 3302//6 3426//6 3424//6
f 3304//6 3428//6 3426//6
f 3306//6 3430//6 3428//6
f 3308//6 3432//6 3430//6
f 3310//6 3434//6 3432//6
f 3312//6 3436//6 3434//6
f 3314//6 3438//6 3436//6
f 3316//6 3440//6 3438//6
f 3318//6 3442//6 3440//6
f 3320//6 3444//6 3442//6
f 3322//6 3446//6 3444//6
f 3324//6 3448//6 3446//6
f 3326//6 3450//6 3448//6
f 3328//6 3452//6 3450//6
f 3330//6 3454//6 3452//6
f 3332//6 3456//6 3454//6
f 3334//6 3458//6 3456//6
f 3336//6 3460//6 3458//6
f 3338//6 3462//6 3460//6
f 3340//6 3464//6 3462//6
f 3342//6 3466//6 3464//6
f 3344//6 3468//6 3466//6
f 3346//6 3470//6 3468//6
f 3348//6 3472//6 3470//6
f 3380//6 3504//6 3472//6
f 3414//6 3538//6 3536//6
f 3416//6 3540//6 3538//6
f 3418//6 3542//6 3540//6
f 3420//6 3544//6 3542//6
f 3422//6 3546//6 3544//6
f 3424//6 3548//6 3546//6
f 3426//6 3550//6 3548//6
f 3428//6 3552//6 3550//6
f 3430//6 3554//6 3552//6
f 3432//6 3556//6 3554//6
f 3434//6 3558//6 3556//6
f 3436//6 3560//6 3558//6
f 3438//6 3562//6 3560//6
f 3440//6 3564//6 3562//6
f 3442//6 3566//6 3564//6
f 3444//6 3568//6 3566//6
f 3446//6 3570//6 3568//6
f 3448//6 3572//6 3570//6
f 3450//6 3574//6 3572//6
f 3452//6 3576//6 3574//6
f 3454//6 3578//6 3576//6
f 3456//6 3580//6 3578//6
f 3458//6 3582//6 3580//6
f 3460//6 3584//6 3582//6
f 3462//6 3586//6 3584//6
f 3464//6 3588//6 3586//6
f 3466//6 3590//6 3588//6
f 3468//6 3592//6 3590//6
f 3470//6 3594//6 3592//6
f 3472//6 3596//6 3594//6
f 3504//6 3628//6 3596//6
f 3538//6 3662//6 3660//6
f 3540//6 3664//6 3662//6
f 3542//6 3666//6 3664//6
f 3544//6 3668//6 3666//6
f 3546//6 3670//6 3668//6
f 3548//6 3672//6 3670//6
f 3550//6 3674//6 3672//6
f 3552//6 3676//6 3674//6
f 3554//6 3678//6 3676//6
f 3556//6 3680//6 3678//6
f 3558//6 3682//6 3680//6
f 3560//6 3684//6 3682//6
f 3562//6 3686//6 3684//6
f 3564//6 3688//6 3686//6
f 3566//6 3690//6 3688//6
f 3568//6 3692//6 3690//6
f 3570//6 3694//6 3692//6
f 3572//6 3696//6 3694//6
f 3574//6 3698//6 3696//6
f 3576//6 3700//6 3698//6
f 3578//6 3702//6 3700//6
f 3580//6 3704//6 3702//6
f 3582//6 3706//6 3704//6
f 3584//6 3708//6 3706//6
f 3586//6 3710//6 3708//6
f 3588//6 3712//6 3710//6
f 3590//6 3714//6 3712//6
f 3592//6 3716//6 3714//6
f 3594//6 3718//6 3716//6
f 3596//6 3720//6 3718//6
f 3628//6 3752//6 3720//6
f 3662//6 3786//6 3784//6
f 3664//6 3788//6 3786//6
f 3666//6 3790//6 3788//6
f 3668//6 3792//6 3790//6
f 3670//6 3794//6 3792//6
f 3672//6 3796//6 3794//6
f 3674//6 3798//6 3796//6
f 3676//6 3800//6 3798//6
f 3678//6 3802//6 3800//6
f 3680//6 3804//6 3802//6
f 3682//6 3806//6 3804//6
f 3684//6 3808//6 3806//6
f 3686//6 3810//6 3808//6
f 3688//6 3812//6 3810//6
f 3690//6 3814//6 3812//6
f 3692//6 3816//6 3814//6
f 3694//6 3818//6 3816//6
f 3696//6 3820//6 3818//6
f 3698//6 3822//6 3820//6
f 3700//6 3824//6 3822//6
f 3702//6 3826//6 3824//6
f 3704//6 3828//6 3826//6
f 3706//6 3830//6 3828//6
f 3708//6 3832//6 3830//6
f 3710//6 3834//6 3832//6
f 3712//6 3836//6 3834//6
f 3714//6 3838//6 3836//6
f 3716//6 3840//6 3838//6
f 3718//6 3842//6 3840//6
f 3720//6 3844//6 3842//6
f 3752//6 3876//6 3844//6
f 3786//6 3910//6 3908//6
f 3788//6 3912//6 3910//6
f 3790//6 3914//6 3912//6
f 3792//6 3916//6 3914//6
f 3794//6 3918//6 3916//6
f 3796//6 3920//6 3918//6
f 3798//6 3922//6 3920//6
f 3800//6 3924//6 3922//6
f 3802//6 3926//6 3924//6
f 3804//6 3928//6 3926//6
f 3806//6 3930//6 3928//6
f 3808//6 3932//6 3930//6
f 3810//6 3934//6 3932//6
f 3812//6 3936//6 3934//6
f 3814//6 3938//6 3936//6
f 3816//6 3940//6 3938//6
f 3818//6 3942//6 3940//6
f 3820//6 3944//6 3942//6
f 3822//6 3946//6 3944//6
f 3824//6 3948//6 3946//6
f 3826//6 3950//6 3948//6
f 3828//6 3952//6 3950//6
f 3830//6 3954//6 3952//6
f 3832//6 3956//6 3954//6
f 3834//6 3958//6 3956//6
f 3836//6 3960//6 3958//6
f 3838//6 3962//6 3960//6
f 3840//6 3964//6 3962//6
f 3842//6 3966//6 3964//6
f 3844//6 3968//6 3966//6
f 3876//6 4000//6 3968//6
f 3910//6 4034//6 4032//6
f 3912//6 4036//6 4034//6
f 3914//6 4038//6 4036//6
f 3916//6 4040//6 4038//6
f 3918//6 4042//6 4040//6
f 3920//6 4044//6 4042//6
f 3922//6 4046//6 4044//6
f 3924//6 4048//6 4046//6
f 3926//6 4050//6 4048//6
f 3928//6 4052//6 4050//6
f 3930//6 4054//6 4052//6
f 3932//6 4056//6 4054//6
f 3934//6 4058//6 4056//6
f 3936//6 4060//6 4058//6
f 3938//6 4062//6 4060//6
f 3940//6 4064//6 4062//6
f 3942//6 4066//6 4064//6
f 3944//6 4068//6 4066//6
f 3946//6 4070//6 4068//6
f 3948//6 4072//6 4070//6
f 3950//6 4074//6 4072//6
f 3952//6 4076//6 4074//6
f 3954//6 4078//6 4076//6
f 3956//6 4080//6 4078//6
f 3958//6 4082//6 4080//6
f 3960//6 4084//6 4082//6
f 3962//6 4086//6 4084//6
f 3964//6 4088//6 4086//6
f 3966//6 4090//6 4088//6
f 3968//6 4092//6 4090//6
f 4000//6 4124//6 4092//6
f 4034//6 4158//6 4156//6
f 4036//6 4160//6 4158//6
f 4038//6 4162//6 4160//6
f 4040//6 4164//6 4162//6
f 4042//6 4166//6 4164//6
f 4044//6 4168//6 4166//6
f 4046//6 4170//6 4168//6
f 4048//6 4172//6 4170//6
f 4050//6 4174//6 4172//6
f 4052//6 4176//6 4174//6
f 4054//6 4178//6 4176//6
f 4056//6 4180//6 4178//6
f 4058//6 4182//6 4180//6
f 4060//6 4184//6 4182//6
f 4062//6 4186//6 4184//6
f 4064//6 4188//6 4186//6
f 4066//6 4190//6 4188//6
f 4068//6 4192//6 4190//6
f 4070//6 4194//6 4192//6
f 4072//6 4196//6 4194//6
f 4074//6 4198//6 4196//6
f 4076//6 4200//6 4198//6
f 4078//6 4202//6 4200//6
f 4080//6 4204//6 4202//6
f 4082//6 4206//6 4204//6
f 4084//6 4208//6 4206//6
f 4086//6 4210//6 4208//6
f 4088//6 4212//6 4210//6
f 4090//6 4214//6 4212//6
f 4092//6 4216//6 4214//6
f 4124//6 4248//6 4216//6
f 4158//6 4282//6 4280//6
f 4160//6 4284//6 4282//6
f 4162//6 4286//6 4284//6
f 4164//6 4288//6 4286//6
f 4166//6 4290//6 4288//6
f 4168//6 4292//6 4290//6
f 4170//6 4294//6 4292//6
f 4172//6 4296//6 4294//6
f 4174//6 4298//6 4296//6
f 4176//6 4300//6 4298//6
f 4178//6 4302//6 4300//6
f 4180//6 4304//6 4302//6
f 4182//6 4306//6 4304//6
f 4184//6 4308//6 4306//6
f 4186//6 4310//6 4308//6
f 4188//6 4312//6 4310//6
f 4190//6 4314//6 4312//6
f 4192//6 4316//6 4314//6
f 4194//6 4318//6 4316//6
f 4196//6 4320//6 4318//6
f 4198//6 4322//6 4320//6
f 4200//6 4324//6 4322//6
f 4202//6 4326//6 4324//6
f 4204//6 4328//6 4326//6
f 4206//6 4330//6 4328//6
f 4208//6 4332//6 4330//6
f 4210//6 4334//6 4332//6
f 4212//6 4336//6 4334//6
f 4214//6 4338//6 4336//6
f 4216//6 4340//6 4338//6
f 4248//6 4372//6 4340//6
f 4282//6 4406//6 4404//6
f 4284//6 4408//6 4406//6
f 4286//6 4410//6 4408//6
f 4288//6 4412//6 4410//6
f 4290//6 4414//6 4412//6
f 4292//6 4416//6 4414//6
f 4294//6 4418//6 4416//6
f 4296//6 4420//6 4418//6
f 4298//6 4422//6 4420//6
f 4300//6 4424//6 4422//6
f 4302//6 4426//6 4424//6
f 4304//6 4428//6 4426//6
f 4306//6 4430//6 4428//6
f 4308//6 4432//6 4430//6
f 4310//6 4434//6 4432//6
f 4312//6 4436//6 4434//6
f 4314//6 4438//6 4436//6
f 4316//6 4440//6 4438//6
f 4318//6 4442//6 4440//6
f 4320//6 4444//6 4442//6
f 4322//6 4446//6 4444//6
f 4324//6 4448//6 4446//6
f 4326//6 4450//6 4448//6
f 4328//6 4452//6 4450//6
f 4330//6 4454//6 4452//6
f 4332//6 4456//6 4454//6
f 4334//6 4458//6 4456//6
f 4336//6 4460//6 4458//6
f 4338//6 4462//6 4460//6
f 4340//6 4464//6 4462//6
f 4372//6 4496//6 4464//6
f 4406//6 4530//6 4528//6
f 4408//6 4532//6 4530//6
f 4410//6 4534//6 4532//6
f 4412//6 4536//6 4534//6
f 4414//6 4538//6 4536//6
f 4416//6 4540//6 4538//6
f 4418//6 4542//6 4540//6
f 4420//6 4544//6 4542//6
f 4422//6 4546//6 4544//6
f 4424//6 4548//6 4546//6
f 4426//6 4550//6 4548//6
f 4428//6 4552//6 4550//6
f 4430//6 4554//6 4552//6
f 4432//6 4556//6 4554//6
f 4434//6 4558//6 4556//6
f 4436//6 4560//6 4558//6
f 4438//6 4562//6 4560//6
f 4440//6 4564//6 4562//6
f 4442//6 4566//6 4564//6
f 4444//6 4568//6 4566//6
f 4446//6 4570//6 4568//6
f 4448//6 4572//6 4570//6
f 4450//6 4574//6 4572//6
f 4452//6 4576//6 4574//6
f 4454//6 4578//6 4576//6
f 4456//6 4580//6 4578//6
f 4458//6 4582//6 4580//6
f 4460//6 4584//6 4582//6
f 4462//6 4586//6 4584//6
f 4464//6 4588//6 4586//6
f 4496//6 4620//6 4588//6
f 4530//6 4654//6 4652//6
f 4532//6 4656//6 4654//6
f 4534//6 4658//6 4656//6
f 4536//6 4660//6 4658//6
f 4538//6 4662//6 4660//6
f 4540//6 4664//6 4662//6
f 4542//6 4666//6 4664//6
f 4544//6 4668//6 4666//6
f 4546//6 4670//6 4668//6
f 4548//6 4672//6 4670//6
f 4550//6 4674//6 4672//6
f 4552//6 4676//6 4674//6
f 4554//6 4678//6 4676//6
f 4556//6 4680//6 4678//6
f 4558//6 4682//6 4680//6
f 4560//6 4684//6 4682//6
f 4562//6 4686//6 4684//6
f 4564//6 4688//6 4686//6
f 4566//6 4690//6 4688//6
f 4568//6 4692//6 4690//6
f 4570//6 4694//6 4692//6
f 4572//6 4696//6 4694//6
f 4574//6 4698//6 4696//6
f 4576//6 4700//6 4698//6
f 4578//6 4702//6 4700//6
f 4580//6 4704//6 4702//6
f 4582//6 4706//6 4704//6
f 4584//6 4708//6 4706//6
f 4586//6 4710//6 4708//6
f 4588//6 4712//6 4710//6
f 4620//6 4744//6 4712//6
f 4654//6 4808//6 4776//6
f 4656//6 4840//6 4808//6
f 4658//6 4872//6 4840//6
f 4660//6 4904//6 4872//6
f 4662//6 4936//6 4904//6
f 4664//6 4968//6 4936//6
f 4666//6 5000//6 4968//6
f 4668//6 5032//6 5000//6
f 4670//6 5064//6 5032//6
f 4672//6 5096//6 5064//6
f 4674//6 5128//6 5096//6
f 4676//6 5160//6 5128//6
f 4678//6 5192//6 5160//6
f 4680//6 5224//6 5192//6
f 4682//6 5256//6 5224//6
f 4684//6 5288//6 5256//6
f 4686//6 5320//6 5288//6
f 4688//6 5352//6 5320//6
f 4690//6 5384//6 5352//6
f 4692//6 5416//6 5384//6
f 4694//6 5448//6 5416//6
f 4696//6 5480//6 5448//6
f 4698//6 5512//6 5480//6
f 4700//6 5544//6 5512//6
f 4702//6 5576//6 5544//6
f 4704//6 5608//6 5576//6
f 4706//6 5640//6 5608//6
f 4708//6 5672//6 5640//6
f 4710//6 5704//6 5672//6
f 4712//6 5736//6 5704//6
f 4744//6 5768//6 5736//6
